競輪場,レース番号,レースタイトル,開始時間,車_番,選手名,競走得点,prediction_score,predicted_label_0.4,prediction_label
取手競輪,1R,Ａ級一般,08:30,7,竹内 優也,82.55,0.49939999999999996,1,0
取手競輪,1R,Ａ級一般,08:30,1,阿部 充宏,82.14,0.4386,1,0
取手競輪,1R,Ａ級一般,08:30,3,岩崎 将士,86.23,0.35729999999999995,0,0
取手競輪,1R,Ａ級一般,08:30,2,矢内 良和,81.18,0.3507,0,0
取手競輪,1R,Ａ級一般,08:30,4,吉成 貴博,82.05,0.3127,0,0
取手競輪,1R,Ａ級一般,08:30,5,伊藤 一貴,78.36,0.1975,0,0
取手競輪,1R,Ａ級一般,08:30,6,藤原 清隆,74.43,0.17930000000000001,0,0
青森競輪,1R,チャレンジ一般,08:40,3,中山 敬太郎,74.33,0.47440000000000004,1,0
青森競輪,1R,チャレンジ一般,08:40,4,南 和夫,66.5,0.45740000000000003,1,0
青森競輪,1R,チャレンジ一般,08:40,5,大崎 龍一郎,70.6,0.4435,1,0
青森競輪,1R,チャレンジ一般,08:40,1,関谷 哲平,69.73,0.43600000000000005,1,0
青森競輪,1R,チャレンジ一般,08:40,2,和泉田 喜一,66.33,0.1693,0,0
取手競輪,2R,Ａ級一般,08:50,1,高山 雄丞,83.33,0.4081,1,0
取手競輪,2R,Ａ級一般,08:50,2,飯尾 主税,87.13,0.39980000000000004,0,0
取手競輪,2R,Ａ級一般,08:50,7,山原 利秀,80.89,0.3608,0,0
取手競輪,2R,Ａ級一般,08:50,4,野本 翔太,88.22,0.33430000000000004,0,0
取手競輪,2R,Ａ級一般,08:50,6,佐藤 和典,74.44,0.2116,0,0
取手競輪,2R,Ａ級一般,08:50,5,櫻川 雅彦,80.93,0.20730000000000004,0,0
取手競輪,2R,Ａ級一般,08:50,3,渡邊 政幸,77.8,0.19089999999999996,0,0
青森競輪,2R,チャレンジ一般,09:00,1,重 一徳,76.76,0.48329999999999995,1,0
青森競輪,2R,チャレンジ一般,09:00,4,水木 裕聡,68.66,0.48119999999999996,1,0
青森競輪,2R,チャレンジ一般,09:00,5,岡田 大門,68.76,0.3284,0,0
青森競輪,2R,チャレンジ一般,09:00,6,五反田 豊和,67.51,0.3135,0,0
青森競輪,2R,チャレンジ一般,09:00,2,柴田 昌樹,67.78,0.2558,0,0
青森競輪,2R,チャレンジ一般,09:00,3,三澤 勝成,68.45,0.23029999999999995,0,0
取手競輪,3R,Ａ級一般,09:10,7,石田 洋秀,85.4,0.4244,1,0
取手競輪,3R,Ａ級一般,09:10,1,鈴木 達也,83.54,0.37570000000000003,0,0
取手競輪,3R,Ａ級一般,09:10,3,星島 太,84.33,0.3167,0,0
取手競輪,3R,Ａ級一般,09:10,4,山崎 航,88.39,0.3114,0,0
取手競輪,3R,Ａ級一般,09:10,5,大橋 直人,81.5,0.24509999999999998,0,0
取手競輪,3R,Ａ級一般,09:10,2,須賀 和彦,77.57,0.18979999999999997,0,0
取手競輪,3R,Ａ級一般,09:10,6,石田 宏樹,70.84,0.06499999999999995,0,0
青森競輪,3R,チャレンジ選抜,09:20,4,内村 竜也,72.41,0.47850000000000004,1,0
青森競輪,3R,チャレンジ選抜,09:20,1,清水 健次,68.37,0.46430000000000005,1,0
青森競輪,3R,チャレンジ選抜,09:20,3,林 洋二,72.66,0.4465,1,0
青森競輪,3R,チャレンジ選抜,09:20,7,小林 高志,68.36,0.3944,0,0
青森競輪,3R,チャレンジ選抜,09:20,5,梶山 大輔,68.2,0.3631,0,0
青森競輪,3R,チャレンジ選抜,09:20,2,上原 直樹,70.17,0.3204,0,0
青森競輪,3R,チャレンジ選抜,09:20,6,菅原 洋輔,66.2,0.17720000000000002,0,0
取手競輪,4R,Ａ級特選,09:30,2,阿部 架惟都,91.94,0.4074,1,0
取手競輪,4R,Ａ級特選,09:30,4,板崎 佑矢,85.3,0.3871,0,0
取手競輪,4R,Ａ級特選,09:30,7,安東 英博,83.1,0.32830000000000004,0,0
取手競輪,4R,Ａ級特選,09:30,1,植草 亮介,88.58,0.31920000000000004,0,0
取手競輪,4R,Ａ級特選,09:30,3,横内 裕人,86.83,0.3076,0,0
取手競輪,4R,Ａ級特選,09:30,5,山口 茂,82.86,0.27690000000000003,0,0
取手競輪,4R,Ａ級特選,09:30,6,佐藤 悦夫,0.0,0.13929999999999998,0,0
青森競輪,4R,チャレンジ選抜,09:40,5,小西 芳樹,77.83,0.4256,1,0
青森競輪,4R,チャレンジ選抜,09:40,7,大山 泰伸,68.53,0.3982,0,0
青森競輪,4R,チャレンジ選抜,09:40,1,村瀬 大和,80.48,0.31220000000000003,0,0
青森競輪,4R,チャレンジ選抜,09:40,2,真船 拓磨,68.66,0.3077,0,0
青森競輪,4R,チャレンジ選抜,09:40,3,廣川 貞治,67.52,0.2057,0,0
青森競輪,4R,チャレンジ選抜,09:40,4,片山 大輔,68.11,0.20240000000000002,0,0
青森競輪,4R,チャレンジ選抜,09:40,6,原 司,66.38,0.11060000000000003,0,0
取手競輪,5R,Ａ級特選,09:50,2,中井 達郎,90.11,0.4871,1,0
取手競輪,5R,Ａ級特選,09:50,7,藤原 亮太,80.64,0.358,0,0
取手競輪,5R,Ａ級特選,09:50,4,八谷 誠賢,90.08,0.3427,0,0
取手競輪,5R,Ａ級特選,09:50,1,合志 正臣,91.73,0.31520000000000004,0,0
取手競輪,5R,Ａ級特選,09:50,5,八嶋 稔真,83.64,0.22309999999999997,0,0
取手競輪,5R,Ａ級特選,09:50,3,田村 真広,85.83,0.22209999999999996,0,0
取手競輪,5R,Ａ級特選,09:50,6,本馬 鎌,75.22,0.07310000000000005,0,0
青森競輪,5R,チャレンジ準決勝,10:00,4,齊藤 紳一朗,74.54,0.42800000000000005,1,0
青森競輪,5R,チャレンジ準決勝,10:00,2,大越 啓介,79.7,0.4034,1,0
青森競輪,5R,チャレンジ準決勝,10:00,5,山田 純也,80.12,0.38639999999999997,0,0
青森競輪,5R,チャレンジ準決勝,10:00,3,小野 俊之,77.64,0.3025,0,0
青森競輪,5R,チャレンジ準決勝,10:00,6,邊見 斎,68.24,0.26480000000000004,0,0
青森競輪,5R,チャレンジ準決勝,10:00,7,村松 俊弥,70.29,0.23350000000000004,0,0
青森競輪,5R,チャレンジ準決勝,10:00,1,三浦 生誠,70.5,0.2217,0,0
取手競輪,6R,Ａ級特選,10:10,4,梅山 英樹,87.33,0.37549999999999994,0,0
取手競輪,6R,Ａ級特選,10:10,2,三浦 雄大,92.26,0.36550000000000005,0,0
取手競輪,6R,Ａ級特選,10:10,7,上川 直紀,90.21,0.35209999999999997,0,0
取手競輪,6R,Ａ級特選,10:10,1,小林 令,97.5,0.28280000000000005,0,0
取手競輪,6R,Ａ級特選,10:10,5,梶原 恵介,85.87,0.23319999999999996,0,0
取手競輪,6R,Ａ級特選,10:10,3,川野 深,84.62,0.17400000000000004,0,0
取手競輪,6R,Ａ級特選,10:10,6,相笠 翔太,82.89,0.13780000000000003,0,0
青森競輪,6R,チャレンジ準決勝,10:20,3,中込 健太,80.38,0.4536,1,0
青森競輪,6R,チャレンジ準決勝,10:20,5,土屋 宏,73.8,0.4525,1,0
青森競輪,6R,チャレンジ準決勝,10:20,7,亀井 宏佳,73.92,0.4395,1,0
青森競輪,6R,チャレンジ準決勝,10:20,4,中川 飛隆,73.2,0.399,0,0
青森競輪,6R,チャレンジ準決勝,10:20,1,加藤 昌平,70.3,0.24309999999999998,0,0
青森競輪,6R,チャレンジ準決勝,10:20,6,大室 翔,68.87,0.1985,0,0
青森競輪,6R,チャレンジ準決勝,10:20,2,高森 圭介,69.07,0.19320000000000004,0,0
取手競輪,7R,Ａ級決勝,10:30,4,滝本 幸正,94.45,0.4726,1,0
取手競輪,7R,Ａ級決勝,10:30,2,荒川 仁,89.77,0.44110000000000005,1,0
取手競輪,7R,Ａ級決勝,10:30,7,石橋 慎太郎,91.2,0.4204,1,0
取手競輪,7R,Ａ級決勝,10:30,3,神山 尚,90.15,0.4104,1,0
取手競輪,7R,Ａ級決勝,10:30,5,高塩 讓次,95.58,0.4024,1,0
取手競輪,7R,Ａ級決勝,10:30,1,小林 申太,89.32,0.40149999999999997,1,0
取手競輪,7R,Ａ級決勝,10:30,6,野間 司,86.16,0.23860000000000003,0,0
青森競輪,7R,チャレンジ準決勝,10:40,5,大塚 城,77.33,0.41579999999999995,1,0
青森競輪,7R,チャレンジ準決勝,10:40,4,邊見 祐太,73.32,0.30820000000000003,0,0
青森競輪,7R,チャレンジ準決勝,10:40,3,川上 真二郎,80.23,0.2952,0,0
青森競輪,7R,チャレンジ準決勝,10:40,1,畠山 裕行,77.85,0.2925,0,0
青森競輪,7R,チャレンジ準決勝,10:40,2,成海 大聖,84.66,0.2824,0,0
青森競輪,7R,チャレンジ準決勝,10:40,7,山中 貴雄,78.0,0.2218,0,0
青森競輪,7R,チャレンジ準決勝,10:40,6,藤田 晃英,68.27,0.20940000000000003,0,0
熊本競輪,1R,Ａ級予選,10:45,1,中武 三四郎,87.24,0.4525,1,0
熊本競輪,1R,Ａ級予選,10:45,7,西村 行貴,89.03,0.41900000000000004,1,0
熊本競輪,1R,Ａ級予選,10:45,2,土屋 仁,78.79,0.4183,1,0
熊本競輪,1R,Ａ級予選,10:45,5,川木 敬大,86.9,0.40690000000000004,1,0
熊本競輪,1R,Ａ級予選,10:45,4,夏目 新吾,85.66,0.23660000000000003,0,0
熊本競輪,1R,Ａ級予選,10:45,3,高鍋 邦彰,80.51,0.17179999999999995,0,0
熊本競輪,1R,Ａ級予選,10:45,6,廣田 樹里,74.27,0.13859999999999995,0,0
豊橋競輪,1R,Ａ級一般,10:53,6,清水 邦章,83.77,0.44910000000000005,1,0
豊橋競輪,1R,Ａ級一般,10:53,2,吉田 優斗,78.05,0.39580000000000004,0,0
豊橋競輪,1R,Ａ級一般,10:53,1,服部 竜二,74.88,0.39549999999999996,0,0
豊橋競輪,1R,Ａ級一般,10:53,3,船曳 義之,80.78,0.391,0,0
豊橋競輪,1R,Ａ級一般,10:53,5,奥出 健士郎,83.77,0.3294,0,0
豊橋競輪,1R,Ａ級一般,10:53,4,加美山 隆行,71.29,0.1572,0,0
岸和田競輪,1R,チャレンジ一般,11:01,1,花田 雄飛,68.71,0.49570000000000003,1,0
岸和田競輪,1R,チャレンジ一般,11:01,3,竜門 孝宗,67.5,0.42510000000000003,1,0
岸和田競輪,1R,チャレンジ一般,11:01,5,宮西 翼,73.28,0.3659,0,0
岸和田競輪,1R,チャレンジ一般,11:01,2,小林 和彦,72.29,0.3347,0,0
岸和田競輪,1R,チャレンジ一般,11:01,4,木村 健司,62.57,0.10940000000000005,0,0
熊本競輪,2R,Ａ級予選,11:10,1,安東 宏高,85.11,0.40080000000000005,1,0
熊本競輪,2R,Ａ級予選,11:10,3,水谷 将司,83.93,0.3933,0,0
熊本競輪,2R,Ａ級予選,11:10,4,米村 光星,82.77,0.37660000000000005,0,0
熊本競輪,2R,Ａ級予選,11:10,2,藤田 洋平,81.66,0.28459999999999996,0,0
熊本競輪,2R,Ａ級予選,11:10,7,松本 卓也,87.9,0.2633,0,0
熊本競輪,2R,Ａ級予選,11:10,5,内村 泰三,80.04,0.24009999999999998,0,0
熊本競輪,2R,Ａ級予選,11:10,6,石貞 有基,79.5,0.11050000000000004,0,0
豊橋競輪,2R,Ａ級一般,11:19,4,四宮 哲郎,81.91,0.32630000000000003,0,0
豊橋競輪,2R,Ａ級一般,11:19,7,田村 風起,84.25,0.29979999999999996,0,0
豊橋競輪,2R,Ａ級一般,11:19,3,藤野 貴章,84.3,0.29910000000000003,0,0
豊橋競輪,2R,Ａ級一般,11:19,1,猪狩 祐樹,92.08,0.2954,0,0
豊橋競輪,2R,Ａ級一般,11:19,5,岩崎 大和,80.9,0.2593,0,0
豊橋競輪,2R,Ａ級一般,11:19,6,松尾 大樹,76.0,0.2529,0,0
豊橋競輪,2R,Ａ級一般,11:19,2,表 大暁,80.66,0.1986,0,0
岸和田競輪,2R,チャレンジ一般,11:28,5,白崎 芳典,77.54,0.49729999999999996,1,0
岸和田競輪,2R,チャレンジ一般,11:28,2,磯村 蓮太,71.07,0.49329999999999996,1,0
岸和田競輪,2R,チャレンジ一般,11:28,1,市川 博章,68.66,0.44189999999999996,1,0
岸和田競輪,2R,チャレンジ一般,11:28,3,須々田 大昇,66.03,0.3056,0,0
岸和田競輪,2R,チャレンジ一般,11:28,4,黒木 誠一,67.13,0.2593,0,0
岸和田競輪,2R,チャレンジ一般,11:28,6,藤本 龍也,70.33,0.24729999999999996,0,0
熊本競輪,3R,Ａ級予選,11:37,1,田川 翔琉,87.95,0.4679,1,0
熊本競輪,3R,Ａ級予選,11:37,7,山本 隼人,86.83,0.42310000000000003,1,0
熊本競輪,3R,Ａ級予選,11:37,3,野村 純宏,86.73,0.4195,1,0
熊本競輪,3R,Ａ級予選,11:37,4,小原 将通,89.33,0.35040000000000004,0,0
熊本競輪,3R,Ａ級予選,11:37,2,松岡 晋乃介,83.51,0.2551,0,0
熊本競輪,3R,Ａ級予選,11:37,5,川口 秀人,80.25,0.2532,0,0
熊本競輪,3R,Ａ級予選,11:37,6,小林 大能,69.56,0.10619999999999996,0,0
豊橋競輪,3R,Ａ級特選,11:46,1,谷口 幸司,87.7,0.4841,1,0
豊橋競輪,3R,Ａ級特選,11:46,3,伊豆田 浩人,94.14,0.4728,1,0
豊橋競輪,3R,Ａ級特選,11:46,4,船瀬 惇平,87.36,0.3328,0,0
豊橋競輪,3R,Ａ級特選,11:46,7,金田 涼馬,87.35,0.29469999999999996,0,0
豊橋競輪,3R,Ａ級特選,11:46,6,望月 裕一郎,74.03,0.23140000000000005,0,0
豊橋競輪,3R,Ａ級特選,11:46,2,戸塚 涼介,83.61,0.21640000000000004,0,0
豊橋競輪,3R,Ａ級特選,11:46,5,白川 有司,80.58,0.15810000000000002,0,0
岸和田競輪,3R,チャレンジ準決勝,11:55,4,北川 紋部,80.83,0.4767,1,0
岸和田競輪,3R,チャレンジ準決勝,11:55,5,浜田 翔平,68.87,0.43010000000000004,1,0
岸和田競輪,3R,チャレンジ準決勝,11:55,2,土生 智徳,72.16,0.42110000000000003,1,0
岸和田競輪,3R,チャレンジ準決勝,11:55,1,飯田 威文,71.59,0.3677,0,0
岸和田競輪,3R,チャレンジ準決勝,11:55,3,前川 裕希,78.37,0.2902,0,0
岸和田競輪,3R,チャレンジ準決勝,11:55,7,橋本 祐司,68.54,0.1814,0,0
岸和田競輪,3R,チャレンジ準決勝,11:55,6,今村 俊雄,66.5,0.06730000000000003,0,0
熊本競輪,4R,Ａ級予選,12:04,2,松山 桂輔,85.07,0.44020000000000004,1,0
熊本競輪,4R,Ａ級予選,12:04,1,岩本 純,87.23,0.40449999999999997,1,0
熊本競輪,4R,Ａ級予選,12:04,5,近藤 雄太,90.17,0.3771,0,0
熊本競輪,4R,Ａ級予選,12:04,3,山田 和巧,84.52,0.3417,0,0
熊本競輪,4R,Ａ級予選,12:04,6,森崎 英登,77.5,0.19199999999999995,0,0
熊本競輪,4R,Ａ級予選,12:04,7,川上 修平,80.4,0.1825,0,0
熊本競輪,4R,Ａ級予選,12:04,4,荻野 哲,80.77,0.10209999999999997,0,0
豊橋競輪,4R,Ａ級特選,12:13,7,矢島 一弥,93.64,0.49670000000000003,1,0
豊橋競輪,4R,Ａ級特選,12:13,3,高井 流星,88.3,0.45709999999999995,1,0
豊橋競輪,4R,Ａ級特選,12:13,4,池田 浩士,89.62,0.43999999999999995,1,0
豊橋競輪,4R,Ａ級特選,12:13,5,船山 真生,82.08,0.4041,1,0
豊橋競輪,4R,Ａ級特選,12:13,1,原井 剣也,87.63,0.29969999999999997,0,0
豊橋競輪,4R,Ａ級特選,12:13,2,佐々木 吉徳,87.3,0.27059999999999995,0,0
豊橋競輪,4R,Ａ級特選,12:13,6,細川 貴史,80.87,0.12270000000000003,0,0
岸和田競輪,4R,チャレンジ準決勝,12:22,3,陶器 一馬,71.93,0.4647,1,0
岸和田競輪,4R,チャレンジ準決勝,12:22,2,森川 剛,78.8,0.3964,0,0
岸和田競輪,4R,チャレンジ準決勝,12:22,5,杉山 正和,70.0,0.38660000000000005,0,0
岸和田競輪,4R,チャレンジ準決勝,12:22,6,吉野 猛,67.0,0.3749,0,0
岸和田競輪,4R,チャレンジ準決勝,12:22,7,山本 淳,77.66,0.3407,0,0
岸和田競輪,4R,チャレンジ準決勝,12:22,1,西森 一稀,76.83,0.30779999999999996,0,0
岸和田競輪,4R,チャレンジ準決勝,12:22,4,島田 茂希,70.33,0.2239,0,0
熊本競輪,5R,Ａ級初日特選,12:31,4,菊池 竣太朗,91.2,0.4709,1,0
熊本競輪,5R,Ａ級初日特選,12:31,1,鹿内 翔,94.45,0.469,1,0
熊本競輪,5R,Ａ級初日特選,12:31,2,津村 洸次郎,100.61,0.35340000000000005,0,0
熊本競輪,5R,Ａ級初日特選,12:31,3,吉田 裕全,93.35,0.2649,0,0
熊本競輪,5R,Ａ級初日特選,12:31,5,前川 大輔,91.09,0.2469,0,0
熊本競輪,5R,Ａ級初日特選,12:31,7,大槇 大介,90.91,0.20279999999999998,0,0
熊本競輪,5R,Ａ級初日特選,12:31,6,小榑 佑弥,90.9,0.16600000000000004,0,0
豊橋競輪,5R,Ｓ級一般,12:40,6,今野 有樹,98.84,0.47940000000000005,1,0
豊橋競輪,5R,Ｓ級一般,12:40,4,内山 雅貴,97.75,0.4648,1,0
豊橋競輪,5R,Ｓ級一般,12:40,3,山本 紳貴,97.94,0.45640000000000003,1,0
豊橋競輪,5R,Ｓ級一般,12:40,2,舘 泰守,91.68,0.38049999999999995,0,0
豊橋競輪,5R,Ｓ級一般,12:40,1,小玉 拓真,91.27,0.237,0,0
豊橋競輪,5R,Ｓ級一般,12:40,5,林 敬宏,91.33,0.19369999999999998,0,0
岸和田競輪,5R,ガールズ予選２,12:49,3,豊田 美香,51.41,0.49570000000000003,1,0
岸和田競輪,5R,ガールズ予選２,12:49,5,下条 未悠,51.91,0.38360000000000005,0,0
岸和田競輪,5R,ガールズ予選２,12:49,7,戸田 瑞姫,50.23,0.344,0,0
岸和田競輪,5R,ガールズ予選２,12:49,6,石田 春海,48.75,0.1795,0,0
岸和田競輪,5R,ガールズ予選２,12:49,1,蓑田 真璃,47.77,0.14980000000000004,0,0
岸和田競輪,5R,ガールズ予選２,12:49,2,星野 しほ,46.58,0.05520000000000003,0,0
岸和田競輪,5R,ガールズ予選２,12:49,4,太田 美穂,54.6,0.041100000000000025,0,0
熊本競輪,6R,Ｓ級予選,12:59,2,岡田 征陽,99.8,0.482,1,0
熊本競輪,6R,Ｓ級予選,12:59,1,上杉 嘉槻,100.84,0.3992,0,0
熊本競輪,6R,Ｓ級予選,12:59,4,鷲田 幸司,101.11,0.39239999999999997,0,0
熊本競輪,6R,Ｓ級予選,12:59,3,小橋 秀幸,97.9,0.2582,0,0
熊本競輪,6R,Ｓ級予選,12:59,6,鈴木 謙太郎,94.56,0.20630000000000004,0,0
熊本競輪,6R,Ｓ級予選,12:59,7,伊藤 世哉,94.66,0.2005,0,0
熊本競輪,6R,Ｓ級予選,12:59,5,小野 大介,96.3,0.1904,0,0
豊橋競輪,6R,Ｓ級一般,13:09,4,内藤 高裕,98.78,0.4849,1,0
豊橋競輪,6R,Ｓ級一般,13:09,2,近藤 翔馬,100.16,0.474,1,0
豊橋競輪,6R,Ｓ級一般,13:09,6,高原 仁志,102.07,0.45930000000000004,1,0
豊橋競輪,6R,Ｓ級一般,13:09,5,開坂 秀明,93.06,0.45130000000000003,1,0
豊橋競輪,6R,Ｓ級一般,13:09,3,内山 慧大,87.96,0.34009999999999996,0,0
豊橋競輪,6R,Ｓ級一般,13:09,1,梁島 邦友,93.48,0.2943,0,0
岸和田競輪,6R,ガールズ予選２,13:19,2,伊藤 のぞみ,50.22,0.49629999999999996,1,0
岸和田競輪,6R,ガールズ予選２,13:19,3,今西 瑠花,49.33,0.4013,1,0
岸和田競輪,6R,ガールズ予選２,13:19,5,五味田 奈穂,52.83,0.1935,0,0
岸和田競輪,6R,ガールズ予選２,13:19,4,近澤 諒香,47.42,0.1612,0,0
岸和田競輪,6R,ガールズ予選２,13:19,7,大和 久保美,47.62,0.13739999999999997,0,0
岸和田競輪,6R,ガールズ予選２,13:19,6,細田 愛未,55.41,0.10250000000000004,0,0
岸和田競輪,6R,ガールズ予選２,13:19,1,木下 宙,44.96,0.027699999999999947,0,0
熊本競輪,7R,Ｓ級予選,13:29,3,昼田 達哉,101.72,0.4607,1,0
熊本競輪,7R,Ｓ級予選,13:29,1,佐藤 健太,99.33,0.4448,1,0
熊本競輪,7R,Ｓ級予選,13:29,4,堤 洋,103.0,0.4144,1,0
熊本競輪,7R,Ｓ級予選,13:29,5,佐藤 雅春,98.96,0.40969999999999995,1,0
熊本競輪,7R,Ｓ級予選,13:29,7,松本 憲斗,96.29,0.2782,0,0
熊本競輪,7R,Ｓ級予選,13:29,2,早坂 秀悟,93.58,0.19979999999999998,0,0
熊本競輪,7R,Ｓ級予選,13:29,6,松坂 英司,88.89,0.17889999999999995,0,0
豊橋競輪,7R,Ｓ級一般,13:39,1,江守 昇,96.76,0.48140000000000005,1,0
豊橋競輪,7R,Ｓ級一般,13:39,4,篠原 忍,95.62,0.3839,0,0
豊橋競輪,7R,Ｓ級一般,13:39,7,高木 和仁,93.33,0.3689,0,0
豊橋競輪,7R,Ｓ級一般,13:39,2,近谷 涼,98.5,0.3517,0,0
豊橋競輪,7R,Ｓ級一般,13:39,5,中野 雄喜,95.28,0.34730000000000005,0,0
豊橋競輪,7R,Ｓ級一般,13:39,3,金ヶ江 勇気,94.61,0.21860000000000002,0,0
豊橋競輪,7R,Ｓ級一般,13:39,6,小沼 良,93.28,0.1866,0,0
岸和田競輪,7R,Ａ級特一般,13:49,3,下岡 優季,85.95,0.4514,1,0
岸和田競輪,7R,Ａ級特一般,13:49,6,大崎 智久,77.24,0.44320000000000004,1,0
岸和田競輪,7R,Ａ級特一般,13:49,7,高橋 隆太,85.46,0.36729999999999996,0,0
岸和田競輪,7R,Ａ級特一般,13:49,4,後藤 彰仁,88.66,0.27649999999999997,0,0
岸和田競輪,7R,Ａ級特一般,13:49,1,山口 貴弘,83.41,0.25780000000000003,0,0
岸和田競輪,7R,Ａ級特一般,13:49,5,篠崎 高志,80.04,0.20899999999999996,0,0
岸和田競輪,7R,Ａ級特一般,13:49,2,川田 忍,80.04,0.16710000000000003,0,0
熊本競輪,8R,Ｓ級予選,13:59,4,月森 亮輔,102.0,0.49529999999999996,1,0
熊本競輪,8R,Ｓ級予選,13:59,7,久木原 洋,103.7,0.48640000000000005,1,0
熊本競輪,8R,Ｓ級予選,13:59,1,筒井 敦史,103.54,0.45020000000000004,1,0
熊本競輪,8R,Ｓ級予選,13:59,2,五十嵐 綾,100.23,0.40490000000000004,1,0
熊本競輪,8R,Ｓ級予選,13:59,3,望月 永悟,99.78,0.35940000000000005,0,0
熊本競輪,8R,Ｓ級予選,13:59,5,山下 一輝,97.39,0.34540000000000004,0,0
熊本競輪,8R,Ｓ級予選,13:59,6,近藤 夏樹,95.0,0.14480000000000004,0,0
豊橋競輪,8R,Ｓ級特選,14:09,7,小川 真太郎,107.62,0.36860000000000004,0,0
豊橋競輪,8R,Ｓ級特選,14:09,1,保科 千春,104.68,0.35550000000000004,0,0
豊橋競輪,8R,Ｓ級特選,14:09,3,北村 信明,99.0,0.3225,0,0
豊橋競輪,8R,Ｓ級特選,14:09,4,藤原 憲征,102.0,0.244,0,0
豊橋競輪,8R,Ｓ級特選,14:09,5,伊東 翔貴,98.78,0.2037,0,0
豊橋競輪,8R,Ｓ級特選,14:09,6,近藤 俊明,94.13,0.15100000000000002,0,0
豊橋競輪,8R,Ｓ級特選,14:09,2,青木 瑞樹,97.31,0.15000000000000002,0,0
岸和田競輪,8R,Ａ級特一般,14:19,4,樋口 瑛土,85.33,0.42510000000000003,1,0
岸和田競輪,8R,Ａ級特一般,14:19,3,山口 聖矢,87.0,0.3587,0,0
岸和田競輪,8R,Ａ級特一般,14:19,1,吉田 篤史,86.03,0.2985,0,0
岸和田競輪,8R,Ａ級特一般,14:19,6,中野 彰人,74.0,0.27749999999999997,0,0
岸和田競輪,8R,Ａ級特一般,14:19,5,川西 亮介,77.8,0.264,0,0
岸和田競輪,8R,Ａ級特一般,14:19,7,朝日 勇,80.76,0.26080000000000003,0,0
岸和田競輪,8R,Ａ級特一般,14:19,2,中川 拓也,79.11,0.2097,0,0
熊本競輪,9R,Ｓ級予選,14:29,1,岡本 大嗣,102.0,0.49970000000000003,1,0
熊本競輪,9R,Ｓ級予選,14:29,7,大洞 翔平,101.0,0.43220000000000003,1,0
熊本競輪,9R,Ｓ級予選,14:29,5,角 令央奈,102.16,0.4021,1,0
熊本競輪,9R,Ｓ級予選,14:29,2,坂本 亮馬,104.11,0.3954,0,0
熊本競輪,9R,Ｓ級予選,14:29,4,後藤 悠,99.65,0.3457,0,0
熊本競輪,9R,Ｓ級予選,14:29,6,連佛 康浩,93.64,0.2207,0,0
熊本競輪,9R,Ｓ級予選,14:29,3,真鍋 顕汰,93.96,0.19269999999999998,0,0
豊橋競輪,9R,Ｓ級特選,14:39,2,小林 弘和,104.17,0.47709999999999997,1,0
豊橋競輪,9R,Ｓ級特選,14:39,3,内藤 秀久,107.15,0.39549999999999996,0,0
豊橋競輪,9R,Ｓ級特選,14:39,5,緒方 将樹,101.45,0.29469999999999996,0,0
豊橋競輪,9R,Ｓ級特選,14:39,4,佐藤 愼太郎,97.0,0.2693,0,0
豊橋競輪,9R,Ｓ級特選,14:39,1,三谷 政史,94.33,0.2368,0,0
豊橋競輪,9R,Ｓ級特選,14:39,6,内藤 久文,93.2,0.21830000000000005,0,0
豊橋競輪,9R,Ｓ級特選,14:39,7,齋木 翔多,98.88,0.19889999999999997,0,0
岸和田競輪,9R,Ａ級準決勝,14:49,7,岡田 亮太,100.9,0.386,0,0
岸和田競輪,9R,Ａ級準決勝,14:49,1,栗本 尚宗,91.0,0.37050000000000005,0,0
岸和田競輪,9R,Ａ級準決勝,14:49,3,金成 和幸,95.93,0.2825,0,0
岸和田競輪,9R,Ａ級準決勝,14:49,5,鈴木 良太,86.38,0.28090000000000004,0,0
岸和田競輪,9R,Ａ級準決勝,14:49,4,宮司 周郎,86.92,0.22130000000000005,0,0
岸和田競輪,9R,Ａ級準決勝,14:49,6,高谷 進太郎,80.29,0.11660000000000004,0,0
岸和田競輪,9R,Ａ級準決勝,14:49,2,岸川 哲也,83.76,0.0786,0,0
熊本競輪,10R,Ｓ級予選,15:00,7,芦澤 大輔,107.7,0.4921,1,0
熊本競輪,10R,Ｓ級予選,15:00,2,佐藤 博紀,105.83,0.45489999999999997,1,0
熊本競輪,10R,Ｓ級予選,15:00,3,山本 拳也,101.63,0.2794,0,0
熊本競輪,10R,Ｓ級予選,15:00,5,畝木 努,96.03,0.2329,0,0
熊本競輪,10R,Ｓ級予選,15:00,4,田中 晴基,92.88,0.22019999999999995,0,0
熊本競輪,10R,Ｓ級予選,15:00,1,齊藤 竜也,95.63,0.19699999999999995,0,0
熊本競輪,10R,Ｓ級予選,15:00,6,松本 京太,90.43,0.07189999999999996,0,0
豊橋競輪,10R,Ｓ級特選,15:11,7,山本 奨,97.93,0.4609,1,0
豊橋競輪,10R,Ｓ級特選,15:11,5,松川 高大,103.07,0.4152,1,0
豊橋競輪,10R,Ｓ級特選,15:11,1,松本 秀之介,106.93,0.40859999999999996,1,0
豊橋競輪,10R,Ｓ級特選,15:11,2,山下 渡,104.8,0.3859,0,0
豊橋競輪,10R,Ｓ級特選,15:11,6,野中 祐志,92.0,0.2519,0,0
豊橋競輪,10R,Ｓ級特選,15:11,3,伊藤 稔真,92.41,0.22899999999999998,0,0
豊橋競輪,10R,Ｓ級特選,15:11,4,蒔田 英彦,96.78,0.19479999999999997,0,0
岸和田競輪,10R,Ａ級準決勝,15:22,1,渡邊 健,92.11,0.4355,1,0
岸和田競輪,10R,Ａ級準決勝,15:22,2,久田 朔,87.92,0.3981,0,0
岸和田競輪,10R,Ａ級準決勝,15:22,5,清水 剛志,102.1,0.35750000000000004,0,0
岸和田競輪,10R,Ａ級準決勝,15:22,3,白石 大輔,88.14,0.27290000000000003,0,0
岸和田競輪,10R,Ａ級準決勝,15:22,4,竹澤 浩司,89.66,0.2723,0,0
岸和田競輪,10R,Ａ級準決勝,15:22,6,川田 真也,80.61,0.18989999999999996,0,0
岸和田競輪,10R,Ａ級準決勝,15:22,7,堺 文人,83.36,0.17659999999999998,0,0
熊本競輪,11R,Ｓ級予選,15:33,5,田中 陽平,101.91,0.4424,1,0
熊本競輪,11R,Ｓ級予選,15:33,3,山中 貴雄,100.52,0.39980000000000004,0,0
熊本競輪,11R,Ｓ級予選,15:33,2,柴田 洋輔,100.64,0.31499999999999995,0,0
熊本競輪,11R,Ｓ級予選,15:33,7,中村 良二,95.57,0.3062,0,0
熊本競輪,11R,Ｓ級予選,15:33,4,邊見 光輝,96.72,0.28059999999999996,0,0
熊本競輪,11R,Ｓ級予選,15:33,1,上田 尭弥,105.0,0.27149999999999996,0,0
熊本競輪,11R,Ｓ級予選,15:33,6,小川 丈太,94.81,0.09550000000000003,0,0
川崎競輪,1R,Ａ級予選,15:38,7,谷口 友真,87.22,0.39859999999999995,0,0
川崎競輪,1R,Ａ級予選,15:38,3,齋藤 宗徳,84.75,0.3339,0,0
川崎競輪,1R,Ａ級予選,15:38,1,柴田 功一郎,81.03,0.3076,0,0
川崎競輪,1R,Ａ級予選,15:38,2,小林 卓人,87.77,0.29679999999999995,0,0
川崎競輪,1R,Ａ級予選,15:38,5,宮倉 勇,84.09,0.27749999999999997,0,0
川崎競輪,1R,Ａ級予選,15:38,4,阿部 宏之,82.52,0.2751,0,0
川崎競輪,1R,Ａ級予選,15:38,6,緒方 剛,78.55,0.06259999999999999,0,0
豊橋競輪,11R,Ａ級決勝,15:44,7,竹内 雄作,99.03,0.44279999999999997,1,0
豊橋競輪,11R,Ａ級決勝,15:44,5,森安 崇之,93.61,0.3912,0,0
豊橋競輪,11R,Ａ級決勝,15:44,3,小谷 実,93.33,0.37060000000000004,0,0
豊橋競輪,11R,Ａ級決勝,15:44,1,鷲見 逸喜,95.6,0.366,0,0
豊橋競輪,11R,Ａ級決勝,15:44,4,村上 卓茂,86.4,0.24750000000000005,0,0
豊橋競輪,11R,Ａ級決勝,15:44,2,藤井 將,78.16,0.2369,0,0
豊橋競輪,11R,Ａ級決勝,15:44,6,松本 昂大,75.65,0.0716,0,0
奈良競輪,1R,Ａ級一般,15:46,1,國武 耕二,82.62,0.43389999999999995,1,0
奈良競輪,1R,Ａ級一般,15:46,2,野村 賢,78.42,0.42700000000000005,1,0
奈良競輪,1R,Ａ級一般,15:46,7,三好 陽一,85.06,0.3742,0,0
奈良競輪,1R,Ａ級一般,15:46,5,山崎 岳志,83.25,0.2743,0,0
奈良競輪,1R,Ａ級一般,15:46,3,樫村 伸平,74.06,0.20330000000000004,0,0
奈良競輪,1R,Ａ級一般,15:46,6,藤縄 洋介,71.75,0.09260000000000002,0,0
奈良競輪,1R,Ａ級一般,15:46,4,藤田 剣次,76.96,0.07310000000000005,0,0
函館競輪,1R,チャレンジ一般,15:54,5,深井 高志,77.84,0.46599999999999997,1,0
函館競輪,1R,チャレンジ一般,15:54,1,野崎 修一,69.9,0.402,1,0
函館競輪,1R,チャレンジ一般,15:54,4,亀井 道佳,72.33,0.3889,0,0
函館競輪,1R,チャレンジ一般,15:54,3,高瀬 卓,75.04,0.3801,0,0
函館競輪,1R,チャレンジ一般,15:54,2,樋口 奨平,70.16,0.34140000000000004,0,0
函館競輪,1R,チャレンジ一般,15:54,6,松本 琢也,68.64,0.24660000000000004,0,0
岸和田競輪,11R,Ａ級準決勝,15:55,7,宇佐見 優介,91.5,0.42779999999999996,1,0
岸和田競輪,11R,Ａ級準決勝,15:55,4,中釜 健次,90.44,0.4013,1,0
岸和田競輪,11R,Ａ級準決勝,15:55,1,中井 俊亮,104.8,0.32389999999999997,0,0
岸和田競輪,11R,Ａ級準決勝,15:55,2,大高 彰馬,87.22,0.1905,0,0
岸和田競輪,11R,Ａ級準決勝,15:55,6,堂村 知哉,83.48,0.14939999999999998,0,0
岸和田競輪,11R,Ａ級準決勝,15:55,5,吉田 元輝,86.78,0.14290000000000003,0,0
岸和田競輪,11R,Ａ級準決勝,15:55,3,山崎 悟,86.25,0.1048,0,0
川崎競輪,2R,Ａ級予選,16:02,1,野木 義規,83.38,0.40149999999999997,1,0
川崎競輪,2R,Ａ級予選,16:02,7,馬場 和広,87.46,0.376,0,0
川崎競輪,2R,Ａ級予選,16:02,3,渡邉 高志,84.63,0.3741,0,0
川崎競輪,2R,Ａ級予選,16:02,2,小林 信晴,89.85,0.3224,0,0
川崎競輪,2R,Ａ級予選,16:02,6,山本 和虎,74.66,0.28680000000000005,0,0
川崎競輪,2R,Ａ級予選,16:02,5,武田 靖夫,80.16,0.18530000000000002,0,0
川崎競輪,2R,Ａ級予選,16:02,4,佐野 恭太,80.66,0.15580000000000005,0,0
熊本競輪,12R,Ｓ級初特選,16:06,4,松岡 貴久,109.37,0.4901,1,0
熊本競輪,12R,Ｓ級初特選,16:06,7,園田 匠,109.05,0.4496,1,0
熊本競輪,12R,Ｓ級初特選,16:06,3,佐藤 友和,107.77,0.44199999999999995,1,0
熊本競輪,12R,Ｓ級初特選,16:06,2,北津留 翼,109.87,0.40490000000000004,1,0
熊本競輪,12R,Ｓ級初特選,16:06,6,嶋津 拓弥,106.81,0.3581,0,0
熊本競輪,12R,Ｓ級初特選,16:06,1,山口 富生,107.83,0.30369999999999997,0,0
熊本競輪,12R,Ｓ級初特選,16:06,5,菊池 岳仁,107.0,0.24939999999999996,0,0
奈良競輪,2R,Ａ級一般,16:10,5,松尾 玄太,86.65,0.4919,1,0
奈良競輪,2R,Ａ級一般,16:10,2,志田 愛希飛,79.03,0.48040000000000005,1,0
奈良競輪,2R,Ａ級一般,16:10,6,小林 健,77.46,0.36519999999999997,0,0
奈良競輪,2R,Ａ級一般,16:10,4,冨岡 健一,82.68,0.2582,0,0
奈良競輪,2R,Ａ級一般,16:10,3,古城 英之,80.41,0.23429999999999995,0,0
奈良競輪,2R,Ａ級一般,16:10,1,城戸崎 隆史,81.66,0.20330000000000004,0,0
奈良競輪,2R,Ａ級一般,16:10,7,井手 健,79.83,0.13,0,0
豊橋競輪,12R,Ｓ級決勝,16:17,3,木村 皆斗,108.44,0.41759999999999997,1,0
豊橋競輪,12R,Ｓ級決勝,16:17,2,阿部 拓真,109.38,0.40800000000000003,1,0
豊橋競輪,12R,Ｓ級決勝,16:17,1,岡本 総,108.1,0.399,0,0
豊橋競輪,12R,Ｓ級決勝,16:17,7,武田 豊樹,107.35,0.38959999999999995,0,0
豊橋競輪,12R,Ｓ級決勝,16:17,4,村田 祐樹,108.03,0.344,0,0
豊橋競輪,12R,Ｓ級決勝,16:17,6,柴崎 俊光,104.28,0.26280000000000003,0,0
豊橋競輪,12R,Ｓ級決勝,16:17,5,嵯峨 昇喜郎,107.07,0.23919999999999997,0,0
函館競輪,2R,チャレンジ一般,16:18,3,湯浅 大輔,72.18,0.45189999999999997,1,0
函館競輪,2R,チャレンジ一般,16:18,4,川村 昭弘,81.04,0.43589999999999995,1,0
函館競輪,2R,チャレンジ一般,16:18,1,渡辺 馨,71.17,0.403,1,0
函館競輪,2R,チャレンジ一般,16:18,2,佐川 拓也,69.13,0.27669999999999995,0,0
函館競輪,2R,チャレンジ一般,16:18,6,菊池 崇訓,67.03,0.26280000000000003,0,0
函館競輪,2R,チャレンジ一般,16:18,5,富澤 洋祐,67.58,0.2521,0,0
川崎競輪,3R,Ａ級予選,16:26,3,田原 宥明,87.88,0.4867,1,0
川崎競輪,3R,Ａ級予選,16:26,5,薮 謙治,82.44,0.47740000000000005,1,0
川崎競輪,3R,Ａ級予選,16:26,7,坂口 卓士,87.7,0.4134,1,0
川崎競輪,3R,Ａ級予選,16:26,1,西本 直大,86.37,0.3438,0,0
川崎競輪,3R,Ａ級予選,16:26,6,岡部 陸斗,78.85,0.3316,0,0
川崎競輪,3R,Ａ級予選,16:26,2,宗景 祐樹,83.77,0.21989999999999998,0,0
川崎競輪,3R,Ａ級予選,16:26,4,飯島 淳,81.55,0.18359999999999999,0,0
奈良競輪,3R,Ａ級特選,16:34,1,吉村 和之,89.41,0.497,1,0
奈良競輪,3R,Ａ級特選,16:34,4,佐藤 亙,89.85,0.4366,1,0
奈良競輪,3R,Ａ級特選,16:34,7,峰重 祐之介,85.16,0.3587,0,0
奈良競輪,3R,Ａ級特選,16:34,2,久樹 克門,93.06,0.3208,0,0
奈良競輪,3R,Ａ級特選,16:34,5,下野 義城,85.02,0.27270000000000005,0,0
奈良競輪,3R,Ａ級特選,16:34,3,山川 奨太,84.16,0.1865,0,0
奈良競輪,3R,Ａ級特選,16:34,6,高田 真幸,74.06,0.11660000000000004,0,0
函館競輪,3R,チャレンジ選抜,16:42,1,山元 大夢,77.4,0.48450000000000004,1,0
函館競輪,3R,チャレンジ選抜,16:42,7,深見 仁哉,75.4,0.47950000000000004,1,0
函館競輪,3R,チャレンジ選抜,16:42,5,桜井 雄太,79.64,0.45499999999999996,1,0
函館競輪,3R,チャレンジ選抜,16:42,4,中嶋 響,71.33,0.35119999999999996,0,0
函館競輪,3R,チャレンジ選抜,16:42,2,中井 修,73.86,0.3379,0,0
函館競輪,3R,チャレンジ選抜,16:42,6,坂本 敏也,69.45,0.24109999999999998,0,0
函館競輪,3R,チャレンジ選抜,16:42,3,石川 一浩,70.06,0.2167,0,0
川崎競輪,4R,Ａ級予選,16:50,4,奥原 亨,85.25,0.4799,1,0
川崎競輪,4R,Ａ級予選,16:50,5,大島 将人,87.29,0.3991,0,0
川崎競輪,4R,Ａ級予選,16:50,3,井上 公利,83.78,0.3478,0,0
川崎競輪,4R,Ａ級予選,16:50,1,小原 唯志,90.84,0.3214,0,0
川崎競輪,4R,Ａ級予選,16:50,6,亀谷 隆一,79.52,0.2329,0,0
川崎競輪,4R,Ａ級予選,16:50,7,武田 哲二,80.4,0.18130000000000002,0,0
川崎競輪,4R,Ａ級予選,16:50,2,鮫島 康治,80.71,0.1493,0,0
奈良競輪,4R,Ａ級特選,16:58,5,坂上 樹大,96.24,0.4588,1,0
奈良競輪,4R,Ａ級特選,16:58,2,吉川 希望,91.36,0.4212,1,0
奈良競輪,4R,Ａ級特選,16:58,1,小笹 隼人,87.22,0.3486,0,0
奈良競輪,4R,Ａ級特選,16:58,3,小川 祐司,82.86,0.29300000000000004,0,0
奈良競輪,4R,Ａ級特選,16:58,7,河村 章憲,82.2,0.2118,0,0
奈良競輪,4R,Ａ級特選,16:58,4,中野 真吾,81.86,0.13639999999999997,0,0
奈良競輪,4R,Ａ級特選,16:58,6,戸田 康平,79.82,0.08040000000000003,0,0
函館競輪,4R,ガールズ一般,17:06,6,野寺 楓,48.74,0.48260000000000003,1,0
函館競輪,4R,ガールズ一般,17:06,7,蛯原 杏奈,48.65,0.42190000000000005,1,0
函館競輪,4R,ガールズ一般,17:06,4,宮西 令奈,48.83,0.40780000000000005,1,0
函館競輪,4R,ガールズ一般,17:06,2,熊谷 碩子,48.14,0.3741,0,0
函館競輪,4R,ガールズ一般,17:06,3,中村 美那,48.1,0.33930000000000005,0,0
函館競輪,4R,ガールズ一般,17:06,1,田野口 佳奈,45.5,0.18700000000000006,0,0
函館競輪,4R,ガールズ一般,17:06,5,渡口 まりあ,49.93,0.16180000000000005,0,0
川崎競輪,5R,Ａ級初日特選,17:14,1,山内 卓也,99.11,0.4565,1,0
川崎競輪,5R,Ａ級初日特選,17:14,5,土屋 裕二,97.0,0.45220000000000005,1,0
川崎競輪,5R,Ａ級初日特選,17:14,7,加藤 圭一,95.66,0.4003,1,0
川崎競輪,5R,Ａ級初日特選,17:14,2,原田 亮太,96.86,0.3587,0,0
川崎競輪,5R,Ａ級初日特選,17:14,3,星野 辰也,94.8,0.3022,0,0
川崎競輪,5R,Ａ級初日特選,17:14,4,下井 竜,94.4,0.24360000000000004,0,0
川崎競輪,5R,Ａ級初日特選,17:14,6,小池 千啓,93.6,0.1855,0,0
奈良競輪,5R,Ｓ級一般,17:22,3,成松 春樹,99.66,0.4202,1,0
奈良競輪,5R,Ｓ級一般,17:22,4,那須 久幸,97.94,0.41279999999999994,1,0
奈良競輪,5R,Ｓ級一般,17:22,2,福島 栄一,96.75,0.39749999999999996,0,0
奈良競輪,5R,Ｓ級一般,17:22,1,稲垣 裕之,102.78,0.3842,0,0
奈良競輪,5R,Ｓ級一般,17:22,5,松岡 健介,97.59,0.33930000000000005,0,0
奈良競輪,5R,Ｓ級一般,17:22,7,鷲田 佳史,95.6,0.3177,0,0
奈良競輪,5R,Ｓ級一般,17:22,6,蒋野 翔太,94.66,0.14,0,0
函館競輪,5R,Ａ級特一般,17:30,2,石井 毅,82.96,0.43069999999999997,1,0
函館競輪,5R,Ａ級特一般,17:30,1,羽石 国臣,79.86,0.40280000000000005,1,0
函館競輪,5R,Ａ級特一般,17:30,5,河野 淳吾,81.68,0.39590000000000003,0,0
函館競輪,5R,Ａ級特一般,17:30,4,榎本 光男,84.92,0.3478,0,0
函館競輪,5R,Ａ級特一般,17:30,3,木本 賢二,81.5,0.34509999999999996,0,0
函館競輪,5R,Ａ級特一般,17:30,6,川口 聖翔,79.85,0.1956,0,0
川崎競輪,6R,Ｓ級予選,17:38,2,簗田 一輝,107.53,0.38170000000000004,0,0
川崎競輪,6R,Ｓ級予選,17:38,1,山口 泰生,100.96,0.3426,0,0
川崎競輪,6R,Ｓ級予選,17:38,7,石毛 克幸,101.6,0.31289999999999996,0,0
川崎競輪,6R,Ｓ級予選,17:38,5,山田 敦也,95.25,0.26359999999999995,0,0
川崎競輪,6R,Ｓ級予選,17:38,6,藤原 誠,91.83,0.20889999999999997,0,0
川崎競輪,6R,Ｓ級予選,17:38,3,坂本 周作,98.96,0.20740000000000003,0,0
川崎競輪,6R,Ｓ級予選,17:38,4,佐藤 竜太,93.66,0.1714,0,0
奈良競輪,6R,Ｓ級一般,17:46,5,吉田 智哉,99.26,0.44089999999999996,1,0
奈良競輪,6R,Ｓ級一般,17:46,1,溪 飛雄馬,95.67,0.43500000000000005,1,0
奈良競輪,6R,Ｓ級一般,17:46,2,吉本 哲郎,95.0,0.3943,0,0
奈良競輪,6R,Ｓ級一般,17:46,4,原 真司,96.62,0.3853,0,0
奈良競輪,6R,Ｓ級一般,17:46,7,久保田 泰弘,100.91,0.369,0,0
奈良競輪,6R,Ｓ級一般,17:46,6,良永 浩一,93.0,0.28159999999999996,0,0
奈良競輪,6R,Ｓ級一般,17:46,3,松岡 孝高,93.25,0.16959999999999997,0,0
函館競輪,6R,Ａ級特一般,17:54,1,山田 雅之,86.66,0.4796,1,0
函館競輪,6R,Ａ級特一般,17:54,3,平田 徹,83.4,0.3581,0,0
函館競輪,6R,Ａ級特一般,17:54,5,田中 孝彦,88.29,0.3578,0,0
函館競輪,6R,Ａ級特一般,17:54,7,有賀 高士,83.02,0.35109999999999997,0,0
函館競輪,6R,Ａ級特一般,17:54,2,矢口 啓一郎,83.54,0.3266,0,0
函館競輪,6R,Ａ級特一般,17:54,4,杉浦 康一,79.71,0.16659999999999997,0,0
函館競輪,6R,Ａ級特一般,17:54,6,奥山 雅士,77.66,0.12939999999999996,0,0
川崎競輪,7R,Ｓ級予選,18:02,5,松村 友和,102.12,0.4567,1,0
川崎競輪,7R,Ｓ級予選,18:02,3,中田 雄喜,101.96,0.41859999999999997,1,0
川崎競輪,7R,Ｓ級予選,18:02,2,溝口 葵,97.61,0.4143,1,0
川崎競輪,7R,Ｓ級予選,18:02,7,根本 哲吏,99.25,0.3752,0,0
川崎競輪,7R,Ｓ級予選,18:02,6,長井 妙樹,92.16,0.3137,0,0
川崎競輪,7R,Ｓ級予選,18:02,1,飯嶋 則之,97.54,0.2835,0,0
川崎競輪,7R,Ｓ級予選,18:02,4,鈴木 陸来,94.66,0.23829999999999996,0,0
奈良競輪,7R,Ｓ級一般,18:10,1,松岡 篤哉,100.57,0.4527,1,0
奈良競輪,7R,Ｓ級一般,18:10,3,山本 直,100.66,0.4353,1,0
奈良競輪,7R,Ｓ級一般,18:10,2,稲吉 悠大,95.17,0.3873,0,0
奈良競輪,7R,Ｓ級一般,18:10,7,木村 幸希,93.96,0.3267,0,0
奈良競輪,7R,Ｓ級一般,18:10,4,大屋 健司,97.62,0.29590000000000005,0,0
奈良競輪,7R,Ｓ級一般,18:10,5,山口 貴嗣,99.03,0.28080000000000005,0,0
奈良競輪,7R,Ｓ級一般,18:10,6,石田 拓真,89.2,0.17220000000000002,0,0
函館競輪,7R,Ａ級特選,18:18,1,會澤 龍,89.43,0.4929,1,0
函館競輪,7R,Ａ級特選,18:18,3,柿沼 信也,96.75,0.49229999999999996,1,0
函館競輪,7R,Ａ級特選,18:18,7,立花 昌也,93.23,0.4746,1,0
函館競輪,7R,Ａ級特選,18:18,4,明田 春喜,86.8,0.3752,0,0
函館競輪,7R,Ａ級特選,18:18,2,田中 勝仁,84.64,0.22840000000000005,0,0
函館競輪,7R,Ａ級特選,18:18,6,今井 希,80.25,0.1291,0,0
函館競輪,7R,Ａ級特選,18:18,5,豊田 一馬,80.26,0.12539999999999996,0,0
川崎競輪,8R,Ｓ級予選,18:26,4,高橋 広大,98.76,0.40390000000000004,1,0
川崎競輪,8R,Ｓ級予選,18:26,3,古川 尚耶,92.88,0.3368,0,0
川崎競輪,8R,Ｓ級予選,18:26,5,日高 裕太,97.7,0.3349,0,0
川崎競輪,8R,Ｓ級予選,18:26,1,星野 洋輝,103.64,0.3165,0,0
川崎競輪,8R,Ｓ級予選,18:26,7,佐伯 翔,97.56,0.3026,0,0
川崎競輪,8R,Ｓ級予選,18:26,2,白戸 淳太郎,94.04,0.2583,0,0
川崎競輪,8R,Ｓ級予選,18:26,6,柿本 大貴,91.48,0.14529999999999998,0,0
奈良競輪,8R,Ｓ級特選,18:34,7,伊藤 裕貴,103.63,0.47019999999999995,1,0
奈良競輪,8R,Ｓ級特選,18:34,4,濱田 浩司,101.67,0.42889999999999995,1,0
奈良競輪,8R,Ｓ級特選,18:34,3,本郷 雄三,99.35,0.3651,0,0
奈良競輪,8R,Ｓ級特選,18:34,5,吉本 卓仁,107.82,0.3499,0,0
奈良競輪,8R,Ｓ級特選,18:34,2,外田 心斗,101.0,0.25229999999999997,0,0
奈良競輪,8R,Ｓ級特選,18:34,1,長屋 秀明,96.34,0.1946,0,0
奈良競輪,8R,Ｓ級特選,18:34,6,浅見 隼,93.1,0.1522,0,0
函館競輪,8R,Ａ級特選,18:42,2,菊谷 信一,91.58,0.4901,1,0
函館競輪,8R,Ａ級特選,18:42,1,坪内 恒,89.71,0.48050000000000004,1,0
函館競輪,8R,Ａ級特選,18:42,3,森田 康嗣,86.34,0.3678,0,0
函館競輪,8R,Ａ級特選,18:42,5,石口 慶多,91.71,0.3447,0,0
函館競輪,8R,Ａ級特選,18:42,7,坂本 拓也,88.77,0.3066,0,0
函館競輪,8R,Ａ級特選,18:42,4,國廣 哲治,86.23,0.2994,0,0
函館競輪,8R,Ａ級特選,18:42,6,坂本 毅,82.52,0.21440000000000003,0,0
川崎競輪,9R,Ｓ級予選,18:51,4,萩原 孝之,99.87,0.4829,1,0
川崎競輪,9R,Ｓ級予選,18:51,5,片折 亮太,99.6,0.47019999999999995,1,0
川崎競輪,9R,Ｓ級予選,18:51,3,福田 滉,101.62,0.4182,1,0
川崎競輪,9R,Ｓ級予選,18:51,1,大木 雅也,93.25,0.2993,0,0
川崎競輪,9R,Ｓ級予選,18:51,2,中村 弘之輔,92.47,0.26859999999999995,0,0
川崎競輪,9R,Ｓ級予選,18:51,7,新村 穣,96.94,0.266,0,0
川崎競輪,9R,Ｓ級予選,18:51,6,上遠野 拓馬,89.0,0.13160000000000005,0,0
奈良競輪,9R,Ｓ級特選,19:00,5,渡辺 十夢,100.32,0.4857,1,0
奈良競輪,9R,Ｓ級特選,19:00,1,坂田 康季,99.51,0.36729999999999996,0,0
奈良競輪,9R,Ｓ級特選,19:00,2,片岡 迪之,106.38,0.3285,0,0
奈良競輪,9R,Ｓ級特選,19:00,7,瀬戸 晋作,106.61,0.28879999999999995,0,0
奈良競輪,9R,Ｓ級特選,19:00,6,池田 憲昭,91.9,0.21750000000000003,0,0
奈良競輪,9R,Ｓ級特選,19:00,4,奥村 諭志,95.72,0.19430000000000003,0,0
奈良競輪,9R,Ｓ級特選,19:00,3,仲野 結音,94.9,0.13690000000000002,0,0
函館競輪,9R,チャレンジ決勝,19:09,1,大泉 英則,79.9,0.4736,1,0
函館競輪,9R,チャレンジ決勝,19:09,5,泉 文人,81.16,0.38580000000000003,0,0
函館競輪,9R,チャレンジ決勝,19:09,2,岩辺 陸,77.83,0.351,0,0
函館競輪,9R,チャレンジ決勝,19:09,3,市川 健太,76.66,0.3157,0,0
函館競輪,9R,チャレンジ決勝,19:09,6,池田 充槻,75.0,0.2994,0,0
函館競輪,9R,チャレンジ決勝,19:09,7,早川 成矢,77.67,0.2813,0,0
函館競輪,9R,チャレンジ決勝,19:09,4,野中 龍之介,78.11,0.247,0,0
川崎競輪,10R,Ｓ級予選,19:19,1,五十嵐 力,101.0,0.47750000000000004,1,0
川崎競輪,10R,Ｓ級予選,19:19,2,松永 将,100.93,0.4393,1,0
川崎競輪,10R,Ｓ級予選,19:19,5,野口 裕史,100.8,0.43200000000000005,1,0
川崎競輪,10R,Ｓ級予選,19:19,4,坂本 紘規,96.72,0.3457,0,0
川崎競輪,10R,Ｓ級予選,19:19,6,鈴木 伸之,93.71,0.28049999999999997,0,0
川崎競輪,10R,Ｓ級予選,19:19,7,長谷川 飛向,95.92,0.261,0,0
川崎競輪,10R,Ｓ級予選,19:19,3,佐々木 省司,95.46,0.22950000000000004,0,0
奈良競輪,10R,Ｓ級特選,19:29,7,山形 一気,105.61,0.491,1,0
奈良競輪,10R,Ｓ級特選,19:29,5,山口 貴弘,103.7,0.44630000000000003,1,0
奈良競輪,10R,Ｓ級特選,19:29,1,川口 雄太,98.68,0.3942,0,0
奈良競輪,10R,Ｓ級特選,19:29,2,野田 源一,109.0,0.35609999999999997,0,0
奈良競輪,10R,Ｓ級特選,19:29,4,小堺 浩二,100.89,0.26970000000000005,0,0
奈良競輪,10R,Ｓ級特選,19:29,6,佐藤 壮志,94.14,0.14659999999999995,0,0
奈良競輪,10R,Ｓ級特選,19:29,3,北野 武史,96.68,0.1421,0,0
函館競輪,10R,ガールズ決勝,19:39,7,大久保 花梨,54.56,0.3852,0,0
函館競輪,10R,ガールズ決勝,19:39,5,河内 桜雪,53.22,0.3722,0,0
函館競輪,10R,ガールズ決勝,19:39,3,熊谷 芽緯,53.16,0.36140000000000005,0,0
函館競輪,10R,ガールズ決勝,19:39,4,杉浦 菜留,52.96,0.3358,0,0
函館競輪,10R,ガールズ決勝,19:39,2,石井 貴子,52.18,0.2801,0,0
函館競輪,10R,ガールズ決勝,19:39,1,大浦 彩瑛,55.8,0.08330000000000004,0,0
函館競輪,10R,ガールズ決勝,19:39,6,普久原 美海,45.58,0.02190000000000003,0,0
川崎競輪,11R,Ｓ級予選,19:49,4,小森 貴大,108.85,0.45720000000000005,1,0
川崎競輪,11R,Ｓ級予選,19:49,7,伊藤 正樹,100.05,0.4546,1,0
川崎競輪,11R,Ｓ級予選,19:49,1,松田 治之,103.23,0.36860000000000004,0,0
川崎競輪,11R,Ｓ級予選,19:49,5,鈴木 涼介,94.29,0.24219999999999997,0,0
川崎競輪,11R,Ｓ級予選,19:49,2,池田 勇人,97.06,0.19720000000000004,0,0
川崎競輪,11R,Ｓ級予選,19:49,3,山中 秀将,97.0,0.17369999999999997,0,0
川崎競輪,11R,Ｓ級予選,19:49,6,武井 大介,93.26,0.09109999999999996,0,0
奈良競輪,11R,Ａ級決勝,19:59,7,中川 聖大,97.53,0.45930000000000004,1,0
奈良競輪,11R,Ａ級決勝,19:59,4,疋田 力也,91.83,0.4586,1,0
奈良競輪,11R,Ａ級決勝,19:59,2,八尋 英輔,87.9,0.29779999999999995,0,0
奈良競輪,11R,Ａ級決勝,19:59,1,猪俣 康一,89.66,0.28990000000000005,0,0
奈良競輪,11R,Ａ級決勝,19:59,3,高比良 豪,85.45,0.22219999999999995,0,0
奈良競輪,11R,Ａ級決勝,19:59,5,一ノ瀬 匠,90.03,0.20640000000000003,0,0
奈良競輪,11R,Ａ級決勝,19:59,6,西岡 利起,77.31,0.1866,0,0
函館競輪,11R,Ａ級決勝,20:09,5,齋藤 雄行,96.19,0.4756,1,0
函館競輪,11R,Ａ級決勝,20:09,4,徳丸 泰教,90.0,0.42169999999999996,1,0
函館競輪,11R,Ａ級決勝,20:09,1,金澤 幸司,89.11,0.37639999999999996,0,0
函館競輪,11R,Ａ級決勝,20:09,2,舛井 幹雄,89.83,0.3044,0,0
函館競輪,11R,Ａ級決勝,20:09,7,土岐 幹多,86.91,0.27270000000000005,0,0
函館競輪,11R,Ａ級決勝,20:09,3,尾崎 悠生,85.48,0.20320000000000005,0,0
函館競輪,11R,Ａ級決勝,20:09,6,市村 昌樹,84.32,0.15769999999999995,0,0
川崎競輪,12R,Ｓ級初特選,20:19,2,上田 国広,104.52,0.486,1,0
川崎競輪,12R,Ｓ級初特選,20:19,3,吉田 有希,106.82,0.42700000000000005,1,0
川崎競輪,12R,Ｓ級初特選,20:19,5,竹内 智彦,106.6,0.3719,0,0
川崎競輪,12R,Ｓ級初特選,20:19,1,尾形 鉄馬,103.4,0.3599,0,0
川崎競輪,12R,Ｓ級初特選,20:19,4,笠松 信幸,107.56,0.34309999999999996,0,0
川崎競輪,12R,Ｓ級初特選,20:19,7,脇本 勇希,103.92,0.26980000000000004,0,0
川崎競輪,12R,Ｓ級初特選,20:19,6,石塚 孝幸,103.4,0.18130000000000002,0,0
奈良競輪,12R,Ｓ級決勝,20:30,1,山本 伸一,106.73,0.474,1,0
奈良競輪,12R,Ｓ級決勝,20:30,5,木村 隆弘,104.33,0.44989999999999997,1,0
奈良競輪,12R,Ｓ級決勝,20:30,4,伊代野 貴照,101.24,0.4254,1,0
奈良競輪,12R,Ｓ級決勝,20:30,7,伊藤 信,102.56,0.4192,1,0
奈良競輪,12R,Ｓ級決勝,20:30,3,坂口 晃輔,104.0,0.4132,1,0
奈良競輪,12R,Ｓ級決勝,20:30,6,栗山 俊介,99.95,0.3679,0,0
奈良競輪,12R,Ｓ級決勝,20:30,2,大崎 飛雄馬,100.66,0.238,0,0
宇都宮競輪,1R,チャレンジ一般,20:40,5,佐藤 康恭,67.12,0.499,1,0
宇都宮競輪,1R,チャレンジ一般,20:40,2,中川 博文,71.22,0.394,0,0
宇都宮競輪,1R,チャレンジ一般,20:40,3,國井 裕樹,70.5,0.38670000000000004,0,0
宇都宮競輪,1R,チャレンジ一般,20:40,4,井上 典善,69.06,0.38560000000000005,0,0
宇都宮競輪,1R,チャレンジ一般,20:40,1,加藤 駿,73.46,0.38139999999999996,0,0
宇都宮競輪,1R,チャレンジ一般,20:40,6,長崎 達也,66.91,0.28659999999999997,0,0
佐世保競輪,1R,チャレンジ一般,20:50,2,五十嵐 博一,67.88,0.482,1,0
佐世保競輪,1R,チャレンジ一般,20:50,3,齋藤 仁,67.32,0.3637,0,0
佐世保競輪,1R,チャレンジ一般,20:50,4,松木 竜也,66.54,0.32089999999999996,0,0
佐世保競輪,1R,チャレンジ一般,20:50,1,鶴 淳志,73.5,0.25039999999999996,0,0
佐世保競輪,1R,チャレンジ一般,20:50,5,佐々木 浩三,65.04,0.2319,0,0
宇都宮競輪,2R,チャレンジ一般,21:00,1,吉田 夢希斗,72.0,0.48550000000000004,1,0
宇都宮競輪,2R,チャレンジ一般,21:00,2,伊藤 司,69.75,0.4535,1,0
宇都宮競輪,2R,チャレンジ一般,21:00,3,前島 恭平,69.3,0.36750000000000005,0,0
宇都宮競輪,2R,チャレンジ一般,21:00,5,鈴木 規純,67.81,0.33020000000000005,0,0
宇都宮競輪,2R,チャレンジ一般,21:00,4,梶原 秀庸,68.4,0.264,0,0
宇都宮競輪,2R,チャレンジ一般,21:00,6,岡嶋 登,67.56,0.20879999999999999,0,0
宇都宮競輪,2R,チャレンジ一般,21:00,7,鈴木 龍之介,61.8,0.1521,0,0
佐世保競輪,2R,チャレンジ一般,21:10,3,吉澤 賢,70.0,0.45699999999999996,1,0
佐世保競輪,2R,チャレンジ一般,21:10,2,柏野 健吾,72.5,0.4337,1,0
佐世保競輪,2R,チャレンジ一般,21:10,1,小松 剛之,83.37,0.3439,0,0
佐世保競輪,2R,チャレンジ一般,21:10,5,森下 忠夫,67.63,0.31779999999999997,0,0
佐世保競輪,2R,チャレンジ一般,21:10,6,藤田 和彦,67.15,0.25739999999999996,0,0
佐世保競輪,2R,チャレンジ一般,21:10,4,山本 宏明,69.41,0.24339999999999995,0,0
宇都宮競輪,3R,チャレンジ選抜,21:20,3,伊藤 之人,69.42,0.4972,1,0
宇都宮競輪,3R,チャレンジ選抜,21:20,1,鈴木 愼二,80.33,0.46199999999999997,1,0
宇都宮競輪,3R,チャレンジ選抜,21:20,2,大沼 孝行,77.62,0.3547,0,0
宇都宮競輪,3R,チャレンジ選抜,21:20,6,駒井 大輔,68.34,0.34409999999999996,0,0
宇都宮競輪,3R,チャレンジ選抜,21:20,4,等々力 久就,69.13,0.27480000000000004,0,0
宇都宮競輪,3R,チャレンジ選抜,21:20,7,佐野 多喜男,67.27,0.21709999999999996,0,0
宇都宮競輪,3R,チャレンジ選抜,21:20,5,白木 正彦,68.68,0.15249999999999997,0,0
佐世保競輪,3R,チャレンジ選抜,21:30,2,爲田 学,78.0,0.4982,1,0
佐世保競輪,3R,チャレンジ選抜,21:30,1,安本 昇平,79.23,0.3872,0,0
佐世保競輪,3R,チャレンジ選抜,21:30,4,野見 泰要,74.18,0.3329,0,0
佐世保競輪,3R,チャレンジ選抜,21:30,3,松丸 裕紀,77.5,0.32230000000000003,0,0
佐世保競輪,3R,チャレンジ選抜,21:30,5,木下 章,69.07,0.25029999999999997,0,0
佐世保競輪,3R,チャレンジ選抜,21:30,7,川添 輝彦,67.81,0.22960000000000003,0,0
佐世保競輪,3R,チャレンジ選抜,21:30,6,竹野 行登,68.88,0.15390000000000004,0,0
宇都宮競輪,4R,Ａ級特一般,21:40,3,宇賀神 浩幸,82.22,0.46109999999999995,1,0
宇都宮競輪,4R,Ａ級特一般,21:40,4,西谷 岳文,81.33,0.36060000000000003,0,0
宇都宮競輪,4R,Ａ級特一般,21:40,2,舟山 佑京,82.36,0.32799999999999996,0,0
宇都宮競輪,4R,Ａ級特一般,21:40,1,松田 優一,86.56,0.3267,0,0
宇都宮競輪,4R,Ａ級特一般,21:40,6,小出 慎也,80.21,0.18500000000000005,0,0
宇都宮競輪,4R,Ａ級特一般,21:40,5,大竹 哲也,81.33,0.17410000000000003,0,0
宇都宮競輪,4R,Ａ級特一般,21:40,7,辻 力,79.4,0.1382,0,0
佐世保競輪,4R,Ａ級特一般,21:50,2,林 明宏,85.5,0.46950000000000003,1,0
佐世保競輪,4R,Ａ級特一般,21:50,5,勝部 貴博,81.44,0.365,0,0
佐世保競輪,4R,Ａ級特一般,21:50,4,緒方 慎太朗,82.0,0.30889999999999995,0,0
佐世保競輪,4R,Ａ級特一般,21:50,6,鈴木 広人,80.06,0.29690000000000005,0,0
佐世保競輪,4R,Ａ級特一般,21:50,3,大畑 裕貴,82.23,0.26349999999999996,0,0
佐世保競輪,4R,Ａ級特一般,21:50,1,利根 正明,85.51,0.2128,0,0
佐世保競輪,4R,Ａ級特一般,21:50,7,吉田 勇気,69.2,0.1069,0,0
宇都宮競輪,5R,Ａ級特一般,22:00,2,泉谷 元樹,85.96,0.47609999999999997,1,0
宇都宮競輪,5R,Ａ級特一般,22:00,1,田中 俊充,86.44,0.42369999999999997,1,0
宇都宮競輪,5R,Ａ級特一般,22:00,4,大森 光明,83.18,0.37329999999999997,0,0
宇都宮競輪,5R,Ａ級特一般,22:00,7,前田 拓也,76.51,0.3133,0,0
宇都宮競輪,5R,Ａ級特一般,22:00,6,阿部 俊,77.66,0.30710000000000004,0,0
宇都宮競輪,5R,Ａ級特一般,22:00,5,大西 健士,82.21,0.24319999999999997,0,0
宇都宮競輪,5R,Ａ級特一般,22:00,3,金子 兼久,83.86,0.24050000000000005,0,0
佐世保競輪,5R,Ａ級特一般,22:10,2,天野 純平,84.33,0.39339999999999997,0,0
佐世保競輪,5R,Ａ級特一般,22:10,4,南部 亮太,81.25,0.3658,0,0
佐世保競輪,5R,Ａ級特一般,22:10,6,入田 龍馬,74.47,0.29810000000000003,0,0
佐世保競輪,5R,Ａ級特一般,22:10,1,梅田 加津也,89.84,0.24680000000000002,0,0
佐世保競輪,5R,Ａ級特一般,22:10,5,本田 拓也,79.07,0.21919999999999995,0,0
佐世保競輪,5R,Ａ級特一般,22:10,3,穴井 利久,81.75,0.18720000000000003,0,0
佐世保競輪,5R,Ａ級特一般,22:10,7,高田 大輔,68.59,0.06010000000000004,0,0
宇都宮競輪,6R,Ａ級特選,22:20,3,宝満 大作,89.79,0.48119999999999996,1,0
宇都宮競輪,6R,Ａ級特選,22:20,2,大橋 徹,90.38,0.47919999999999996,1,0
宇都宮競輪,6R,Ａ級特選,22:20,5,中曽 直彦,85.2,0.3074,0,0
宇都宮競輪,6R,Ａ級特選,22:20,4,阿久津 浩之,86.25,0.26160000000000005,0,0
宇都宮競輪,6R,Ａ級特選,22:20,1,田原 大広,91.0,0.25149999999999995,0,0
宇都宮競輪,6R,Ａ級特選,22:20,7,藤田 真,79.29,0.16390000000000005,0,0
宇都宮競輪,6R,Ａ級特選,22:20,6,荻原 寿嗣,83.62,0.119,0,0
佐世保競輪,6R,Ａ級特選,22:30,2,相澤 政宏,90.33,0.4809,1,0
佐世保競輪,6R,Ａ級特選,22:30,3,柳谷 崇,89.96,0.4022,1,0
佐世保競輪,6R,Ａ級特選,22:30,4,米澤 大輔,84.96,0.39659999999999995,0,0
佐世保競輪,6R,Ａ級特選,22:30,5,江本 博明,83.0,0.3556,0,0
佐世保競輪,6R,Ａ級特選,22:30,6,隅 貴史,82.83,0.28,0,0
佐世保競輪,6R,Ａ級特選,22:30,1,高橋 舜,93.46,0.13390000000000002,0,0
佐世保競輪,6R,Ａ級特選,22:30,7,田中 和磨,81.68,0.124,0,0
宇都宮競輪,7R,Ａ級特選,22:40,4,松崎 貴久,88.66,0.49550000000000005,1,0
宇都宮競輪,7R,Ａ級特選,22:40,3,小野 裕次,89.4,0.4538,1,0
宇都宮競輪,7R,Ａ級特選,22:40,1,安藤 直希,91.78,0.43310000000000004,1,0
宇都宮競輪,7R,Ａ級特選,22:40,2,櫻井 丈,90.66,0.3892,0,0
宇都宮競輪,7R,Ａ級特選,22:40,5,本村 隆文,81.88,0.3398,0,0
宇都宮競輪,7R,Ａ級特選,22:40,6,岩橋 則明,79.15,0.19289999999999996,0,0
宇都宮競輪,7R,Ａ級特選,22:40,7,川越 宏臣,75.91,0.13880000000000003,0,0
佐世保競輪,7R,Ａ級特選,22:50,2,吉竹 尚城,88.6,0.47719999999999996,1,0
佐世保競輪,7R,Ａ級特選,22:50,4,成田 直喜,87.39,0.43689999999999996,1,0
佐世保競輪,7R,Ａ級特選,22:50,3,富 武大,87.78,0.4024,1,0
佐世保競輪,7R,Ａ級特選,22:50,1,高木 竜司,92.0,0.367,0,0
佐世保競輪,7R,Ａ級特選,22:50,5,川島 勝,84.87,0.2975,0,0
佐世保競輪,7R,Ａ級特選,22:50,6,四元 慎也,84.18,0.22840000000000005,0,0
佐世保競輪,7R,Ａ級特選,22:50,7,佐々木 健司,82.12,0.20030000000000003,0,0
宇都宮競輪,8R,チャレンジ決勝,23:00,3,平根 優大,79.33,0.49250000000000005,1,0
宇都宮競輪,8R,チャレンジ決勝,23:00,2,舘 真成,80.28,0.4484,1,0
宇都宮競輪,8R,チャレンジ決勝,23:00,1,宮澤 晃,81.66,0.44120000000000004,1,0
宇都宮競輪,8R,チャレンジ決勝,23:00,4,上杉 有弘,75.42,0.42969999999999997,1,0
宇都宮競輪,8R,チャレンジ決勝,23:00,5,渡邊 恭典,75.09,0.31200000000000006,0,0
宇都宮競輪,8R,チャレンジ決勝,23:00,6,桜井 大地,75.06,0.17520000000000002,0,0
宇都宮競輪,8R,チャレンジ決勝,23:00,7,堀 勝政,71.61,0.16479999999999995,0,0
佐世保競輪,8R,チャレンジ決勝,23:10,3,諸隈 健太郎,76.16,0.49760000000000004,1,0
佐世保競輪,8R,チャレンジ決勝,23:10,2,阿部 弘,79.33,0.46909999999999996,1,0
佐世保競輪,8R,チャレンジ決勝,23:10,1,米嶋 賢二,81.44,0.43510000000000004,1,0
佐世保競輪,8R,チャレンジ決勝,23:10,5,生野 優翔,73.0,0.252,0,0
佐世保競輪,8R,チャレンジ決勝,23:10,6,利川 寛太,71.7,0.24480000000000002,0,0
佐世保競輪,8R,チャレンジ決勝,23:10,4,與古田 龍門,73.42,0.2339,0,0
佐世保競輪,8R,チャレンジ決勝,23:10,7,中野 良,70.06,0.17710000000000004,0,0
宇都宮競輪,9R,Ａ級決勝,23:20,3,山田 義彦,93.26,0.47509999999999997,1,0
宇都宮競輪,9R,Ａ級決勝,23:20,1,笠松 将太,99.04,0.44399999999999995,1,0
宇都宮競輪,9R,Ａ級決勝,23:20,5,藤根 俊貴,89.5,0.396,0,0
宇都宮競輪,9R,Ａ級決勝,23:20,2,内山 貴裕,95.81,0.359,0,0
宇都宮競輪,9R,Ａ級決勝,23:20,4,丸山 啓一,91.0,0.33499999999999996,0,0
宇都宮競輪,9R,Ａ級決勝,23:20,7,角田 光,80.19,0.21440000000000003,0,0
宇都宮競輪,9R,Ａ級決勝,23:20,6,齋藤 友幸,86.75,0.118,0,0
佐世保競輪,9R,Ａ級決勝,23:30,4,松尾 信太郎,97.05,0.49060000000000004,1,0
佐世保競輪,9R,Ａ級決勝,23:30,2,加藤 将武,100.14,0.44720000000000004,1,0
佐世保競輪,9R,Ａ級決勝,23:30,1,佐藤 幸治,100.8,0.4061,1,0
佐世保競輪,9R,Ａ級決勝,23:30,6,火島 裕輝,89.14,0.36260000000000003,0,0
佐世保競輪,9R,Ａ級決勝,23:30,5,名川 豊,94.46,0.35750000000000004,0,0
佐世保競輪,9R,Ａ級決勝,23:30,7,坂本 晃輝,88.46,0.30500000000000005,0,0
佐世保競輪,9R,Ａ級決勝,23:30,3,前反 祐一郎,97.56,0.30410000000000004,0,0
