race_id,競輪場,レース番号,開始時間,開催番号,レースタイトル,車_番,選手名,競走得点,S,B,prediction_score_top3,prediction_score_1st
4420260913010001,大垣競輪,1R,08:30,初日,チャレンジ予選,3,大越 啓介,76.52,0,1,0.9522,0.9692
4420260913010001,大垣競輪,1R,08:30,初日,チャレンジ予選,1,宮崎 一彰,76.52,1,0,0.934,0.9691
4420260913010001,大垣競輪,1R,08:30,初日,チャレンジ予選,4,田沼 龍弥,75.47,7,9,0.8985,0.9682
4420260913010001,大垣競輪,1R,08:30,初日,チャレンジ予選,2,中井 修,71.11,4,1,0.7208,0.9643
4420260913010001,大垣競輪,1R,08:30,初日,チャレンジ予選,7,川本 琢也,73.07,10,12,0.6713,0.9675
4420260913010001,大垣競輪,1R,08:30,初日,チャレンジ予選,5,樋口 有樹郎,69.68,0,3,0.664,0.9289
4420260913010001,大垣競輪,1R,08:30,初日,チャレンジ予選,6,藤田 和彦,68.58,0,0,0.6613,0.9213
7520260912020001,松山競輪,1R,08:40,2日目,チャレンジ一般,3,梶原 秀庸,70.61,0,0,0.9577,0.9685
7520260912020001,松山競輪,1R,08:40,2日目,チャレンジ一般,1,吉田 彰久,75.03,12,0,0.9533,0.9687
7520260912020001,松山競輪,1R,08:40,2日目,チャレンジ一般,2,町田 勝志,67.17,0,0,0.9172,0.9635
7520260912020001,松山競輪,1R,08:40,2日目,チャレンジ一般,5,斎藤 敦,69.88,4,6,0.8912,0.9682
7520260912020001,松山競輪,1R,08:40,2日目,チャレンジ一般,4,長田 彰人,68.65,0,0,0.8532,0.9658
7520260912020001,松山競輪,1R,08:40,2日目,チャレンジ一般,6,山本 宏明,66.33,0,0,0.7706,0.922
4420260913010002,大垣競輪,2R,08:50,初日,チャレンジ予選,1,十文字 悠真,75.08,4,14,0.9397,0.9698
4420260913010002,大垣競輪,2R,08:50,初日,チャレンジ予選,5,半田 莉都,76.41,2,3,0.9354,0.9697
4420260913010002,大垣競輪,2R,08:50,初日,チャレンジ予選,2,荒木 真慈,73.53,4,0,0.9136,0.9657
4420260913010002,大垣競輪,2R,08:50,初日,チャレンジ予選,4,市川 博章,69.09,5,0,0.884,0.9623
4420260913010002,大垣競輪,2R,08:50,初日,チャレンジ予選,7,榊枝 輝文,70.96,1,0,0.8556,0.955
4420260913010002,大垣競輪,2R,08:50,初日,チャレンジ予選,3,武智 尚之,66.62,0,0,0.8298,0.9461
4420260913010002,大垣競輪,2R,08:50,初日,チャレンジ予選,6,梶應 弘樹,62.2,0,0,0.7231,0.8827
7520260912020002,松山競輪,2R,09:00,2日目,チャレンジ一般,1,山下 季秦,73.91,2,5,0.9558,0.9689
7520260912020002,松山競輪,2R,09:00,2日目,チャレンジ一般,4,小川 巧,79.13,0,0,0.9491,0.9691
7520260912020002,松山競輪,2R,09:00,2日目,チャレンジ一般,5,林 洋二,71.73,0,0,0.9234,0.9667
7520260912020002,松山競輪,2R,09:00,2日目,チャレンジ一般,2,磯村 蓮太,68.27,3,6,0.8347,0.9557
7520260912020002,松山競輪,2R,09:00,2日目,チャレンジ一般,3,小塚 潤,70.59,0,0,0.8247,0.9662
7520260912020002,松山競輪,2R,09:00,2日目,チャレンジ一般,6,松尾 正人,67.52,0,0,0.8016,0.9491
4420260913010003,大垣競輪,3R,09:10,初日,チャレンジ予選,1,永田 吏玖,73.06,5,8,0.9552,0.9698
4420260913010003,大垣競輪,3R,09:10,初日,チャレンジ予選,7,松本 一志,75.77,6,12,0.9371,0.9687
4420260913010003,大垣競輪,3R,09:10,初日,チャレンジ予選,3,松田 直也,72.09,3,3,0.8943,0.9572
4420260913010003,大垣競輪,3R,09:10,初日,チャレンジ予選,5,山田 圭二,71.81,1,0,0.8803,0.9662
4420260913010003,大垣競輪,3R,09:10,初日,チャレンジ予選,2,大澤 哉太,68.86,0,0,0.7763,0.9623
4420260913010003,大垣競輪,3R,09:10,初日,チャレンジ予選,4,坂本 智哉,68.66,0,0,0.733,0.9486
4420260913010003,大垣競輪,3R,09:10,初日,チャレンジ予選,6,高瀬 卓,64.64,0,0,0.5145,0.9438
7520260912020003,松山競輪,3R,09:20,2日目,チャレンジ選抜,3,木本 賢二,74.33,4,0,0.9246,0.9679
7520260912020003,松山競輪,3R,09:20,2日目,チャレンジ選抜,2,富澤 洋祐,71.33,0,0,0.8391,0.9695
7520260912020003,松山競輪,3R,09:20,2日目,チャレンジ選抜,7,大崎 龍一郎,70.87,0,0,0.8287,0.9682
7520260912020003,松山競輪,3R,09:20,2日目,チャレンジ選抜,1,天沼 雅貴,69.16,0,0,0.8276,0.9653
7520260912020003,松山競輪,3R,09:20,2日目,チャレンジ選抜,4,青木 亮太,68.6,0,0,0.823,0.9475
7520260912020003,松山競輪,3R,09:20,2日目,チャレンジ選抜,6,藤原 義浩,65.73,0,0,0.6181,0.9361
7520260912020003,松山競輪,3R,09:20,2日目,チャレンジ選抜,5,安坂 洋一,70.4,0,0,0.5253,0.967
4420260913010004,大垣競輪,4R,09:30,初日,チャレンジ予選,7,須藤 雄太,73.44,0,0,0.9581,0.9672
4420260913010004,大垣競輪,4R,09:30,初日,チャレンジ予選,2,松永 真太,78.25,4,1,0.9527,0.9691
4420260913010004,大垣競輪,4R,09:30,初日,チャレンジ予選,4,森田 瑞基,76.8,4,11,0.9348,0.9698
4420260913010004,大垣競輪,4R,09:30,初日,チャレンジ予選,3,古川 大輔,72.16,7,11,0.7784,0.9675
4420260913010004,大垣競輪,4R,09:30,初日,チャレンジ予選,6,上原 直樹,68.95,1,0,0.7278,0.9209
4420260913010004,大垣競輪,4R,09:30,初日,チャレンジ予選,5,黒木 誠一,69.95,6,0,0.7108,0.9581
4420260913010004,大垣競輪,4R,09:30,初日,チャレンジ予選,1,大沼 孝行,69.04,2,3,0.66,0.9442
7520260912020004,松山競輪,4R,09:40,2日目,チャレンジ選抜,4,大薗 宏,74.45,3,0,0.921,0.9691
7520260912020004,松山競輪,4R,09:40,2日目,チャレンジ選抜,2,爲田 学,72.0,1,0,0.8959,0.969
7520260912020004,松山競輪,4R,09:40,2日目,チャレンジ選抜,5,佐野 多喜男,68.92,0,0,0.8941,0.9633
7520260912020004,松山競輪,4R,09:40,2日目,チャレンジ選抜,1,伊狩 知人,70.92,12,0,0.8462,0.9655
7520260912020004,松山競輪,4R,09:40,2日目,チャレンジ選抜,3,高田 大輔,68.76,1,0,0.7114,0.9214
7520260912020004,松山競輪,4R,09:40,2日目,チャレンジ選抜,6,隅田 幸助,67.93,0,2,0.5434,0.9456
7520260912020004,松山競輪,4R,09:40,2日目,チャレンジ選抜,7,柴田 昌樹,69.83,4,0,0.5074,0.967
4420260913010005,大垣競輪,5R,09:50,初日,チャレンジ予選,1,安部 龍文,77.96,1,0,0.9527,0.9691
4420260913010005,大垣競輪,5R,09:50,初日,チャレンジ予選,7,工藤 考生,72.48,0,0,0.9489,0.9672
4420260913010005,大垣競輪,5R,09:50,初日,チャレンジ予選,4,久保田 智之,77.33,1,9,0.9348,0.9698
4420260913010005,大垣競輪,5R,09:50,初日,チャレンジ予選,3,坂本 佳憲,68.0,7,0,0.8497,0.949
4420260913010005,大垣競輪,5R,09:50,初日,チャレンジ予選,5,吉野 猛,71.09,1,0,0.8156,0.966
4420260913010005,大垣競輪,5R,09:50,初日,チャレンジ予選,2,吉松 賢二,71.07,8,15,0.7928,0.9597
4420260913010005,大垣競輪,5R,09:50,初日,チャレンジ予選,6,中川 博文,66.95,1,0,0.5867,0.9083
7520260912020005,松山競輪,5R,10:00,2日目,チャレンジ準決勝,2,川村 昭弘,78.0,2,0,0.923,0.9691
7520260912020005,松山競輪,5R,10:00,2日目,チャレンジ準決勝,7,下山 聖斗,78.0,9,10,0.9044,0.9698
7520260912020005,松山競輪,5R,10:00,2日目,チャレンジ準決勝,5,大本 隆也,75.25,1,20,0.9028,0.9682
7520260912020005,松山競輪,5R,10:00,2日目,チャレンジ準決勝,1,船倉 卓郎,74.93,0,0,0.7452,0.9662
7520260912020005,松山競輪,5R,10:00,2日目,チャレンジ準決勝,3,児玉 東次郎,73.11,13,6,0.7426,0.9606
7520260912020005,松山競輪,5R,10:00,2日目,チャレンジ準決勝,4,関根 崇人,71.56,2,0,0.7365,0.9479
7520260912020005,松山競輪,5R,10:00,2日目,チャレンジ準決勝,6,田山 誠,67.66,0,5,0.6387,0.8905
4420260913010006,大垣競輪,6R,10:10,初日,チャレンジ予選,3,鈴木 那樹,79.35,2,12,0.9421,0.9696
4420260913010006,大垣競輪,6R,10:10,初日,チャレンジ予選,7,鶴岡 與之,76.36,1,0,0.9297,0.9692
4420260913010006,大垣競輪,6R,10:10,初日,チャレンジ予選,1,樫村 伸平,74.15,0,0,0.8974,0.9672
4420260913010006,大垣競輪,6R,10:10,初日,チャレンジ予選,5,浦崎 貴史,69.53,1,0,0.8551,0.9471
4420260913010006,大垣競輪,6R,10:10,初日,チャレンジ予選,4,古閑 良介,68.77,0,0,0.7826,0.951
4420260913010006,大垣競輪,6R,10:10,初日,チャレンジ予選,2,五反田 豊和,70.37,0,5,0.7824,0.9675
4420260913010006,大垣競輪,6R,10:10,初日,チャレンジ予選,6,浜田 翔平,67.18,4,6,0.6291,0.9457
7520260912020006,松山競輪,6R,10:20,2日目,チャレンジ準決勝,1,戸田 康平,77.18,4,5,0.9607,0.964
7520260912020006,松山競輪,6R,10:20,2日目,チャレンジ準決勝,4,渡邊 諒馬,78.94,3,3,0.9424,0.9697
7520260912020006,松山競輪,6R,10:20,2日目,チャレンジ準決勝,2,櫻井 利之,74.07,0,2,0.9068,0.9672
7520260912020006,松山競輪,6R,10:20,2日目,チャレンジ準決勝,3,秋永 昂人,71.48,4,1,0.7577,0.9634
7520260912020006,松山競輪,6R,10:20,2日目,チャレンジ準決勝,7,高橋 明久,70.14,10,3,0.6888,0.9652
7520260912020006,松山競輪,6R,10:20,2日目,チャレンジ準決勝,6,藤井 凜太郎,66.88,0,3,0.6583,0.9457
7520260912020006,松山競輪,6R,10:20,2日目,チャレンジ準決勝,5,竹野 行登,68.61,0,0,0.5527,0.9486
4420260913010007,大垣競輪,7R,10:30,初日,チャレンジ予選,3,西巻 秀太,72.9,1,0,0.9484,0.9672
4420260913010007,大垣競輪,7R,10:30,初日,チャレンジ予選,1,北村 篤,76.55,3,0,0.9438,0.9692
4420260913010007,大垣競輪,7R,10:30,初日,チャレンジ予選,5,西澤 優聖,77.19,3,5,0.9347,0.9697
4420260913010007,大垣競輪,7R,10:30,初日,チャレンジ予選,4,星野 京旺,72.61,11,5,0.8306,0.9675
4420260913010007,大垣競輪,7R,10:30,初日,チャレンジ予選,7,塚本 貴雄,69.2,3,0,0.7965,0.9623
4420260913010007,大垣競輪,7R,10:30,初日,チャレンジ予選,2,水木 裕聡,67.76,1,0,0.7564,0.9514
4420260913010007,大垣競輪,7R,10:30,初日,チャレンジ予選,6,三登 誉哲,66.25,0,0,0.6583,0.9472
7520260912020007,松山競輪,7R,10:40,2日目,チャレンジ準決勝,1,近藤 雄太,83.37,12,5,0.9621,0.9695
7520260912020007,松山競輪,7R,10:40,2日目,チャレンジ準決勝,7,照屋 将貴,76.16,5,0,0.9537,0.9573
7520260912020007,松山競輪,7R,10:40,2日目,チャレンジ準決勝,5,岡崎 昭次,77.42,1,1,0.9467,0.968
7520260912020007,松山競輪,7R,10:40,2日目,チャレンジ準決勝,2,宮本 寛大,74.26,2,6,0.7595,0.9662
7520260912020007,松山競輪,7R,10:40,2日目,チャレンジ準決勝,3,邊見 斎,72.44,18,0,0.7562,0.9631
7520260912020007,松山競輪,7R,10:40,2日目,チャレンジ準決勝,4,徳吉 正治,69.66,1,0,0.7462,0.9479
7520260912020007,松山競輪,7R,10:40,2日目,チャレンジ準決勝,6,松本 一成,67.6,2,5,0.5593,0.9457
2520260913010001,大宮競輪,1R,10:45,初日,Ａ級予選,3,石坂 永伍,85.74,3,1,0.9342,0.9691
2520260913010001,大宮競輪,1R,10:45,初日,Ａ級予選,5,原田 峻治,83.51,14,16,0.882,0.9673
2520260913010001,大宮競輪,1R,10:45,初日,Ａ級予選,1,齋藤 友幸,86.45,0,2,0.8818,0.9693
2520260913010001,大宮競輪,1R,10:45,初日,Ａ級予選,4,増田 利明,83.8,1,1,0.8613,0.9677
2520260913010001,大宮競輪,1R,10:45,初日,Ａ級予選,7,佐野 恭太,83.03,0,1,0.8178,0.964
2520260913010001,大宮競輪,1R,10:45,初日,Ａ級予選,2,堀 僚介,78.84,1,6,0.7526,0.9556
2520260913010001,大宮競輪,1R,10:45,初日,Ａ級予選,6,井上 将志,78.66,1,0,0.6027,0.9362
5320260910040001,奈良競輪,1R,10:58,最終日,Ｓ級一般,3,佐々木 堅次,100.45,6,1,0.8767,0.9691
5320260910040001,奈良競輪,1R,10:58,最終日,Ｓ級一般,6,梁島 邦友,97.36,5,5,0.8262,0.9676
5320260910040001,奈良競輪,1R,10:58,最終日,Ｓ級一般,5,黒瀬 浩太郎,105.26,8,7,0.8051,0.969
5320260910040001,奈良競輪,1R,10:58,最終日,Ｓ級一般,2,坂本 亮馬,100.25,0,0,0.7952,0.9669
5320260910040001,奈良競輪,1R,10:58,最終日,Ｓ級一般,4,後藤 悠,97.27,7,4,0.7403,0.9652
5320260910040001,奈良競輪,1R,10:58,最終日,Ｓ級一般,1,鈴木 謙太郎,96.35,3,5,0.6604,0.9508
2520260913010002,大宮競輪,2R,11:11,初日,Ａ級予選,1,後藤 彰仁,87.25,5,0,0.9452,0.9689
2520260913010002,大宮競輪,2R,11:11,初日,Ａ級予選,5,重倉 高史,86.48,8,16,0.9399,0.9697
2520260913010002,大宮競輪,2R,11:11,初日,Ａ級予選,2,八尋 翔平,84.05,0,0,0.8669,0.9669
2520260913010002,大宮競輪,2R,11:11,初日,Ａ級予選,7,坂木田 雄介,82.24,0,13,0.8415,0.9649
2520260913010002,大宮競輪,2R,11:11,初日,Ａ級予選,3,上野 真吾,83.28,0,0,0.8047,0.9542
2520260913010002,大宮競輪,2R,11:11,初日,Ａ級予選,6,北川 大成,78.95,0,2,0.7426,0.9445
2520260913010002,大宮競輪,2R,11:11,初日,Ａ級予選,4,黒田 篤,80.37,0,0,0.607,0.9444
5320260910040002,奈良競輪,2R,11:24,最終日,Ｓ級一般,5,近藤 誠二,95.62,0,0,0.8664,0.9663
5320260910040002,奈良競輪,2R,11:24,最終日,Ｓ級一般,3,上田 尭弥,100.57,3,4,0.8082,0.9691
5320260910040002,奈良競輪,2R,11:24,最終日,Ｓ級一般,2,飯嶋 則之,90.8,0,0,0.8024,0.9513
5320260910040002,奈良競輪,2R,11:24,最終日,Ｓ級一般,7,吉松 直人,95.58,2,0,0.7697,0.9645
5320260910040002,奈良競輪,2R,11:24,最終日,Ｓ級一般,4,上杉 嘉槻,96.09,0,21,0.7431,0.9679
5320260910040002,奈良競輪,2R,11:24,最終日,Ｓ級一般,1,村田 祐樹,103.65,6,14,0.7395,0.963
5320260910040002,奈良競輪,2R,11:24,最終日,Ｓ級一般,6,中島 竜誠,0.0,0,0,0.571,0.9534
2520260913010003,大宮競輪,3R,11:38,初日,Ａ級予選,1,土屋 仁,88.96,15,0,0.9536,0.9691
2520260913010003,大宮競輪,3R,11:38,初日,Ａ級予選,5,鳥越 靖弘,85.18,0,1,0.9432,0.9636
2520260913010003,大宮競輪,3R,11:38,初日,Ａ級予選,4,西本 健三郎,83.33,15,17,0.9193,0.9673
2520260913010003,大宮競輪,3R,11:38,初日,Ａ級予選,2,廣川 泰昭,84.44,1,1,0.9091,0.9664
2520260913010003,大宮競輪,3R,11:38,初日,Ａ級予選,3,山本 和虎,82.62,19,13,0.8796,0.9649
2520260913010003,大宮競輪,3R,11:38,初日,Ａ級予選,7,三宅 旬,82.08,3,0,0.7536,0.9275
2520260913010003,大宮競輪,3R,11:38,初日,Ａ級予選,6,大澤 裕之,78.03,0,0,0.6703,0.9323
5320260910040003,奈良競輪,3R,11:52,最終日,Ｓ級一般,2,朝倉 佳弘,101.22,2,0,0.8767,0.9635
5320260910040003,奈良競輪,3R,11:52,最終日,Ｓ級一般,3,藤田 昌宏,95.29,1,7,0.8752,0.9663
5320260910040003,奈良競輪,3R,11:52,最終日,Ｓ級一般,5,山内 卓也,101.0,1,0,0.8619,0.9669
5320260910040003,奈良競輪,3R,11:52,最終日,Ｓ級一般,4,幸田 望夢,95.16,5,2,0.7835,0.9654
5320260910040003,奈良競輪,3R,11:52,最終日,Ｓ級一般,7,栗本 武典,91.0,1,2,0.7728,0.9543
5320260910040003,奈良競輪,3R,11:52,最終日,Ｓ級一般,1,田中 大我,103.0,1,5,0.7685,0.9689
5320260910040003,奈良競輪,3R,11:52,最終日,Ｓ級一般,6,山根 慶太,90.92,1,9,0.5634,0.9454
2520260913010004,大宮競輪,4R,12:06,初日,Ａ級予選,7,上野 恭哉,91.0,4,3,0.9494,0.9697
2520260913010004,大宮競輪,4R,12:06,初日,Ａ級予選,5,寺林 正秋,84.96,0,0,0.9116,0.9664
2520260913010004,大宮競輪,4R,12:06,初日,Ａ級予選,3,飯田 裕次,88.76,0,0,0.9092,0.9692
2520260913010004,大宮競輪,4R,12:06,初日,Ａ級予選,2,佐々木 祐太,84.2,2,8,0.8755,0.9648
2520260913010004,大宮競輪,4R,12:06,初日,Ａ級予選,1,表原 周,84.75,0,2,0.8324,0.9584
2520260913010004,大宮競輪,4R,12:06,初日,Ａ級予選,4,竹内 優也,82.84,7,3,0.8169,0.9448
2520260913010004,大宮競輪,4R,12:06,初日,Ａ級予選,6,武市 和人,72.58,0,1,0.6079,0.9295
5320260910040004,奈良競輪,4R,12:20,最終日,Ｓ級選抜,7,渡部 哲男,105.88,1,0,0.8442,0.969
5320260910040004,奈良競輪,4R,12:20,最終日,Ｓ級選抜,2,川上 隆義,99.66,2,12,0.7874,0.9678
5320260910040004,奈良競輪,4R,12:20,最終日,Ｓ級選抜,3,小堺 浩二,101.17,5,1,0.7869,0.9691
5320260910040004,奈良競輪,4R,12:20,最終日,Ｓ級選抜,5,高橋 昇平,97.53,1,0,0.7522,0.9508
5320260910040004,奈良競輪,4R,12:20,最終日,Ｓ級選抜,9,佐伯 翔,99.04,2,0,0.7455,0.9629
5320260910040004,奈良競輪,4R,12:20,最終日,Ｓ級選抜,1,田村 大,99.28,0,16,0.7452,0.967
5320260910040004,奈良競輪,4R,12:20,最終日,Ｓ級選抜,6,伊藤 世哉,92.6,7,0,0.59,0.9353
5320260910040004,奈良競輪,4R,12:20,最終日,Ｓ級選抜,4,房州 輝也,94.54,0,0,0.5337,0.9337
5320260910040004,奈良競輪,4R,12:20,最終日,Ｓ級選抜,8,根本 哲吏,93.22,1,2,0.523,0.9453
2520260913010005,大宮競輪,5R,12:34,初日,Ａ級初日特選,2,今野 大輔,98.03,13,2,0.9375,0.969
2520260913010005,大宮競輪,5R,12:34,初日,Ａ級初日特選,7,吉田 智哉,95.67,6,2,0.9044,0.969
2520260913010005,大宮競輪,5R,12:34,初日,Ａ級初日特選,3,福田 拓也,94.6,2,0,0.8957,0.9683
2520260913010005,大宮競輪,5R,12:34,初日,Ａ級初日特選,1,保科 千春,92.55,5,0,0.847,0.9664
2520260913010005,大宮競輪,5R,12:34,初日,Ａ級初日特選,5,比佐 宝太,91.5,4,5,0.84,0.9654
2520260913010005,大宮競輪,5R,12:34,初日,Ａ級初日特選,4,飯田 辰哉,91.43,3,0,0.8258,0.9513
2520260913010005,大宮競輪,5R,12:34,初日,Ａ級初日特選,6,曽我 圭佑,91.2,6,12,0.7627,0.9454
5320260910040005,奈良競輪,5R,12:48,最終日,Ｓ級選抜,7,櫻井 正孝,104.66,7,0,0.8774,0.9692
5320260910040005,奈良競輪,5R,12:48,最終日,Ｓ級選抜,1,庄子 信弘,99.76,3,0,0.8309,0.9661
5320260910040005,奈良競輪,5R,12:48,最終日,Ｓ級選抜,5,大石 剣士,105.93,1,9,0.8051,0.969
5320260910040005,奈良競輪,5R,12:48,最終日,Ｓ級選抜,2,大崎 飛雄馬,97.6,8,0,0.7916,0.9632
5320260910040005,奈良競輪,5R,12:48,最終日,Ｓ級選抜,3,牧田 悠生,100.57,2,1,0.786,0.967
5320260910040005,奈良競輪,5R,12:48,最終日,Ｓ級選抜,9,松尾 信太郎,96.37,0,0,0.6995,0.939
5320260910040005,奈良競輪,5R,12:48,最終日,Ｓ級選抜,6,古川 宗行,93.75,0,0,0.5815,0.9313
5320260910040005,奈良競輪,5R,12:48,最終日,Ｓ級選抜,4,丸山 直樹,95.91,6,0,0.5687,0.9368
5320260910040005,奈良競輪,5R,12:48,最終日,Ｓ級選抜,8,畝木 聖,93.91,2,5,0.523,0.9455
2520260913010006,大宮競輪,6R,13:02,初日,Ｓ級予選,7,志村 龍己,103.07,5,0,0.8225,0.9689
2520260913010006,大宮競輪,6R,13:02,初日,Ｓ級予選,1,棚橋 勉,99.36,2,0,0.819,0.9547
2520260913010006,大宮競輪,6R,13:02,初日,Ｓ級予選,4,小西 晴己,101.81,7,5,0.7882,0.9691
2520260913010006,大宮競輪,6R,13:02,初日,Ｓ級予選,5,木暮 安由,100.77,0,0,0.7805,0.9665
2520260913010006,大宮競輪,6R,13:02,初日,Ｓ級予選,3,稲吉 悠大,99.05,5,0,0.7455,0.9629
2520260913010006,大宮競輪,6R,13:02,初日,Ｓ級予選,2,望月 湧世,97.26,0,12,0.7068,0.9558
2520260913010006,大宮競輪,6R,13:02,初日,Ｓ級予選,6,鶴 良生,94.6,2,4,0.5616,0.9455
5320260910040006,奈良競輪,6R,13:16,最終日,Ｓ級選抜,3,小林 弘和,102.55,3,0,0.8767,0.9691
5320260910040006,奈良競輪,6R,13:16,最終日,Ｓ級選抜,5,長谷部 翔,97.73,3,0,0.8459,0.9553
5320260910040006,奈良競輪,6R,13:16,最終日,Ｓ級選抜,1,川口 公太朗,103.88,2,0,0.82,0.969
5320260910040006,奈良競輪,6R,13:16,最終日,Ｓ級選抜,2,小畑 勝広,99.58,2,4,0.7492,0.9678
5320260910040006,奈良競輪,6R,13:16,最終日,Ｓ級選抜,7,徳田 匠,97.63,9,11,0.7434,0.9652
5320260910040006,奈良競輪,6R,13:16,最終日,Ｓ級選抜,9,桐山 敬太郎,97.29,5,0,0.6403,0.9539
5320260910040006,奈良競輪,6R,13:16,最終日,Ｓ級選抜,6,宝満 大作,91.77,0,0,0.59,0.9311
5320260910040006,奈良競輪,6R,13:16,最終日,Ｓ級選抜,4,安部 貴之,94.0,1,0,0.519,0.9425
5320260910040006,奈良競輪,6R,13:16,最終日,Ｓ級選抜,8,森山 智徳,93.88,6,7,0.503,0.9455
2520260913010007,大宮競輪,7R,13:30,初日,Ｓ級予選,2,松尾 透,100.35,3,0,0.8774,0.9691
2520260913010007,大宮競輪,7R,13:30,初日,Ｓ級予選,7,小林 潤二,97.52,0,0,0.8618,0.9661
2520260913010007,大宮競輪,7R,13:30,初日,Ｓ級予選,4,金子 哲大,98.05,4,2,0.8489,0.9671
2520260913010007,大宮競輪,7R,13:30,初日,Ｓ級予選,5,蓮井 祐輝,93.52,2,0,0.7594,0.9488
2520260913010007,大宮競輪,7R,13:30,初日,Ｓ級予選,3,小笠原 光,97.18,3,1,0.7591,0.9652
2520260913010007,大宮競輪,7R,13:30,初日,Ｓ級予選,1,安倍 大成,102.12,6,9,0.7526,0.9689
2520260913010007,大宮競輪,7R,13:30,初日,Ｓ級予選,6,五十嵐 力,93.0,0,0,0.5161,0.9424
5320260910040007,奈良競輪,7R,13:44,最終日,Ｓ級特選,5,才迫 開,102.32,4,2,0.8697,0.966
5320260910040007,奈良競輪,7R,13:44,最終日,Ｓ級特選,9,窓場 千加頼,104.05,3,0,0.8465,0.9671
5320260910040007,奈良競輪,7R,13:44,最終日,Ｓ級特選,7,伊藤 旭,110.68,3,3,0.821,0.969
5320260910040007,奈良競輪,7R,13:44,最終日,Ｓ級特選,2,石塚 輪太郎,108.0,3,7,0.7991,0.9692
5320260910040007,奈良競輪,7R,13:44,最終日,Ｓ級特選,3,瓜生 崇智,100.1,12,0,0.7463,0.9493
5320260910040007,奈良競輪,7R,13:44,最終日,Ｓ級特選,1,林 昌幸,102.28,1,14,0.6208,0.9627
5320260910040007,奈良競輪,7R,13:44,最終日,Ｓ級特選,6,矢野 昌彦,93.42,0,0,0.5959,0.9405
5320260910040007,奈良競輪,7R,13:44,最終日,Ｓ級特選,8,藤根 俊貴,97.69,1,2,0.5561,0.9369
5320260910040007,奈良競輪,7R,13:44,最終日,Ｓ級特選,4,塚本 瑠羽,98.56,0,2,0.5073,0.9439
2520260913010008,大宮競輪,8R,13:58,初日,Ｓ級予選,1,岸澤 賢太,100.14,4,0,0.863,0.9691
2520260913010008,大宮競輪,8R,13:58,初日,Ｓ級予選,4,古川 尚耶,97.17,1,0,0.8427,0.9661
2520260913010008,大宮競輪,8R,13:58,初日,Ｓ級予選,5,加藤 将武,100.95,1,7,0.7818,0.9689
2520260913010008,大宮競輪,8R,13:58,初日,Ｓ級予選,3,木村 直隆,95.34,4,0,0.7414,0.9212
2520260913010008,大宮競輪,8R,13:58,初日,Ｓ級予選,2,山下 一輝,97.41,2,0,0.7223,0.9679
2520260913010008,大宮競輪,8R,13:58,初日,Ｓ級予選,7,山崎 泰己,96.62,5,0,0.6289,0.9645
2520260913010008,大宮競輪,8R,13:58,初日,Ｓ級予選,6,北川 大五郎,93.08,5,5,0.5043,0.9454
5320260910040008,奈良競輪,8R,14:12,最終日,Ｓ級特選,5,小原 丈一郎,104.46,10,0,0.8705,0.9661
5320260910040008,奈良競輪,8R,14:12,最終日,Ｓ級特選,3,片岡 迪之,104.56,6,0,0.8465,0.9671
5320260910040008,奈良競輪,8R,14:12,最終日,Ｓ級特選,7,町田 太我,111.32,4,17,0.8166,0.9636
5320260910040008,奈良競輪,8R,14:12,最終日,Ｓ級特選,2,道場 晃規,109.17,1,1,0.7751,0.9637
5320260910040008,奈良競輪,8R,14:12,最終日,Ｓ級特選,9,岩本 和也,97.27,0,0,0.6823,0.9483
5320260910040008,奈良競輪,8R,14:12,最終日,Ｓ級特選,1,高久保 雄介,103.0,4,2,0.6664,0.9627
5320260910040008,奈良競輪,8R,14:12,最終日,Ｓ級特選,6,長井 妙樹,95.82,0,1,0.6184,0.9303
5320260910040008,奈良競輪,8R,14:12,最終日,Ｓ級特選,4,稲垣 裕之,97.25,4,0,0.57,0.9368
5320260910040008,奈良競輪,8R,14:12,最終日,Ｓ級特選,8,高津 晃治,96.11,1,0,0.5025,0.9329
2520260913010009,大宮競輪,9R,14:27,初日,Ｓ級予選,7,紺野 哲也,100.0,0,0,0.8619,0.9669
2520260913010009,大宮競輪,9R,14:27,初日,Ｓ級予選,5,天田 裕輝,97.03,0,0,0.8162,0.9671
2520260913010009,大宮競輪,9R,14:27,初日,Ｓ級予選,4,八日市屋 浩之,96.78,3,0,0.8086,0.9632
2520260913010009,大宮競輪,9R,14:27,初日,Ｓ級予選,3,佐藤 博紀,104.28,9,0,0.801,0.969
2520260913010009,大宮競輪,9R,14:27,初日,Ｓ級予選,1,貴志 修己,101.65,5,12,0.7811,0.9691
2520260913010009,大宮競輪,9R,14:27,初日,Ｓ級予選,2,稲葉 一真,94.8,4,0,0.7597,0.9513
2520260913010009,大宮競輪,9R,14:27,初日,Ｓ級予選,6,栗本 尚宗,90.7,2,3,0.5634,0.9454
5320260910040009,奈良競輪,9R,14:42,最終日,Ｓ級特選,9,佐藤 慎太郎,113.21,0,0,0.8311,0.969
5320260910040009,奈良競輪,9R,14:42,最終日,Ｓ級特選,5,真鍋 智寛,103.57,3,2,0.8011,0.966
5320260910040009,奈良競輪,9R,14:42,最終日,Ｓ級特選,3,阿部 将大,110.14,8,5,0.7761,0.9637
5320260910040009,奈良競輪,9R,14:42,最終日,Ｓ級特選,2,友定 祐己,102.74,8,0,0.7718,0.9627
5320260910040009,奈良競輪,9R,14:42,最終日,Ｓ級特選,1,酒井 雄多,107.36,3,11,0.7405,0.9671
5320260910040009,奈良競輪,9R,14:42,最終日,Ｓ級特選,7,堀内 俊介,100.83,3,5,0.7126,0.917
5320260910040009,奈良競輪,9R,14:42,最終日,Ｓ級特選,6,菱田 浩二,97.0,5,14,0.594,0.9429
5320260910040009,奈良競輪,9R,14:42,最終日,Ｓ級特選,8,牧 剛央,98.76,9,0,0.5174,0.9358
5320260910040009,奈良競輪,9R,14:42,最終日,Ｓ級特選,4,横関 裕樹,100.6,13,0,0.5151,0.9343
2520260913010010,大宮競輪,10R,14:57,初日,Ｓ級予選,3,濱田 浩司,106.07,5,0,0.8442,0.969
2520260913010010,大宮競輪,10R,14:57,初日,Ｓ級予選,5,山中 貴雄,97.76,2,0,0.8415,0.9661
2520260913010010,大宮競輪,10R,14:57,初日,Ｓ級予選,4,小川 三士郎,101.2,1,7,0.8082,0.9691
2520260913010010,大宮競輪,10R,14:57,初日,Ｓ級予選,7,西村 行貴,96.72,0,0,0.7691,0.9508
2520260913010010,大宮競輪,10R,14:57,初日,Ｓ級予選,2,磯川 勝裕,99.72,0,0,0.748,0.9663
2520260913010010,大宮競輪,10R,14:57,初日,Ｓ級予選,1,齋藤 登志信,96.77,2,0,0.6854,0.9632
2520260913010010,大宮競輪,10R,14:57,初日,Ｓ級予選,6,五十嵐 綾,94.82,10,7,0.568,0.9455
5320260910040010,奈良競輪,10R,15:12,最終日,Ｓ級特秀,9,山田 久徳,108.7,6,0,0.8548,0.9692
5320260910040010,奈良競輪,10R,15:12,最終日,Ｓ級特秀,5,中村 圭志,106.88,3,0,0.8472,0.9547
5320260910040010,奈良競輪,10R,15:12,最終日,Ｓ級特秀,7,中釜 章成,110.61,12,11,0.821,0.969
5320260910040010,奈良競輪,10R,15:12,最終日,Ｓ級特秀,2,岩井 芯,107.38,2,8,0.7766,0.9671
5320260910040010,奈良競輪,10R,15:12,最終日,Ｓ級特秀,3,内藤 宣彦,105.1,1,0,0.7235,0.9501
5320260910040010,奈良競輪,10R,15:12,最終日,Ｓ級特秀,1,谷内 健太,105.78,3,13,0.6394,0.9629
5320260910040010,奈良競輪,10R,15:12,最終日,Ｓ級特秀,6,佐藤 雅春,93.76,1,0,0.5773,0.9313
5320260910040010,奈良競輪,10R,15:12,最終日,Ｓ級特秀,8,田中 晴基,100.77,13,0,0.5291,0.9316
5320260910040010,奈良競輪,10R,15:12,最終日,Ｓ級特秀,4,久島 尚樹,104.33,6,0,0.5168,0.9328
2520260913010011,大宮競輪,11R,15:28,初日,Ｓ級予選,5,高木 翔,96.7,0,0,0.8736,0.9663
2520260913010011,大宮競輪,11R,15:28,初日,Ｓ級予選,1,東矢 昇太,102.0,3,0,0.8638,0.9691
2520260913010011,大宮競輪,11R,15:28,初日,Ｓ級予選,4,網谷 竜次,95.69,1,0,0.7954,0.9622
2520260913010011,大宮競輪,11R,15:28,初日,Ｓ級予選,3,照井 拓成,101.04,1,1,0.786,0.967
2520260913010011,大宮競輪,11R,15:28,初日,Ｓ級予選,7,松本 秀之慎,105.52,1,7,0.785,0.969
2520260913010011,大宮競輪,11R,15:28,初日,Ｓ級予選,2,長屋 秀明,94.72,5,4,0.7562,0.9562
2520260913010011,大宮競輪,11R,15:28,初日,Ｓ級予選,6,谷口 明正,94.5,3,1,0.5656,0.9376
5320260910040011,奈良競輪,11R,15:44,最終日,Ｓ級特秀,3,小川 勇介,109.22,2,0,0.8695,0.9692
5320260910040011,奈良競輪,11R,15:44,最終日,Ｓ級特秀,2,南 修二,114.62,1,0,0.8277,0.969
5320260910040011,奈良競輪,11R,15:44,最終日,Ｓ級特秀,1,新田 康仁,106.61,0,0,0.8238,0.9547
5320260910040011,奈良競輪,11R,15:44,最終日,Ｓ級特秀,9,久田 朔,107.03,4,16,0.7354,0.9671
5320260910040011,奈良競輪,11R,15:44,最終日,Ｓ級特秀,6,吉川 起也,96.36,1,3,0.7009,0.89
5320260910040011,奈良競輪,11R,15:44,最終日,Ｓ級特秀,7,松坂 洋平,106.13,5,0,0.6942,0.9629
5320260910040011,奈良競輪,11R,15:44,最終日,Ｓ級特秀,5,岩谷 拓磨,105.96,11,7,0.6928,0.9501
5320260910040011,奈良競輪,11R,15:44,最終日,Ｓ級特秀,4,久米 良,105.72,2,0,0.516,0.9328
5320260910040011,奈良競輪,11R,15:44,最終日,Ｓ級特秀,8,畑段 嵐士,101.88,6,1,0.5092,0.9319
4320260913010001,岐阜競輪,1R,15:51,初日,Ａ級予選,5,室井 竜二,88.64,0,0,0.9268,0.9682
4320260913010001,岐阜競輪,1R,15:51,初日,Ａ級予選,3,原田 泰志,85.4,7,1,0.9094,0.9565
4320260913010001,岐阜競輪,1R,15:51,初日,Ａ級予選,1,木村 浩宣,88.34,3,2,0.8936,0.9657
4320260913010001,岐阜競輪,1R,15:51,初日,Ａ級予選,4,木村 優駿,84.92,10,22,0.8824,0.9659
4320260913010001,岐阜競輪,1R,15:51,初日,Ａ級予選,7,阿部 英光,84.27,0,0,0.8605,0.9573
4320260913010001,岐阜競輪,1R,15:51,初日,Ａ級予選,2,藤原 夏志,82.15,1,2,0.815,0.9549
4320260913010001,岐阜競輪,1R,15:51,初日,Ａ級予選,6,一ノ瀬 貴将,79.16,0,0,0.6542,0.9362
2520260913010012,大宮競輪,12R,15:59,初日,Ｓ級初特選,2,恩田 淳平,107.92,5,0,0.8236,0.969
2520260913010012,大宮競輪,12R,15:59,初日,Ｓ級初特選,4,松岡 辰泰,106.0,7,5,0.8092,0.9692
2520260913010012,大宮競輪,12R,15:59,初日,Ｓ級初特選,1,藤田 勝也,104.2,0,0,0.7731,0.9655
2520260913010012,大宮競輪,12R,15:59,初日,Ｓ級初特選,5,山下 渡,102.61,2,0,0.7706,0.9619
2520260913010012,大宮競輪,12R,15:59,初日,Ｓ級初特選,7,川津 悠揮,105.17,7,0,0.7585,0.9652
2520260913010012,大宮競輪,12R,15:59,初日,Ｓ級初特選,3,堤 洋,100.58,0,0,0.7476,0.9493
2520260913010012,大宮競輪,12R,15:59,初日,Ｓ級初特選,6,山口 多聞,97.61,1,17,0.5881,0.9448
8520260912020001,佐世保競輪,1R,16:06,2日目,Ａ級一般,7,中野 智公,83.28,2,0,0.9455,0.9633
8520260912020001,佐世保競輪,1R,16:06,2日目,Ａ級一般,1,土井 慎二,81.61,2,5,0.9005,0.9697
8520260912020001,佐世保競輪,1R,16:06,2日目,Ａ級一般,2,野崎 翼,81.11,13,8,0.8955,0.9682
8520260912020001,佐世保競輪,1R,16:06,2日目,Ａ級一般,5,吉田 夢希斗,78.41,10,12,0.8672,0.9458
8520260912020001,佐世保競輪,1R,16:06,2日目,Ａ級一般,4,高比良 豪,81.09,0,1,0.7929,0.9662
8520260912020001,佐世保競輪,1R,16:06,2日目,Ａ級一般,6,奈良 基,77.88,1,3,0.7651,0.9271
8520260912020001,佐世保競輪,1R,16:06,2日目,Ａ級一般,3,若林 耕司,78.92,0,0,0.7379,0.9596
4320260913010002,岐阜競輪,2R,16:14,初日,Ａ級予選,5,上遠野 拓馬,88.92,6,8,0.9403,0.9696
4320260913010002,岐阜競輪,2R,16:14,初日,Ａ級予選,4,愛敬 博之,87.8,0,0,0.9282,0.9639
4320260913010002,岐阜競輪,2R,16:14,初日,Ａ級予選,2,外崎 一成,84.8,3,0,0.9083,0.967
4320260913010002,岐阜競輪,2R,16:14,初日,Ａ級予選,1,山田 哲也,83.03,5,0,0.8585,0.9658
4320260913010002,岐阜競輪,2R,16:14,初日,Ａ級予選,7,岩城 佑典,82.12,6,7,0.8415,0.9649
4320260913010002,岐阜競輪,2R,16:14,初日,Ａ級予選,3,金子 周一郎,80.47,2,0,0.7083,0.9479
4320260913010002,岐阜競輪,2R,16:14,初日,Ａ級予選,6,田口 守,75.5,0,0,0.512,0.9409
5320260910040012,奈良競輪,12R,16:21,最終日,Ｓ級決勝,9,山田 庸平,113.28,4,1,0.8275,0.9547
5320260910040012,奈良競輪,12R,16:21,最終日,Ｓ級決勝,3,犬伏 湧也,120.2,0,12,0.74,0.9692
5320260910040012,奈良競輪,12R,16:21,最終日,Ｓ級決勝,5,浅井 康太,113.95,4,1,0.723,0.9666
5320260910040012,奈良競輪,12R,16:21,最終日,Ｓ級決勝,1,古性 優作,121.52,3,1,0.7183,0.969
5320260910040012,奈良競輪,12R,16:21,最終日,Ｓ級決勝,2,根田 空史,111.34,0,14,0.6891,0.9502
5320260910040012,奈良競輪,12R,16:21,最終日,Ｓ級決勝,7,杉浦 侑吾,111.53,0,13,0.6868,0.9619
5320260910040012,奈良競輪,12R,16:21,最終日,Ｓ級決勝,6,丸山 留依,102.04,8,13,0.5755,0.9325
5320260910040012,奈良競輪,12R,16:21,最終日,Ｓ級決勝,8,中井 太祐,104.66,1,0,0.5294,0.9329
5320260910040012,奈良競輪,12R,16:21,最終日,Ｓ級決勝,4,村上 博幸,110.05,6,0,0.508,0.9357
8520260912020002,佐世保競輪,2R,16:28,2日目,Ａ級一般,5,古川 貴之,86.47,2,5,0.9472,0.9653
8520260912020002,佐世保競輪,2R,16:28,2日目,Ａ級一般,2,須永 勝太,83.48,1,0,0.904,0.9691
8520260912020002,佐世保競輪,2R,16:28,2日目,Ａ級一般,7,大関 祐也,80.59,9,11,0.8952,0.9675
8520260912020002,佐世保競輪,2R,16:28,2日目,Ａ級一般,3,板崎 佑矢,81.85,1,0,0.8768,0.9548
8520260912020002,佐世保競輪,2R,16:28,2日目,Ａ級一般,1,中園 朋亨,78.78,4,0,0.7746,0.9631
8520260912020002,佐世保競輪,2R,16:28,2日目,Ａ級一般,4,薮 謙治,76.9,0,0,0.7372,0.948
8520260912020002,佐世保競輪,2R,16:28,2日目,Ａ級一般,6,眞鍋 伸也,73.61,5,0,0.5748,0.9409
4320260913010003,岐阜競輪,3R,16:38,初日,Ａ級予選,7,鷲見 逸喜,87.92,5,0,0.9447,0.969
4320260913010003,岐阜競輪,3R,16:38,初日,Ａ級予選,2,峯口 司,85.28,1,2,0.9425,0.9697
4320260913010003,岐阜競輪,3R,16:38,初日,Ａ級予選,4,渡邉 直弥,84.65,8,0,0.9206,0.967
4320260913010003,岐阜競輪,3R,16:38,初日,Ａ級予選,5,小林 史也,84.62,2,10,0.882,0.9673
4320260913010003,岐阜競輪,3R,16:38,初日,Ａ級予選,1,本村 隆文,84.51,2,0,0.8443,0.9616
4320260913010003,岐阜競輪,3R,16:38,初日,Ａ級予選,3,池邉 聖,82.28,5,7,0.8191,0.9446
4320260913010003,岐阜競輪,3R,16:38,初日,Ａ級予選,6,杉山 剛,81.57,2,0,0.7495,0.9361
8520260912020003,佐世保競輪,3R,16:50,2日目,Ａ級準決勝,3,山崎 航,89.55,3,13,0.9509,0.9698
8520260912020003,佐世保競輪,3R,16:50,2日目,Ａ級準決勝,4,山下 祐輔,89.22,3,10,0.918,0.9683
8520260912020003,佐世保競輪,3R,16:50,2日目,Ａ級準決勝,2,相澤 政宏,92.45,4,0,0.9123,0.9691
8520260912020003,佐世保競輪,3R,16:50,2日目,Ａ級準決勝,5,坂口 卓士,86.41,0,0,0.8814,0.9658
8520260912020003,佐世保競輪,3R,16:50,2日目,Ａ級準決勝,7,吉永 和生,84.62,2,0,0.8638,0.9627
8520260912020003,佐世保競輪,3R,16:50,2日目,Ａ級準決勝,6,白濱 一平,80.33,2,8,0.8093,0.9409
8520260912020003,佐世保競輪,3R,16:50,2日目,Ａ級準決勝,1,福田 真平,81.0,0,0,0.6394,0.9534
4320260913010004,岐阜競輪,4R,17:02,初日,Ａ級予選,7,梶原 大地,88.46,7,15,0.9514,0.9696
4320260913010004,岐阜競輪,4R,17:02,初日,Ａ級予選,2,川島 勝,86.61,9,0,0.9218,0.9683
4320260913010004,岐阜競輪,4R,17:02,初日,Ａ級予選,3,吉永 好宏,84.68,1,1,0.9206,0.968
4320260913010004,岐阜競輪,4R,17:02,初日,Ａ級予選,1,宮下 一歩,83.96,9,20,0.8324,0.9673
4320260913010004,岐阜競輪,4R,17:02,初日,Ａ級予選,4,小島 雅章,81.23,0,0,0.7384,0.9631
4320260913010004,岐阜競輪,4R,17:02,初日,Ａ級予選,5,清水 邦章,79.0,0,0,0.695,0.9505
4320260913010004,岐阜競輪,4R,17:02,初日,Ａ級予選,6,森川 剛,78.09,1,1,0.5976,0.9323
8520260912020004,佐世保競輪,4R,17:14,2日目,Ａ級準決勝,3,鷲田 佳史,93.66,2,0,0.9301,0.9691
8520260912020004,佐世保競輪,4R,17:14,2日目,Ａ級準決勝,7,猪狩 祐樹,92.9,0,5,0.9301,0.9698
8520260912020004,佐世保競輪,4R,17:14,2日目,Ａ級準決勝,2,中村 雅仁,89.33,2,0,0.9103,0.9575
8520260912020004,佐世保競輪,4R,17:14,2日目,Ａ級準決勝,1,田中 孝彦,88.14,2,0,0.8672,0.9662
8520260912020004,佐世保競輪,4R,17:14,2日目,Ａ級準決勝,4,櫻木 雄太,87.85,4,2,0.8588,0.965
8520260912020004,佐世保競輪,4R,17:14,2日目,Ａ級準決勝,5,吉田 篤史,85.5,4,6,0.8111,0.9548
8520260912020004,佐世保競輪,4R,17:14,2日目,Ａ級準決勝,6,峰重 祐之介,83.58,10,0,0.5711,0.9399
4320260913010005,岐阜競輪,5R,17:26,初日,Ａ級初日特選,2,吉堂 将規,93.61,9,3,0.9259,0.9642
4320260913010005,岐阜競輪,5R,17:26,初日,Ａ級初日特選,4,三浦 雄大,93.86,6,0,0.9064,0.9695
4320260913010005,岐阜競輪,5R,17:26,初日,Ａ級初日特選,1,須藤 悟,92.48,4,0,0.8919,0.9668
4320260913010005,岐阜競輪,5R,17:26,初日,Ａ級初日特選,3,藤井 優希,91.05,1,12,0.8833,0.9654
4320260913010005,岐阜競輪,5R,17:26,初日,Ａ級初日特選,5,南儀 拓海,91.9,4,15,0.8587,0.9677
4320260913010005,岐阜競輪,5R,17:26,初日,Ａ級初日特選,6,名川 豊,89.44,3,0,0.8127,0.9369
4320260913010005,岐阜競輪,5R,17:26,初日,Ａ級初日特選,7,肥後 尚己,90.8,2,0,0.7899,0.9488
8520260912020005,佐世保競輪,5R,17:38,2日目,Ａ級準決勝,4,内藤 久文,92.72,2,10,0.9144,0.9698
8520260912020005,佐世保競輪,5R,17:38,2日目,Ａ級準決勝,2,山田 雄大,89.2,0,1,0.9113,0.9683
8520260912020005,佐世保競輪,5R,17:38,2日目,Ａ級準決勝,3,森安 崇之,93.48,2,0,0.895,0.9691
8520260912020005,佐世保競輪,5R,17:38,2日目,Ａ級準決勝,1,山口 龍也,88.76,2,1,0.8806,0.9662
8520260912020005,佐世保競輪,5R,17:38,2日目,Ａ級準決勝,7,白井 優太朗,85.69,3,7,0.8532,0.9648
8520260912020005,佐世保競輪,5R,17:38,2日目,Ａ級準決勝,5,鈴木 謙二,84.4,3,1,0.7543,0.9494
8520260912020005,佐世保競輪,5R,17:38,2日目,Ａ級準決勝,6,三住 博昭,80.8,1,0,0.7234,0.8884
4320260913010006,岐阜競輪,6R,17:50,初日,ガールズ予選１,5,東 美月,52.78,0,2,0.9781,0.9684
4320260913010006,岐阜競輪,6R,17:50,初日,ガールズ予選１,4,五味田 奈穂,53.79,13,7,0.9568,0.9697
4320260913010006,岐阜競輪,6R,17:50,初日,ガールズ予選１,2,藤田 まりあ,56.61,0,3,0.9428,0.9697
4320260913010006,岐阜競輪,6R,17:50,初日,ガールズ予選１,6,石井 貴子,50.7,10,7,0.9085,0.9669
4320260913010006,岐阜競輪,6R,17:50,初日,ガールズ予選１,3,宮西 令奈,48.8,3,0,0.6951,0.9643
4320260913010006,岐阜競輪,6R,17:50,初日,ガールズ予選１,1,吉田 恵利,47.06,0,2,0.6852,0.9545
4320260913010006,岐阜競輪,6R,17:50,初日,ガールズ予選１,7,羽田野 愛花,46.66,2,2,0.5261,0.943
8520260912020006,佐世保競輪,6R,18:02,2日目,Ｓ級一般,2,花田 将司,94.84,6,0,0.8501,0.9664
8520260912020006,佐世保競輪,6R,18:02,2日目,Ｓ級一般,1,鰐淵 圭佑,95.54,3,0,0.8379,0.9673
8520260912020006,佐世保競輪,6R,18:02,2日目,Ｓ級一般,4,小榑 佑弥,92.61,2,1,0.7881,0.9654
8520260912020006,佐世保競輪,6R,18:02,2日目,Ｓ級一般,5,鈴木 浩太,99.7,6,15,0.7814,0.9694
8520260912020006,佐世保競輪,6R,18:02,2日目,Ｓ級一般,3,松岡 孔明,99.69,1,0,0.7801,0.9693
4320260913010007,岐阜競輪,7R,18:14,初日,ガールズ予選１,1,渡口 まりあ,52.6,11,14,0.9822,0.9684
4320260913010007,岐阜競輪,7R,18:14,初日,ガールズ予選１,3,西脇 美唯奈,53.35,0,3,0.9562,0.9695
4320260913010007,岐阜競輪,7R,18:14,初日,ガールズ予選１,4,小林 優香,56.47,0,2,0.9546,0.9693
4320260913010007,岐阜競輪,7R,18:14,初日,ガールズ予選１,7,小泉 夢菜,52.33,0,0,0.9056,0.9677
4320260913010007,岐阜競輪,7R,18:14,初日,ガールズ予選１,2,杉沢 毛伊子,48.43,3,3,0.8064,0.9633
4320260913010007,岐阜競輪,7R,18:14,初日,ガールズ予選１,5,星野 しほ,46.73,2,0,0.6434,0.951
4320260913010007,岐阜競輪,7R,18:14,初日,ガールズ予選１,6,林 香穂,46.33,0,0,0.5553,0.9374
8520260912020007,佐世保競輪,7R,18:26,2日目,Ｓ級一般,4,柿本 大貴,95.12,0,8,0.8554,0.9677
8520260912020007,佐世保競輪,7R,18:26,2日目,Ｓ級一般,3,坂田 章,98.58,2,0,0.8469,0.9692
8520260912020007,佐世保競輪,7R,18:26,2日目,Ｓ級一般,2,大矢 将大,98.5,0,0,0.8438,0.9671
8520260912020007,佐世保競輪,7R,18:26,2日目,Ｓ級一般,5,白戸 淳太郎,94.08,0,0,0.7827,0.9624
8520260912020007,佐世保競輪,7R,18:26,2日目,Ｓ級一般,6,内山 貴裕,93.94,1,0,0.7493,0.9543
8520260912020007,佐世保競輪,7R,18:26,2日目,Ｓ級一般,1,山本 拳也,100.4,2,0,0.7471,0.9689
4320260913010008,岐阜競輪,8R,18:38,初日,Ｓ級予選,7,武藤 篤弘,98.92,3,0,0.8737,0.9661
4320260913010008,岐阜競輪,8R,18:38,初日,Ｓ級予選,2,桑名 僚也,103.88,3,0,0.8122,0.969
4320260913010008,岐阜競輪,8R,18:38,初日,Ｓ級予選,4,朝倉 智仁,102.0,6,9,0.8082,0.9691
4320260913010008,岐阜競輪,8R,18:38,初日,Ｓ級予選,5,元砂 勇雪,98.9,2,0,0.7665,0.9629
4320260913010008,岐阜競輪,8R,18:38,初日,Ｓ級予選,1,佐山 寛明,99.66,1,1,0.7475,0.9678
4320260913010008,岐阜競輪,8R,18:38,初日,Ｓ級予選,3,西田 雅志,97.48,0,0,0.7347,0.9508
4320260913010008,岐阜競輪,8R,18:38,初日,Ｓ級予選,6,中原 航大,94.72,3,12,0.5312,0.9455
8520260912020008,佐世保競輪,8R,18:50,2日目,Ｓ級選抜,4,佐藤 愼太郎,99.77,1,0,0.8813,0.9661
8520260912020008,佐世保競輪,8R,18:50,2日目,Ｓ級選抜,2,斉藤 樂,101.16,3,4,0.8082,0.9691
8520260912020008,佐世保競輪,8R,18:50,2日目,Ｓ級選抜,3,荒川 達郎,102.57,3,11,0.7942,0.9689
8520260912020008,佐世保競輪,8R,18:50,2日目,Ｓ級選抜,7,真崎 新太郎,97.17,2,0,0.7907,0.9632
8520260912020008,佐世保競輪,8R,18:50,2日目,Ｓ級選抜,5,尾方 祐仁,100.56,0,10,0.7872,0.967
8520260912020008,佐世保競輪,8R,18:50,2日目,Ｓ級選抜,1,水谷 良和,96.47,2,0,0.7131,0.9508
8520260912020008,佐世保競輪,8R,18:50,2日目,Ｓ級選抜,6,奥村 諭志,92.96,2,3,0.5345,0.909
4320260913010009,岐阜競輪,9R,19:02,初日,Ｓ級予選,2,望月 永悟,98.37,1,0,0.8308,0.9671
4320260913010009,岐阜競輪,9R,19:02,初日,Ｓ級予選,4,福田 滉,101.09,3,1,0.8245,0.9689
4320260913010009,岐阜競輪,9R,19:02,初日,Ｓ級予選,7,染谷 幸喜,100.61,6,5,0.8082,0.9691
4320260913010009,岐阜競輪,9R,19:02,初日,Ｓ級予選,1,児玉 虎之介,98.14,7,8,0.7553,0.9674
4320260913010009,岐阜競輪,9R,19:02,初日,Ｓ級予選,3,笠松 将太,96.41,1,5,0.6908,0.9652
4320260913010009,岐阜競輪,9R,19:02,初日,Ｓ級予選,5,中園 和剛,95.75,7,0,0.6903,0.9483
4320260913010009,岐阜競輪,9R,19:02,初日,Ｓ級予選,6,坂上 樹大,93.56,3,0,0.5367,0.9376
8520260912020009,佐世保競輪,9R,19:14,2日目,Ｓ級選抜,5,山口 敦也,102.15,2,0,0.8627,0.9691
8520260912020009,佐世保競輪,9R,19:14,2日目,Ｓ級選抜,2,柴崎 俊光,100.44,3,0,0.8564,0.9659
8520260912020009,佐世保競輪,9R,19:14,2日目,Ｓ級選抜,7,稲毛 健太,100.89,3,5,0.7645,0.967
8520260912020009,佐世保競輪,9R,19:14,2日目,Ｓ級選抜,1,市橋 司優人,102.69,2,2,0.7621,0.9679
8520260912020009,佐世保競輪,9R,19:14,2日目,Ｓ級選抜,4,泉 慶輔,95.89,10,0,0.7388,0.9539
8520260912020009,佐世保競輪,9R,19:14,2日目,Ｓ級選抜,3,安彦 統賀,99.88,6,4,0.7201,0.9641
8520260912020009,佐世保競輪,9R,19:14,2日目,Ｓ級選抜,6,内田 玄希,94.96,17,0,0.5192,0.9376
4320260913010010,岐阜競輪,10R,19:26,初日,Ｓ級予選,5,瀬戸 晋作,98.95,2,0,0.8737,0.9661
4320260913010010,岐阜競輪,10R,19:26,初日,Ｓ級予選,7,大森 慶一,107.51,14,0,0.8418,0.9677
4320260913010010,岐阜競輪,10R,19:26,初日,Ｓ級予選,1,荒澤 貴史,104.0,0,0,0.8172,0.969
4320260913010010,岐阜競輪,10R,19:26,初日,Ｓ級予選,4,木村 弘,101.3,0,10,0.7872,0.967
4320260913010010,岐阜競輪,10R,19:26,初日,Ｓ級予選,2,小柳 智徳,96.57,1,6,0.7509,0.9558
4320260913010010,岐阜競輪,10R,19:26,初日,Ｓ級予選,6,城 幸弘,95.65,3,0,0.6315,0.8888
4320260913010010,岐阜競輪,10R,19:26,初日,Ｓ級予選,3,山本 紳貴,97.3,3,0,0.6145,0.9645
8520260912020010,佐世保競輪,10R,19:38,2日目,Ｓ級準決勝,5,池田 良,103.61,1,0,0.8446,0.9666
8520260912020010,佐世保競輪,10R,19:38,2日目,Ｓ級準決勝,3,吉田 敏洋,102.19,0,0,0.8313,0.9653
8520260912020010,佐世保競輪,10R,19:38,2日目,Ｓ級準決勝,2,大川 龍二,106.15,1,1,0.8263,0.969
8520260912020010,佐世保競輪,10R,19:38,2日目,Ｓ級準決勝,4,猿樂 楓樹,105.5,0,20,0.8092,0.9692
8520260912020010,佐世保競輪,10R,19:38,2日目,Ｓ級準決勝,7,中村 浩士,98.86,5,0,0.7455,0.9621
8520260912020010,佐世保競輪,10R,19:38,2日目,Ｓ級準決勝,6,一戸 康宏,97.81,0,5,0.7412,0.9198
8520260912020010,佐世保競輪,10R,19:38,2日目,Ｓ級準決勝,1,橋本 瑠偉,97.67,0,10,0.5603,0.9448
4320260913010011,岐阜競輪,11R,19:51,初日,Ｓ級予選,5,海老根 恵太,104.0,5,0,0.8774,0.9692
4320260913010011,岐阜競輪,11R,19:51,初日,Ｓ級予選,7,松永 将,100.3,5,0,0.8566,0.9659
4320260913010011,岐阜競輪,11R,19:51,初日,Ｓ級予選,4,小川 丈太,104.22,3,3,0.7673,0.969
4320260913010011,岐阜競輪,11R,19:51,初日,Ｓ級予選,2,野口 裕史,101.4,0,27,0.763,0.9568
4320260913010011,岐阜競輪,11R,19:51,初日,Ｓ級予選,1,黒田 淳,98.66,0,0,0.7338,0.9629
4320260913010011,岐阜競輪,11R,19:51,初日,Ｓ級予選,3,高橋 広大,97.27,2,0,0.6806,0.9169
4320260913010011,岐阜競輪,11R,19:51,初日,Ｓ級予選,6,佐藤 康紀,93.11,0,0,0.5409,0.9424
8520260912020011,佐世保競輪,11R,20:04,2日目,Ｓ級準決勝,3,福島 武士,102.21,4,0,0.8705,0.966
8520260912020011,佐世保競輪,11R,20:04,2日目,Ｓ級準決勝,7,上田 国広,104.88,3,0,0.8263,0.969
8520260912020011,佐世保競輪,11R,20:04,2日目,Ｓ級準決勝,2,南部 翔大,103.1,15,16,0.808,0.9636
8520260912020011,佐世保競輪,11R,20:04,2日目,Ｓ級準決勝,4,佐藤 幸治,101.91,5,3,0.7706,0.9626
8520260912020011,佐世保競輪,11R,20:04,2日目,Ｓ級準決勝,1,立部 楓真,102.83,2,9,0.7523,0.967
8520260912020011,佐世保競輪,11R,20:04,2日目,Ｓ級準決勝,5,佐伯 亮輔,97.1,2,11,0.7471,0.9558
8520260912020011,佐世保競輪,11R,20:04,2日目,Ｓ級準決勝,6,佐藤 健太,96.3,2,1,0.5656,0.9328
4320260913010012,岐阜競輪,12R,20:17,初日,Ｓ級初日特選,4,山口 富生,107.06,0,0,0.8718,0.9638
4320260913010012,岐阜競輪,12R,20:17,初日,Ｓ級初日特選,3,雨谷 一樹,109.5,9,0,0.8415,0.969
4320260913010012,岐阜競輪,12R,20:17,初日,Ｓ級初日特選,5,大川 剛,104.67,13,17,0.8367,0.9662
4320260913010012,岐阜競輪,12R,20:17,初日,Ｓ級初日特選,7,林 大悟,104.69,2,9,0.7657,0.9671
4320260913010012,岐阜競輪,12R,20:17,初日,Ｓ級初日特選,2,南 潤,102.6,9,13,0.7206,0.9184
4320260913010012,岐阜競輪,12R,20:17,初日,Ｓ級初日特選,1,田中 誠,103.86,0,0,0.6788,0.9629
4320260913010012,岐阜競輪,12R,20:17,初日,Ｓ級初日特選,6,山賀 雅仁,101.31,1,0,0.5151,0.9314
8520260912020012,佐世保競輪,12R,20:30,2日目,Ｓ級準決勝,7,椎木尾 拓哉,104.82,1,0,0.8627,0.9692
8520260912020012,佐世保競輪,12R,20:30,2日目,Ｓ級準決勝,5,大屋 健司,104.1,1,0,0.855,0.9661
8520260912020012,佐世保競輪,12R,20:30,2日目,Ｓ級準決勝,3,竹内 智彦,104.24,0,0,0.8465,0.9671
8520260912020012,佐世保競輪,12R,20:30,2日目,Ｓ級準決勝,1,三谷 竜生,108.69,3,2,0.7686,0.969
8520260912020012,佐世保競輪,12R,20:30,2日目,Ｓ級準決勝,4,日高 裕太,100.72,4,8,0.7192,0.9499
8520260912020012,佐世保競輪,12R,20:30,2日目,Ｓ級準決勝,2,坂田 康季,102.56,1,15,0.7191,0.9627
8520260912020012,佐世保競輪,12R,20:30,2日目,Ｓ級準決勝,6,高木 和仁,97.08,0,0,0.5411,0.9368
4520260911030001,豊橋競輪,1R,20:40,最終日,チャレンジ一般,1,鈴木 宏章,74.73,0,0,0.9686,0.9679
4520260911030001,豊橋競輪,1R,20:40,最終日,チャレンジ一般,3,齋藤 昌太,69.52,5,0,0.9552,0.9667
4520260911030001,豊橋競輪,1R,20:40,最終日,チャレンジ一般,5,滝川 秀嗣,67.5,0,0,0.9171,0.9635
4520260911030001,豊橋競輪,1R,20:40,最終日,チャレンジ一般,2,安達 豪太,72.0,0,2,0.9095,0.9698
4520260911030001,豊橋競輪,1R,20:40,最終日,チャレンジ一般,4,堀内 昇,69.47,5,2,0.8304,0.9591
4520260911030001,豊橋競輪,1R,20:40,最終日,チャレンジ一般,6,清水 広幸,62.55,0,0,0.5003,0.9504
2220260911030001,前橋競輪,1R,20:50,最終日,ガールズ一般,3,清水 美海,50.5,0,0,0.9824,0.9678
2220260911030001,前橋競輪,1R,20:50,最終日,ガールズ一般,2,板根 茜弥,51.46,0,0,0.9642,0.9699
2220260911030001,前橋競輪,1R,20:50,最終日,ガールズ一般,1,高橋 美沙紀,53.16,2,7,0.9456,0.9698
2220260911030001,前橋競輪,1R,20:50,最終日,ガールズ一般,4,露谷 菜々花,49.76,1,5,0.8932,0.9669
2220260911030001,前橋競輪,1R,20:50,最終日,ガールズ一般,5,野口 諭実可,49.41,0,1,0.7834,0.9647
2220260911030001,前橋競輪,1R,20:50,最終日,ガールズ一般,6,谷元 音羽,49.4,0,1,0.6558,0.9545
2220260911030001,前橋競輪,1R,20:50,最終日,ガールズ一般,7,萩原 瑞生,47.47,3,2,0.5391,0.943
4520260911030002,豊橋競輪,2R,21:00,最終日,チャレンジ一般,1,小林 和彦,76.23,2,0,0.9493,0.9688
4520260911030002,豊橋競輪,2R,21:00,最終日,チャレンジ一般,2,吉田 勇気,71.7,2,0,0.9405,0.9698
4520260911030002,豊橋競輪,2R,21:00,最終日,チャレンジ一般,3,佐藤 凱王,71.0,2,4,0.8955,0.9665
4520260911030002,豊橋競輪,2R,21:00,最終日,チャレンジ一般,4,伊藤 嘉浩,69.48,15,2,0.8721,0.9662
4520260911030002,豊橋競輪,2R,21:00,最終日,チャレンジ一般,5,桂馬 将人,69.45,0,1,0.7977,0.9631
4520260911030002,豊橋競輪,2R,21:00,最終日,チャレンジ一般,6,猪野 泰介,69.3,4,9,0.6307,0.9556
4520260911030002,豊橋競輪,2R,21:00,最終日,チャレンジ一般,7,遠澤 健二,66.38,2,0,0.6138,0.8943
2220260911030002,前橋競輪,2R,21:10,最終日,Ａ級一般,2,中村 美千隆,81.93,0,7,0.9436,0.9697
2220260911030002,前橋競輪,2R,21:10,最終日,Ａ級一般,1,井上 公利,85.35,0,13,0.9261,0.9695
2220260911030002,前橋競輪,2R,21:10,最終日,Ａ級一般,3,飯島 淳,80.33,0,0,0.8276,0.9672
2220260911030002,前橋競輪,2R,21:10,最終日,Ａ級一般,4,佐野 洋継,78.96,3,0,0.8125,0.9662
2220260911030002,前橋競輪,2R,21:10,最終日,Ａ級一般,7,葉狩 伸泰,70.59,0,1,0.795,0.9322
2220260911030002,前橋競輪,2R,21:10,最終日,Ａ級一般,5,山田 武,78.8,0,0,0.7003,0.9472
2220260911030002,前橋競輪,2R,21:10,最終日,Ａ級一般,6,井上 嵩,77.06,0,1,0.6357,0.9534
4520260911030003,豊橋競輪,3R,21:20,最終日,チャレンジ選抜,2,大中 拓磨,74.65,19,12,0.9349,0.9639
4520260911030003,豊橋競輪,3R,21:20,最終日,チャレンジ選抜,3,湯浅 弘光,73.14,1,0,0.9116,0.9667
4520260911030003,豊橋競輪,3R,21:20,最終日,チャレンジ選抜,1,河合 康晴,76.11,1,0,0.8976,0.9642
4520260911030003,豊橋競輪,3R,21:20,最終日,チャレンジ選抜,5,菅原 洋輔,69.0,3,5,0.7798,0.9653
4520260911030003,豊橋競輪,3R,21:20,最終日,チャレンジ選抜,4,藤縄 洋介,71.37,9,0,0.7563,0.966
4520260911030003,豊橋競輪,3R,21:20,最終日,チャレンジ選抜,6,花田 雄飛,68.92,3,9,0.6587,0.956
4520260911030003,豊橋競輪,3R,21:20,最終日,チャレンジ選抜,7,中澤 孝之,65.5,0,0,0.6413,0.8952
2220260911030003,前橋競輪,3R,21:30,最終日,Ａ級一般,1,富安 保充,83.86,1,0,0.9389,0.9684
2220260911030003,前橋競輪,3R,21:30,最終日,Ａ級一般,3,樋口 開土,83.03,0,5,0.9221,0.9681
2220260911030003,前橋競輪,3R,21:30,最終日,Ａ級一般,2,矢島 一弥,83.5,1,0,0.8875,0.9691
2220260911030003,前橋競輪,3R,21:30,最終日,Ａ級一般,4,須藤 直道,82.65,3,0,0.8872,0.9658
2220260911030003,前橋競輪,3R,21:30,最終日,Ａ級一般,5,下岡 将也,80.18,6,2,0.7896,0.9652
2220260911030003,前橋競輪,3R,21:30,最終日,Ａ級一般,7,武田 哲二,78.04,4,0,0.6674,0.8884
2220260911030003,前橋競輪,3R,21:30,最終日,Ａ級一般,6,山口 茂,79.94,0,1,0.6052,0.9534
4520260911030004,豊橋競輪,4R,21:40,最終日,Ａ級特一般,2,竹内 一暢,84.6,10,0,0.9362,0.9691
4520260911030004,豊橋競輪,4R,21:40,最終日,Ａ級特一般,1,栗田 雄矢,86.66,5,0,0.9159,0.9695
4520260911030004,豊橋競輪,4R,21:40,最終日,Ａ級特一般,3,小川 将人,82.58,4,0,0.9101,0.9664
4520260911030004,豊橋競輪,4R,21:40,最終日,Ａ級特一般,5,後藤 祐貴,80.68,0,5,0.8946,0.9652
4520260911030004,豊橋競輪,4R,21:40,最終日,Ａ級特一般,4,表 大暁,82.52,2,0,0.8383,0.966
4520260911030004,豊橋競輪,4R,21:40,最終日,Ａ級特一般,7,辻 力,76.81,0,1,0.7442,0.9445
4520260911030004,豊橋競輪,4R,21:40,最終日,Ａ級特一般,6,石井 毅,78.66,1,0,0.7161,0.946
2220260911030004,前橋競輪,4R,21:50,最終日,Ａ級一般,1,西本 直大,86.47,1,2,0.9236,0.9695
2220260911030004,前橋競輪,4R,21:50,最終日,Ａ級一般,3,倉野 隆太郎,82.88,0,1,0.9133,0.9681
2220260911030004,前橋競輪,4R,21:50,最終日,Ａ級一般,2,泉谷 直哉,84.53,7,0,0.8939,0.9691
2220260911030004,前橋競輪,4R,21:50,最終日,Ａ級一般,5,伊藤 彰規,82.12,0,3,0.8476,0.9649
2220260911030004,前橋競輪,4R,21:50,最終日,Ａ級一般,4,河上 陽一,82.29,1,1,0.8471,0.966
2220260911030004,前橋競輪,4R,21:50,最終日,Ａ級一般,6,松尾 淳,79.35,0,0,0.6595,0.9504
2220260911030004,前橋競輪,4R,21:50,最終日,Ａ級一般,7,篠崎 高志,79.29,0,0,0.6047,0.9322
4520260911030005,豊橋競輪,5R,22:00,最終日,Ａ級特一般,2,三浦 稔希,84.65,5,0,0.9,0.9679
4520260911030005,豊橋競輪,5R,22:00,最終日,Ａ級特一般,3,佐藤 正吾,84.42,5,0,0.8915,0.9677
4520260911030005,豊橋競輪,5R,22:00,最終日,Ａ級特一般,1,岩崎 将士,85.2,9,0,0.8847,0.9693
4520260911030005,豊橋競輪,5R,22:00,最終日,Ａ級特一般,4,長沼 謙太,83.77,0,1,0.843,0.9668
4520260911030005,豊橋競輪,5R,22:00,最終日,Ａ級特一般,5,河村 章憲,82.11,0,0,0.666,0.9472
4520260911030005,豊橋競輪,5R,22:00,最終日,Ａ級特一般,7,牛田 樹希斗,77.56,0,6,0.655,0.9444
4520260911030005,豊橋競輪,5R,22:00,最終日,Ａ級特一般,6,三浦 靖,77.64,1,0,0.5594,0.948
2220260911030005,前橋競輪,5R,22:10,最終日,Ａ級特選,1,安達 光伸,93.75,0,11,0.9282,0.9697
2220260911030005,前橋競輪,5R,22:10,最終日,Ａ級特選,3,阿久津 修,88.47,2,0,0.8822,0.9672
2220260911030005,前橋競輪,5R,22:10,最終日,Ａ級特選,2,吉田 茂生,93.64,1,0,0.8806,0.9693
2220260911030005,前橋競輪,5R,22:10,最終日,Ａ級特選,4,水谷 亮太,87.54,10,14,0.8466,0.967
2220260911030005,前橋競輪,5R,22:10,最終日,Ａ級特選,5,鈴木 良太,84.86,2,0,0.8256,0.9627
2220260911030005,前橋競輪,5R,22:10,最終日,Ａ級特選,6,深瀬 泰我,83.83,4,3,0.8091,0.9548
2220260911030005,前橋競輪,5R,22:10,最終日,Ａ級特選,7,大畑 裕貴,83.62,4,6,0.7427,0.9431
4520260911030006,豊橋競輪,6R,22:20,最終日,Ａ級特選,2,西村 豊,91.94,3,0,0.9407,0.9693
4520260911030006,豊橋競輪,6R,22:20,最終日,Ａ級特選,3,下岡 優季,89.54,5,17,0.9205,0.9683
4520260911030006,豊橋競輪,6R,22:20,最終日,Ａ級特選,1,鈴木 輝大,94.78,2,0,0.9131,0.9697
4520260911030006,豊橋競輪,6R,22:20,最終日,Ａ級特選,4,坂本 拓也,88.41,8,5,0.8925,0.9675
4520260911030006,豊橋競輪,6R,22:20,最終日,Ａ級特選,5,中川 繁樹,87.09,9,8,0.8341,0.9532
4520260911030006,豊橋競輪,6R,22:20,最終日,Ａ級特選,6,赤塚 悠人,83.47,2,3,0.8131,0.9494
4520260911030006,豊橋競輪,6R,22:20,最終日,Ａ級特選,7,甲斐 康昭,82.53,1,0,0.6478,0.9347
2220260911030006,前橋競輪,6R,22:30,最終日,Ａ級特選,2,坪内 恒,91.08,2,5,0.9387,0.9698
2220260911030006,前橋競輪,6R,22:30,最終日,Ａ級特選,1,中野 雄喜,92.95,2,3,0.9258,0.9697
2220260911030006,前橋競輪,6R,22:30,最終日,Ａ級特選,3,宮内 善光,88.74,4,0,0.9086,0.9672
2220260911030006,前橋競輪,6R,22:30,最終日,Ａ級特選,5,尾崎 悠生,87.87,0,10,0.8565,0.9609
2220260911030006,前橋競輪,6R,22:30,最終日,Ａ級特選,6,落合 達彦,86.47,3,0,0.8193,0.9495
2220260911030006,前橋競輪,6R,22:30,最終日,Ａ級特選,4,小林 卓人,88.54,6,0,0.81,0.9662
2220260911030006,前橋競輪,6R,22:30,最終日,Ａ級特選,7,岩崎 大和,80.96,0,0,0.7701,0.9322
4520260911030007,豊橋競輪,7R,22:40,最終日,Ａ級特選,3,八嶋 稔真,85.91,0,7,0.9197,0.968
4520260911030007,豊橋競輪,7R,22:40,最終日,Ａ級特選,1,仲野 結音,94.44,1,6,0.9184,0.9697
4520260911030007,豊橋競輪,7R,22:40,最終日,Ａ級特選,2,三宅 裕武,92.52,2,0,0.8852,0.9693
4520260911030007,豊橋競輪,7R,22:40,最終日,Ａ級特選,5,荻野 哲,85.06,0,0,0.8768,0.9627
4520260911030007,豊橋競輪,7R,22:40,最終日,Ａ級特選,4,伊藤 太一,85.7,11,1,0.8547,0.966
4520260911030007,豊橋競輪,7R,22:40,最終日,Ａ級特選,6,小玉 勇一,84.95,2,4,0.8091,0.9444
4520260911030007,豊橋競輪,7R,22:40,最終日,Ａ級特選,7,猪俣 康一,83.4,3,0,0.631,0.8853
2220260911030007,前橋競輪,7R,22:50,最終日,Ａ級特選,2,岩辺 陸,91.33,5,11,0.9376,0.9698
2220260911030007,前橋競輪,7R,22:50,最終日,Ａ級特選,1,高野 信元,93.09,2,9,0.9181,0.9697
2220260911030007,前橋競輪,7R,22:50,最終日,Ａ級特選,5,望月 紀男,87.45,0,0,0.8579,0.9627
2220260911030007,前橋競輪,7R,22:50,最終日,Ａ級特選,3,吉田 健市,88.5,0,0,0.8464,0.9666
2220260911030007,前橋競輪,7R,22:50,最終日,Ａ級特選,4,加藤 寛治,87.55,11,1,0.81,0.9662
2220260911030007,前橋競輪,7R,22:50,最終日,Ａ級特選,7,北野 良栄,81.92,1,9,0.7917,0.9433
2220260911030007,前橋競輪,7R,22:50,最終日,Ａ級特選,6,渡邉 高志,86.14,3,0,0.7763,0.9184
4520260911030008,豊橋競輪,8R,23:00,最終日,チャレンジ決勝,3,桜井 雄太,77.31,0,6,0.9533,0.9672
4520260911030008,豊橋競輪,8R,23:00,最終日,チャレンジ決勝,2,邊見 祐太,78.33,4,10,0.9511,0.9698
4520260911030008,豊橋競輪,8R,23:00,最終日,チャレンジ決勝,1,中野 楚樂,79.4,4,8,0.9502,0.9696
4520260911030008,豊橋競輪,8R,23:00,最終日,チャレンジ決勝,5,國井 裕樹,72.53,6,9,0.8651,0.9631
4520260911030008,豊橋競輪,8R,23:00,最終日,チャレンジ決勝,4,湯浅 大輔,77.29,15,0,0.8179,0.9661
4520260911030008,豊橋競輪,8R,23:00,最終日,チャレンジ決勝,7,瀧本 匡平,69.23,1,11,0.6929,0.9333
4520260911030008,豊橋競輪,8R,23:00,最終日,チャレンジ決勝,6,南 大輔,72.2,0,0,0.6104,0.9534
2220260911030008,前橋競輪,8R,23:10,最終日,ガールズ決勝,3,吉岡 詩織,55.91,1,9,0.9785,0.9676
2220260911030008,前橋競輪,8R,23:10,最終日,ガールズ決勝,2,尾方 真生,56.77,2,17,0.9573,0.9695
2220260911030008,前橋競輪,8R,23:10,最終日,ガールズ決勝,1,石井 貴子,56.9,0,5,0.9546,0.9693
2220260911030008,前橋競輪,8R,23:10,最終日,ガールズ決勝,4,畠山 ひすい,55.76,5,14,0.8997,0.9676
2220260911030008,前橋競輪,8R,23:10,最終日,ガールズ決勝,5,田中 まい,52.36,7,4,0.8216,0.9637
2220260911030008,前橋競輪,8R,23:10,最終日,ガールズ決勝,6,高橋 朋恵,48.75,6,0,0.6981,0.9545
2220260911030008,前橋競輪,8R,23:10,最終日,ガールズ決勝,7,野寺 梓,47.23,3,0,0.5325,0.9374
4520260911030009,豊橋競輪,9R,23:20,最終日,Ａ級決勝,7,伊藤 京介,83.83,0,15,0.9581,0.9431
4520260911030009,豊橋競輪,9R,23:20,最終日,Ａ級決勝,1,菅原 裕太,96.92,7,0,0.9459,0.9686
4520260911030009,豊橋競輪,9R,23:20,最終日,Ａ級決勝,2,邊見 竜馬,95.16,2,19,0.9411,0.9698
4520260911030009,豊橋競輪,9R,23:20,最終日,Ａ級決勝,3,金澤 竜二,93.29,0,2,0.8918,0.9673
4520260911030009,豊橋競輪,9R,23:20,最終日,Ａ級決勝,5,松田 安綱,91.66,4,6,0.8709,0.9555
4520260911030009,豊橋競輪,9R,23:20,最終日,Ａ級決勝,4,近藤 夏樹,93.22,2,0,0.856,0.9664
4520260911030009,豊橋競輪,9R,23:20,最終日,Ａ級決勝,6,谷本 奨輝,84.22,4,3,0.8243,0.9183
2220260911030009,前橋競輪,9R,23:30,最終日,Ａ級決勝,2,前川 大輔,93.11,6,0,0.9151,0.9693
2220260911030009,前橋競輪,9R,23:30,最終日,Ａ級決勝,1,金澤 幸司,94.43,1,0,0.9069,0.9628
2220260911030009,前橋競輪,9R,23:30,最終日,Ａ級決勝,3,野中 祐志,92.75,3,0,0.8628,0.9673
2220260911030009,前橋競輪,9R,23:30,最終日,Ａ級決勝,6,吉田 優斗,87.22,2,11,0.8375,0.9548
2220260911030009,前橋競輪,9R,23:30,最終日,Ａ級決勝,5,山本 健也,91.25,4,0,0.8156,0.9646
2220260911030009,前橋競輪,9R,23:30,最終日,Ａ級決勝,7,今井 希,87.22,13,22,0.7851,0.9431
2220260911030009,前橋競輪,9R,23:30,最終日,Ａ級決勝,4,佐藤 朋也,91.6,2,1,0.7566,0.9582
