race_id,競輪場,レース番号,開始時間,買い目,a,b,odds,p,EV
7320260310020007,小松島競輪,7R,13:44,4-7,4,7,569.0,0.04691880964793542,25.696802689675252
7320260310020007,小松島競輪,7R,13:44,2-7,2,7,688.8,0.035640461021557664,23.549149551648917
7320260310020007,小松島競輪,7R,13:44,6-7,6,7,934.9,0.024179034761397947,21.60497959843094
7320260310020007,小松島競輪,7R,13:44,4-5,4,5,467.4,0.04566001974577072,20.34149322917323
7320260310020007,小松島競輪,7R,13:44,5-7,5,7,1189.9,0.01735226037948121,19.647454625544697
4520260310020002,豊橋競輪,2R,21:00,3-5,3,5,362.2,0.04553992292445133,15.494560083236273
7320260310020007,小松島競輪,7R,13:44,1-7,1,7,769.9,0.021117101633768877,15.25805654783866
4520260310020002,豊橋競輪,2R,21:00,2-6,2,6,362.2,0.04486583814893491,15.250406577544226
7320260310020007,小松島競輪,7R,13:44,1-4,1,4,304.3,0.051501692854977556,14.671965135769671
3820260310020003,静岡競輪,3R,16:52,4-6,4,6,305.1,0.050899452656447644,14.529423005482178
7320260310020007,小松島競輪,7R,13:44,5-6,5,6,654.4,0.02285695117761468,13.957588850631046
7420260310020004,高知競輪,4R,21:50,2-6,2,6,175.5,0.08068954051943862,13.161014361161477
3820260310020003,静岡競輪,3R,16:52,1-6,1,6,416.1,0.03217676271889064,12.388750967330395
7420260310020004,高知競輪,4R,21:50,1-6,1,6,175.5,0.0755323491411849,12.25592727427795
3820260310020002,静岡競輪,2R,16:24,6-7,6,7,277.3,0.046721573921447136,11.955892448417291
7320260310020007,小松島競輪,7R,13:44,1-5,1,5,623.2,0.019956004241302665,11.436581843179821
7320260310020007,小松島競輪,7R,13:44,1-6,1,6,384.9,0.02746461902918084,9.571131864331704
1320260309030002,いわき平競輪,2R,16:16,1-6,1,6,292.7,0.033848319364583136,8.907403078013484
3820260310020002,静岡競輪,2R,16:24,2-6,2,6,132.0,0.07091003551264367,8.360124687668964
3820260310020006,静岡競輪,6R,18:04,3-4,3,4,173.2,0.053973839643700006,8.34826902628884
3820260310020006,静岡競輪,6R,18:04,2-3,2,3,173.2,0.05176679202388791,7.966008378537385
7320260310020007,小松島競輪,7R,13:44,1-2,1,2,225.6,0.03957649640571027,7.928457589128236
3820260310020011,静岡競輪,11R,20:16,1-6,1,6,207.7,0.03837597854152244,6.970690743074211
7420260310020003,高知競輪,3R,21:30,1-7,1,7,131.2,0.05981199162280147,6.8473333009115525
1320260309030002,いわき平競輪,2R,16:16,5-6,5,6,384.2,0.020208143028242594,6.763968551450804
4520260310020001,豊橋競輪,1R,20:40,3-6,3,6,170.2,0.044313237478654136,6.542113018866933
8420260309030004,武雄競輪,4R,09:52,6-7,6,7,117.2,0.06416984302634623,6.520705602687779
7320260310020007,小松島競輪,7R,13:44,2-5,2,5,211.1,0.03435277230728255,6.251870234067346
4520260310020009,豊橋競輪,9R,23:20,1-4,1,4,80.2,0.08961332102393808,6.1869883461198345
8420260309030003,武雄競輪,3R,09:31,6-7,6,7,242.0,0.029470227501262367,6.131795055305493
1320260309030010,いわき平競輪,10R,19:34,2-7,2,7,160.3,0.0436460668768317,5.996464520356122
3820260310020009,静岡競輪,9R,19:20,2-6,2,6,243.0,0.028317478789493557,5.8811473458469345
4520260310020001,豊橋競輪,1R,20:40,4-6,4,6,170.2,0.04038431327266681,5.8734101190078905
7420260310020003,高知競輪,3R,21:30,4-6,4,6,131.2,0.052300149717890904,5.861779642987286
7420260310020004,高知競輪,4R,21:50,3-6,3,6,175.5,0.03906067153892272,5.855147855080937
3820260310020003,静岡競輪,3R,16:52,1-3,1,3,208.0,0.0322685355441283,5.711855393178686
1320260309030002,いわき平競輪,2R,16:16,6-7,6,7,186.2,0.0340909965204169,5.347743552101627
7420260310020004,高知競輪,4R,21:50,4-5,4,5,175.5,0.03600503503729831,5.318883649045853
3820260310020002,静岡競輪,2R,16:24,1-6,1,6,154.0,0.04102566283486002,5.317952076568443
3820260310020003,静岡競輪,3R,16:52,1-4,1,4,152.5,0.04136971461446496,5.308881478705906
7420260310020004,高知競輪,4R,21:50,2-5,2,5,87.7,0.07020884547805176,5.157315748425139
3820260310020009,静岡競輪,9R,19:20,4-5,4,5,121.5,0.04992253969552925,5.065588573006804
1320260309030008,いわき平競輪,8R,18:41,4-6,4,6,196.5,0.030529195076865412,4.998986832604054
7320260310020007,小松島競輪,7R,13:44,4-6,4,6,101.4,0.05882774346604408,4.96513318745687
1320260309030002,いわき平競輪,2R,16:16,1-3,1,3,175.6,0.03383013752697952,4.940572149737603
8420260309030004,武雄競輪,4R,09:52,2-6,2,6,164.1,0.035814457634024695,4.877152497743452
7420260310020004,高知競輪,4R,21:50,1-7,1,7,175.5,0.0334753784195541,4.874928912631744
3820260310020003,静岡競輪,3R,16:52,6-7,6,7,152.5,0.03790388315578058,4.780342181256539
3820260310020003,静岡競輪,3R,16:52,3-4,3,4,117.3,0.04889682914856423,4.735598059126584
4520260310020009,豊橋競輪,9R,23:20,1-7,1,7,80.2,0.0712586233124316,4.714941589657014
7420260310020004,高知競輪,4R,21:50,2-4,2,4,87.7,0.06449784763846773,4.6564612378936205
1320260309030001,いわき平競輪,1R,15:46,5-6,5,6,143.4,0.03943601133691997,4.655124025714324
4520260310020002,豊橋競輪,2R,21:00,2-5,2,5,90.5,0.06208931285605681,4.619082813473141
4520260310020001,豊橋競輪,1R,20:40,3-7,3,7,170.2,0.03284957420960458,4.5909975304746995
8420260309030005,武雄競輪,5R,10:13,6-7,6,7,77.7,0.07091862505581288,4.510377166836661
4520260310020009,豊橋競輪,9R,23:20,2-3,2,3,80.2,0.0677192165951971,4.4310811709348075
7420260310020004,高知競輪,4R,21:50,2-3,2,3,87.7,0.06030939380429655,4.2891338366368075
8420260309030003,武雄競輪,3R,09:31,1-7,1,7,80.1,0.06573092510608451,4.265047100997369
3820260310020006,静岡競輪,6R,18:04,3-7,3,7,103.9,0.04962583507668889,4.156124264467976
3820260310020006,静岡競輪,6R,18:04,1-7,1,7,173.2,0.029656395611481853,4.136487719908657
8420260309030002,武雄競輪,2R,09:10,4-7,4,7,123.0,0.04158871044614147,4.115411384875401
1320260309030002,いわき平競輪,2R,16:16,2-6,2,6,102.4,0.04938572780399404,4.05709852712899
1320260309030010,いわき平競輪,10R,19:34,2-6,2,6,160.3,0.031164719357894867,3.9957045130705477
7420260310020003,高知競輪,3R,21:30,3-5,3,5,131.2,0.03793751336082169,3.977401752939805
1320260309030012,いわき平競輪,12R,20:30,4-6,4,6,151.4,0.032509309392432975,3.9219094420143525
7420260310020004,高知競輪,4R,21:50,1-3,1,3,87.7,0.056066913141490156,3.917068282508687
3820260310020009,静岡競輪,9R,19:20,1-6,1,6,121.5,0.040463879723139154,3.916361386361407
8420260309030003,武雄競輪,3R,09:31,4-7,4,7,80.1,0.061177783709187694,3.900340475105934
8420260309030005,武雄競輪,5R,10:13,2-6,2,6,131.0,0.03677074548307159,3.816967658282378
1320260309030003,いわき平競輪,3R,16:40,1-2,1,2,137.2,0.03452769227124008,3.737199379614138
3820260310020003,静岡競輪,3R,16:52,5-6,5,6,240.9,0.019641690994610543,3.7316833606016804
1320260309030002,いわき平競輪,2R,16:16,1-2,1,2,104.1,0.04528915663302764,3.7146012054981776
3820260310020006,静岡競輪,6R,18:04,6-7,6,7,173.2,0.026961330366326544,3.6697024194477574
8420260309030001,武雄競輪,1R,08:50,4-6,4,6,124.5,0.03743934478917965,3.6611984262528665
7320260310020004,小松島競輪,4R,12:21,1-6,1,6,142.3,0.03240623379714079,3.6114070693331346
7320260310020007,小松島競輪,7R,13:44,2-6,2,6,98.4,0.04523734366048919,3.4513546161921367
1320260309030012,いわき平競輪,12R,20:30,6-7,6,7,62.1,0.07146552299710011,3.4380089781199175
3820260310020004,静岡競輪,4R,17:16,2-3,2,3,104.9,0.04216530642796435,3.4231406442934604
3820260310020009,静岡競輪,9R,19:20,6-7,6,7,243.0,0.018193594270282765,3.421043407678712
1320260309030001,いわき平競輪,1R,15:46,6-7,6,7,125.8,0.03497323358907784,3.3996327855059922
1320260309030001,いわき平競輪,1R,15:46,4-7,4,7,106.3,0.04118989720429979,3.3784860728170676
4520260310020002,豊橋競輪,2R,21:00,2-3,2,3,72.4,0.0600251862194955,3.3458234822914745
8420260309030005,武雄競輪,5R,10:13,5-6,5,6,96.8,0.044656955622416034,3.3227933042498723
8420260309030004,武雄競輪,4R,09:52,4-6,4,6,282.1,0.015301110177071416,3.316443180951847
3820260310020002,静岡競輪,2R,16:24,4-6,4,6,184.9,0.023198494814457377,3.289401691193169
1320260309030007,いわき平競輪,7R,18:16,4-5,4,5,57.8,0.07316640702846955,3.22901832624554
1320260309030001,いわき平競輪,1R,15:46,4-5,4,5,89.3,0.04733667994922929,3.2271655194661752
7420260310020001,高知競輪,1R,20:50,1-6,1,6,52.1,0.0810812966986419,3.224335557999243
3820260310020002,静岡競輪,2R,16:24,3-6,3,6,132.0,0.03180578824561592,3.1983640484213014
8420260309030004,武雄競輪,4R,09:52,1-4,1,4,205.1,0.020363123296360107,3.1764765880834576
3820260310020006,静岡競輪,6R,18:04,1-2,1,2,129.9,0.03176306459887239,3.1260220913935237
8420260309030002,武雄競輪,2R,09:10,4-6,4,6,169.8,0.024218781932084495,3.1123491720679475
1320260309030008,いわき平競輪,8R,18:41,4-5,4,5,73.6,0.05487331163854059,3.038675736596587
8420260309030005,武雄競輪,5R,10:13,3-6,3,6,95.5,0.042171301253842344,3.027359269741944
1320260309030002,いわき平競輪,2R,16:16,4-6,4,6,44.8,0.08984567013076084,3.025086021858085
8420260309030004,武雄競輪,4R,09:52,5-6,5,6,127.1,0.031502163049986556,3.0039249236532912
1320260309030003,いわき平競輪,3R,16:40,1-5,1,5,104.0,0.03846328408135141,3.0001815444605473
1320260309030002,いわき平競輪,2R,16:16,1-4,1,4,47.6,0.08374576674349726,2.98629849699047
3820260310020006,静岡競輪,6R,18:04,4-6,4,6,129.9,0.030578302247716196,2.9721214619783343
8420260309030002,武雄競輪,2R,09:10,6-7,6,7,151.6,0.02591685652821689,2.92899544967768
3820260310020002,静岡競輪,2R,16:24,5-6,5,6,95.6,0.041049185827745305,2.924302165132451
1320260309030007,いわき平競輪,7R,18:16,4-6,4,6,173.6,0.022553033170957346,2.915206558478195
1320260309030009,いわき平競輪,9R,19:07,6-7,6,7,81.6,0.04770377726695808,2.8926282249837794
8420260309030003,武雄競輪,3R,09:31,2-6,2,6,64.0,0.060437961123293346,2.868029511890774
4520260310020002,豊橋競輪,2R,21:00,3-4,3,4,90.5,0.042545720467476,2.850387702306578
7420260310020004,高知競輪,4R,21:50,1-5,1,5,58.5,0.06567585645191829,2.8420376024372196
8420260309030005,武雄競輪,5R,10:13,4-6,4,6,245.6,0.015501508318013845,2.8071704429042
3820260310020006,静岡競輪,6R,18:04,2-6,2,6,129.9,0.02898759235298028,2.7654882466521387
8420260309030003,武雄競輪,3R,09:31,3-7,3,7,165.7,0.022171525015684007,2.6738216950988396
1320260309030002,いわき平競輪,2R,16:16,1-5,1,5,204.9,0.017823395896390298,2.652013819170372
8420260309030002,武雄競輪,2R,09:10,2-6,2,6,134.7,0.027007275133465916,2.6378799604778584
1320260309030003,いわき平競輪,3R,16:40,1-7,1,7,67.8,0.05340222394461333,2.6206707834447838
7320260310020004,小松島競輪,4R,12:21,5-6,5,6,75.4,0.047952372867439,2.615608914204901
1320260309030004,いわき平競輪,4R,17:04,3-6,3,6,146.3,0.024512345372425217,2.5861561279858094
1320260309030001,いわき平競輪,1R,15:46,3-4,3,4,79.0,0.04527914946823524,2.577052807990584
8420260309030002,武雄競輪,2R,09:10,3-4,3,4,77.9,0.04577137959979131,2.565590470823743
8420260309030004,武雄競輪,4R,09:52,1-2,1,2,95.0,0.037475644478209044,2.560186225429859
3820260310020004,静岡競輪,4R,17:16,5-7,5,7,85.8,0.041305016580367476,2.5439704225955295
7320260310020004,小松島競輪,4R,12:21,5-7,5,7,122.7,0.028658976601025097,2.5164564289457796
1320260309030002,いわき平競輪,2R,16:16,3-6,3,6,94.5,0.036909157061441294,2.487915342306202
1320260309030001,いわき平競輪,1R,15:46,1-4,1,4,143.4,0.023945085095852782,2.433725202745289
7320260310020003,小松島競輪,3R,11:55,5-6,5,6,140.2,0.024411917144820793,2.422550783703875
3820260310020002,静岡競輪,2R,16:24,3-7,3,7,79.2,0.04317991805636741,2.419849510064299
8420260309030003,武雄競輪,3R,09:31,5-7,5,7,97.5,0.034879384049281814,2.400739944804977
8420260309030002,武雄競輪,2R,09:10,5-6,5,6,64.8,0.052238618186194324,2.385062458465392
3820260310020002,静岡競輪,2R,16:24,2-3,2,3,51.3,0.06574407193300871,2.372670890163347
3820260310020003,静岡競輪,3R,16:52,3-6,3,6,84.7,0.039712475278248005,2.363646656067606
4520260310020002,豊橋競輪,2R,21:00,4-5,4,5,72.4,0.045954010897091446,2.327070388949421
7320260310020005,小松島競輪,5R,12:48,5-6,5,6,113.1,0.028752425721058038,2.251899349051664
7420260310020004,高知競輪,4R,21:50,2-7,2,7,87.7,0.0365375400666207,2.2043422638426358
8420260309030007,武雄競輪,7R,10:55,3-6,3,6,69.0,0.04635297382296995,2.1983551937849266
7420260310020003,高知競輪,3R,21:30,4-5,4,5,131.2,0.024297817971780142,2.1878737178975545
7420260310020004,高知競輪,4R,21:50,5-7,5,7,175.5,0.018129477878746227,2.181723367719963
3820260310020003,静岡競輪,3R,16:52,2-6,2,6,34.1,0.0930201917637105,2.171988539142528
1320260309030004,いわき平競輪,4R,17:04,1-6,1,6,91.2,0.034507809547756535,2.147112230755396
4520260310020009,豊橋競輪,9R,23:20,1-5,1,5,26.7,0.11729683670528124,2.131825540031009
8420260309030004,武雄競輪,4R,09:52,3-6,3,6,59.3,0.052462148407390996,2.111005400558286
1320260309030010,いわき平競輪,10R,19:34,2-4,2,4,93.5,0.032885569500172886,2.074800748266165
1320260309030010,いわき平競輪,10R,19:34,2-3,2,3,102.0,0.030116686722832114,2.0719020457288755
3820260310020009,静岡競輪,9R,19:20,4-7,4,7,121.5,0.025258594695761014,2.068919255534963
8420260309030005,武雄競輪,5R,10:13,4-5,4,5,143.3,0.021328817853741768,2.0564195984411957
3820260310020004,静岡競輪,4R,17:16,6-7,6,7,118.0,0.025797504305790656,2.0441055080832973
1320260309030010,いわき平競輪,10R,19:34,3-4,3,4,66.0,0.04608861085296737,2.0418483162958467
3820260310020003,静岡競輪,3R,16:52,1-5,1,5,190.7,0.015838582135242436,2.020417613190732
4520260310020001,豊橋競輪,1R,20:40,2-6,2,6,56.7,0.05324484128381232,2.0189825007921587
1320260309030001,いわき平競輪,1R,15:46,1-6,1,6,140.1,0.021401188311657902,1.998306482463272
4520260310020001,豊橋競輪,1R,20:40,5-7,5,7,170.2,0.017592408721232838,1.9942279643538288
4520260310020002,豊橋競輪,2R,21:00,1-7,1,7,60.3,0.049582014906054364,1.9897954988350781
7320260310020004,小松島競輪,4R,12:21,2-7,2,7,118.1,0.025184852889229652,1.9743311262180216
1320260309030004,いわき平競輪,4R,17:04,6-7,6,7,153.5,0.019308235249686407,1.9638141108268634
7420260310020005,高知競輪,5R,22:10,1-6,1,6,37.5,0.07900406877704763,1.9626525791392861
3820260310020011,静岡競輪,11R,20:16,4-6,4,6,103.8,0.0284800517723532,1.9562293739702623
1320260309030008,いわき平競輪,8R,18:41,5-6,5,6,84.2,0.03510463849117963,1.955810560957325
3820260310020003,静岡競輪,3R,16:52,3-5,3,5,138.7,0.02128546890482757,1.9522945370995837
7320260310020002,小松島競輪,2R,11:29,5-6,5,6,184.5,0.0158157653361616,1.9180087045218155
4520260310020001,豊橋競輪,1R,20:40,4-5,4,5,85.1,0.0340526464146864,1.8978802098898124
3820260310020006,静岡競輪,6R,18:04,1-4,1,4,86.6,0.03345736081152438,1.8974074462780113
7320260310020002,小松島競輪,2R,11:29,2-6,2,6,94.2,0.03052047527576067,1.8750287709766553
8420260309030006,武雄競輪,6R,10:34,4-6,4,6,67.3,0.042278369150694224,1.8453342438417213
7320260310020004,小松島競輪,4R,12:21,6-7,6,7,195.7,0.014343257502967036,1.8069754933306488
7320260310020002,小松島競輪,2R,11:29,1-6,1,6,72.5,0.03855191502228657,1.795013839115776
7420260310020003,高知競輪,3R,21:30,1-5,1,5,65.6,0.042124595603783135,1.7633734716081735
7420260310020003,高知競輪,3R,21:30,1-6,1,6,32.8,0.08400812954211807,1.7554666489814728
8420260309030004,武雄競輪,4R,09:52,2-4,2,4,85.9,0.0320766024327296,1.7553801489714727
8420260309030002,武雄競輪,2R,09:10,1-6,1,6,97.6,0.02819983353788344,1.7523037532974235
3820260310020004,静岡競輪,4R,17:16,3-7,3,7,52.4,0.05222937355261893,1.7368191741572319
7320260310020007,小松島競輪,7R,13:44,2-4,2,4,36.8,0.07401418469544693,1.723721996792447
1320260309030003,いわき平競輪,3R,16:40,1-3,1,3,39.0,0.06980382476370524,1.7223491657845043
8420260309030007,武雄競輪,7R,10:55,1-7,1,7,71.4,0.03807840704161042,1.7187982627709841
1320260309030010,いわき平競輪,10R,19:34,4-5,4,5,80.1,0.0335703982665457,1.68898890115031
4520260310020009,豊橋競輪,9R,23:20,2-5,2,5,40.1,0.06700009234086193,1.6867037028685634
4520260310020001,豊橋競輪,1R,20:40,2-5,2,5,56.7,0.0473427762728763,1.6843354146720864
3820260310020010,静岡競輪,10R,19:48,1-6,1,6,102.3,0.026160994589846668,1.676269746541314
8420260309030007,武雄競輪,7R,10:55,5-7,5,7,56.9,0.04688311019994712,1.667648970376991
3820260310020004,静岡競輪,4R,17:16,3-6,3,6,104.9,0.025316589802338044,1.6557102702652609
4520260310020009,豊橋競輪,9R,23:20,2-7,2,7,80.2,0.03297038322403986,1.644224734567997
1320260309030010,いわき平競輪,10R,19:34,5-7,5,7,59.0,0.044633738756875804,1.6333905866556724
8420260309030007,武雄競輪,7R,10:55,5-6,5,6,82.8,0.03163327781424666,1.6192354030196232
7320260310020004,小松島競輪,4R,12:21,3-7,3,7,173.9,0.014980306339696325,1.605075272473191
8420260309030007,武雄競輪,7R,10:55,2-7,2,7,101.0,0.025629577486045087,1.5885873260905536
8420260309030001,武雄競輪,1R,08:50,5-6,5,6,21.8,0.1186498322471784,1.586566342988489
1320260309030001,いわき平競輪,1R,15:46,2-6,2,6,94.8,0.027232777284257974,1.5816672865476558
7420260310020009,高知競輪,9R,23:30,5-6,5,6,76.5,0.03334866522917062,1.5511728900315522
3820260310020005,静岡競輪,5R,17:40,2-6,2,6,69.6,0.03660987261821079,1.5480471342274709
8420260309030006,武雄競輪,6R,10:34,3-4,3,4,54.0,0.047087416730851935,1.5427205034660045
8420260309030004,武雄競輪,4R,09:52,1-7,1,7,39.9,0.06362514547745954,1.5386433045506354
8420260309030001,武雄競輪,1R,08:50,1-6,1,6,38.9,0.06508950357183757,1.5319816889444815
1320260309030012,いわき平競輪,12R,20:30,5-6,5,6,96.9,0.026126445643481308,1.5316525828533387
8420260309030006,武雄競輪,6R,10:34,1-6,1,6,60.8,0.04158841878126179,1.528575861900717
3820260310020009,静岡競輪,9R,19:20,3-4,3,4,121.5,0.020749602195427114,1.5210766667443942
7320260310020004,小松島競輪,4R,12:21,4-6,4,6,37.2,0.06733710538285848,1.5049403202423353
1320260309030002,いわき平競輪,2R,16:16,5-7,5,7,142.9,0.0175206899341918,1.5037065915960084
3820260310020010,静岡競輪,10R,19:48,3-6,3,6,51.1,0.048705067321813456,1.4888289401446677
7320260310020004,小松島競輪,4R,12:21,2-6,2,6,55.4,0.044655231436758654,1.4738998215964294
3820260310020005,静岡競輪,5R,17:40,6-7,6,7,46.4,0.05318861171101829,1.4679515833912484
7420260310020003,高知競輪,3R,21:30,2-3,2,3,43.7,0.05638466732346664,1.4640099620354925
4520260310020001,豊橋競輪,1R,20:40,4-7,4,7,85.1,0.02890293540930923,1.459639803332215
3820260310020009,静岡競輪,9R,19:20,5-6,5,6,60.7,0.04012500611064889,1.4355878709163878
4520260310020002,豊橋競輪,2R,21:00,2-4,2,4,40.2,0.06036895634386365,1.426832045023319
3820260310020010,静岡競輪,10R,19:48,4-5,4,5,68.2,0.03549127311949135,1.4205048267493101
7320260310020001,小松島競輪,1R,11:05,3-6,3,6,53.5,0.045203606526921625,1.4183929491903071
3820260310020011,静岡競輪,11R,20:16,1-5,1,5,69.2,0.03487985180980828,1.413685745238733
7420260310020005,高知競輪,5R,22:10,2-6,2,6,37.5,0.06420722618024902,1.407770981759338
7320260310020003,小松島競輪,3R,11:55,4-6,4,6,127.5,0.01882869259605955,1.4006583059975926
4520260310020001,豊橋競輪,1R,20:40,5-6,5,6,85.1,0.028141681251808083,1.3948570745288675
7320260310020005,小松島競輪,5R,12:48,1-6,1,6,44.0,0.05427867735913028,1.3882618038017323
3820260310020001,静岡競輪,1R,16:00,4-6,4,6,60.1,0.03953767173128152,1.3762140710500192
7320260310020002,小松島競輪,2R,11:29,4-6,4,6,65.1,0.036485897155445576,1.3752319048195067
1320260309030008,いわき平競輪,8R,18:41,2-4,2,4,28.0,0.08452051255781112,1.3665743516187114
7420260310020001,高知競輪,1R,20:50,2-6,2,6,26.0,0.09057218323928737,1.3548767642214714
7320260310020004,小松島競輪,4R,12:21,1-7,1,7,133.2,0.01749949019957529,1.3309320945834284
1320260309030006,いわき平競輪,6R,17:52,5-6,5,6,40.5,0.05724380505430063,1.3183741046991755
7320260310020002,小松島競輪,2R,11:29,2-5,2,5,90.3,0.025608362547026788,1.312435137996519
1320260309030004,いわき平競輪,4R,17:04,2-7,2,7,73.1,0.031484457755835304,1.3015138619515607
3820260310020004,静岡競輪,4R,17:16,4-6,4,6,39.3,0.05851682048661547,1.2997110451239875
1320260309030010,いわき平競輪,10R,19:34,3-5,3,5,74.8,0.03071872214796928,1.297760416668102
7420260310020003,高知競輪,3R,21:30,4-7,4,7,65.6,0.0347491826254329,1.2795463802283984
7320260310020007,小松島競輪,7R,13:44,3-7,3,7,39.9,0.05694573554428245,1.2721348482168695
3820260310020006,静岡競輪,6R,18:04,5-7,5,7,39.9,0.05688642071690796,1.2697681866046273
3820260310020002,静岡競輪,2R,16:24,3-4,3,4,106.6,0.021270888977297547,1.2674767649799183
3820260310020004,静岡競輪,4R,17:16,3-5,3,5,59.0,0.03836622235086452,1.2636071187010067
7420260310020008,高知競輪,8R,23:10,1-2,1,2,22.5,0.10049235497817673,1.2610779870089766
3820260310020003,静岡競輪,3R,16:52,3-7,3,7,61.0,0.03700801194723036,1.257488728781052
1320260309030008,いわき平競輪,8R,18:41,2-6,2,6,36.8,0.06092965349364373,1.2422112485660892
3820260310020005,静岡競輪,5R,17:40,5-7,5,7,46.4,0.04823279120828848,1.2380015120645855
3820260310020002,静岡競輪,2R,16:24,1-3,1,3,59.0,0.037891733297391095,1.2356122645460745
3820260310020010,静岡競輪,10R,19:48,3-4,3,4,34.1,0.06548967154713056,1.2331977997571522
1320260309030011,いわき平競輪,11R,20:02,2-6,2,6,73.4,0.030351392705028873,1.2277922245491193
3820260310020006,静岡競輪,6R,18:04,4-7,4,7,103.9,0.021390764799775294,1.2225004626966531
8420260309030007,武雄競輪,7R,10:55,4-7,4,7,58.6,0.03786447786811645,1.218858403071624
3820260310020010,静岡競輪,10R,19:48,5-7,5,7,40.9,0.05399873989501479,1.2085484617061049
1320260309030007,いわき平競輪,7R,18:16,5-6,5,6,23.1,0.09523634462145819,1.1999595607556843
8420260309030002,武雄競輪,2R,09:10,4-5,4,5,29.4,0.0746478688803634,1.194647345082684
8420260309030002,武雄競輪,2R,09:10,2-7,2,7,49.9,0.04394492888041493,1.1928519511327051
8420260309030005,武雄競輪,5R,10:13,3-4,3,4,111.8,0.019583069268424555,1.1893871442098654
7320260310020005,小松島競輪,5R,12:48,3-6,3,6,60.5,0.036152783111975575,1.1872433782745224
3820260310020006,静岡競輪,6R,18:04,1-3,1,3,32.4,0.06748847772461286,1.1866266782774564
3820260310020005,静岡競輪,5R,17:40,1-6,1,6,104.4,0.02092721564333294,1.1848013131639594
8420260309030006,武雄競輪,6R,10:34,4-7,4,7,103.7,0.021035471785067483,1.181378424111498
3820260310020006,静岡競輪,6R,18:04,3-6,3,6,34.6,0.06302383906732406,1.1806248317294128
3820260310020011,静岡競輪,11R,20:16,3-6,3,6,41.5,0.052502823036869956,1.178867156030103
1320260309030001,いわき平競輪,1R,15:46,4-6,4,6,176.1,0.012346355841109949,1.174193263619462
1320260309030008,いわき平競輪,8R,18:41,1-4,1,4,53.5,0.04024928899268584,1.153336961108692
1320260309030009,いわき平競輪,9R,19:07,2-6,2,6,69.9,0.030592182251321265,1.1383935393673568
3820260310020011,静岡競輪,11R,20:16,6-7,6,7,103.8,0.020506484451031464,1.1285730860170657
1320260309030010,いわき平競輪,10R,19:34,3-7,3,7,36.2,0.05840856373977027,1.1143900073796837
3820260310020003,静岡競輪,3R,16:52,4-7,4,7,44.4,0.047294339665019905,1.0998686811268836
8420260309030007,武雄競輪,7R,10:55,6-7,6,7,144.4,0.014498617334917821,1.0936003431621333
3820260310020005,静岡競輪,5R,17:40,1-7,1,7,41.7,0.05008714406330248,1.0886339074397138
1320260309030002,いわき平競輪,2R,16:16,3-7,3,7,60.2,0.034450193794795705,1.0739016664467016
7320260310020003,小松島競輪,3R,11:55,2-6,2,6,82.5,0.025037084040135375,1.0655594333111686
7420260310020005,高知競輪,5R,22:10,2-5,2,5,37.5,0.05506408534672222,1.064903200502083
7320260310020003,小松島競輪,3R,11:55,4-5,4,5,46.7,0.04416313599696984,1.0624184510584915
7420260310020003,高知競輪,3R,21:30,1-2,1,2,32.8,0.0627338809114721,1.0576712938962847
3820260310020005,静岡競輪,5R,17:40,3-5,3,5,46.4,0.0443026364308376,1.0556423303908646
7320260310020004,小松島競輪,4R,12:21,1-3,1,3,62.6,0.03265010113232891,1.0438963308837899
1320260309030003,いわき平競輪,3R,16:40,2-6,2,6,70.8,0.028815161444556463,1.0401134302745976
8420260309030003,武雄競輪,3R,09:31,2-7,2,7,21.4,0.09485311443027364,1.0298566488078555
8420260309030001,武雄競輪,1R,08:50,2-6,2,6,46.2,0.043755179988177934,1.0214893154538207
3820260310020006,静岡競輪,6R,18:04,2-4,2,4,86.6,0.02326268811699362,1.0145487909316473
7320260310020001,小松島競輪,1R,11:05,5-6,5,6,27.7,0.07250859288946944,1.0084880230383035
8420260309030004,武雄競輪,4R,09:52,4-7,4,7,33.9,0.05916600467958754,1.0057275586380174
8420260309030006,武雄競輪,6R,10:34,6-7,6,7,97.7,0.020518273516887238,1.0046353225998832
1320260309030007,いわき平競輪,7R,18:16,1-6,1,6,86.8,0.022945032837335833,0.9916288502807502
1320260309030004,いわき平競輪,4R,17:04,5-6,5,6,82.8,0.023986910378934353,0.9861161793757642
3820260310020009,静岡競輪,9R,19:20,3-7,3,7,60.7,0.032710721952848576,0.9855408225379088
8420260309030001,武雄競輪,1R,08:50,3-6,3,6,64.6,0.03070956371973458,0.9838378162948538
1320260309030012,いわき平競輪,12R,20:30,2-6,2,6,73.4,0.0269462762892885,0.9778566796337762
7320260310020004,小松島競輪,4R,12:21,3-5,3,5,41.7,0.04704170387148965,0.9616390514411184
7420260310020009,高知競輪,9R,23:30,1-7,1,7,38.2,0.0504455425679989,0.9270197260975581
1320260309030010,いわき平競輪,10R,19:34,3-6,3,6,43.1,0.04457966248529006,0.9213834531160014
1320260309030004,いわき平競輪,4R,17:04,1-2,1,2,36.8,0.052138511509116164,0.9186972235354747
3820260310020004,静岡競輪,4R,17:16,1-6,1,6,118.0,0.016259316184581787,0.9185993097806509
8420260309030005,武雄競輪,5R,10:13,1-4,1,4,72.7,0.026387248378623707,0.9183529571259437
7420260310020009,高知競輪,9R,23:30,5-7,5,7,76.5,0.02506928791660929,0.9178005256206108
8420260309030006,武雄競輪,6R,10:34,3-7,3,7,78.2,0.024398029841455268,0.907925933601802
1320260309030010,いわき平競輪,10R,19:34,4-6,4,6,40.0,0.047681044038352625,0.9072417615341051
8420260309030003,武雄競輪,3R,09:31,2-5,2,5,30.5,0.06217853339740527,0.8964452686208608
1320260309030011,いわき平競輪,11R,20:02,6-7,6,7,68.5,0.02761169712513121,0.8914012530714879
3820260310020004,静岡競輪,4R,17:16,1-5,1,5,62.9,0.030008512979408167,0.8875354664047737
3820260310020009,静岡競輪,9R,19:20,2-3,2,3,40.5,0.046535799158134196,0.884699865904435
1320260309030009,いわき平競輪,9R,19:07,1-6,1,6,81.6,0.023034547214325275,0.8796190526889422
1320260309030012,いわき平競輪,12R,20:30,5-7,5,7,24.9,0.07537812791457643,0.876915385072953
1320260309030010,いわき平競輪,10R,19:34,5-6,5,6,59.0,0.03178795636358176,0.8754894254513239
3820260310020005,静岡競輪,5R,17:40,1-5,1,5,104.4,0.01791653841609285,0.8704866106400937
1320260309030003,いわき平競輪,3R,16:40,2-7,2,7,39.8,0.04695046869872638,0.8686286542093098
1320260309030009,いわき平競輪,9R,19:07,5-6,5,6,28.8,0.0645670476985103,0.8595309737170964
1320260309030001,いわき平競輪,1R,15:46,1-5,1,5,31.3,0.05918711522342772,0.8525567064932877
3820260310020004,静岡競輪,4R,17:16,2-5,2,5,55.5,0.03329224952194498,0.8477198484679467
1320260309030002,いわき平競輪,2R,16:16,2-7,2,7,39.6,0.046140187606415924,0.8271514292140707
1320260309030008,いわき平競輪,8R,18:41,4-7,4,7,42.1,0.043364190108443515,0.8256324035654721
1320260309030003,いわき平競輪,3R,16:40,1-4,1,4,53.3,0.03409520085710295,0.8172742056835871
1320260309030006,いわき平競輪,6R,17:52,3-6,3,6,60.7,0.029885867843049967,0.814072178073133
3820260310020005,静岡競輪,5R,17:40,1-2,1,2,52.2,0.0347123573051119,0.8119850513268414
8420260309030007,武雄競輪,7R,10:55,2-6,2,6,117.2,0.01542610915122538,0.8079399925236146
1320260309030008,いわき平競輪,8R,18:41,1-2,1,2,23.5,0.07645624546754948,0.7967217684874126
8420260309030002,武雄競輪,2R,09:10,1-4,1,4,40.8,0.04386534916073295,0.7897062457579043
8420260309030006,武雄競輪,6R,10:34,5-6,5,6,34.2,0.051939226360441466,0.7763215415270983
8420260309030001,武雄競輪,1R,08:50,2-4,2,4,52.3,0.033959021920232174,0.7760568464281425
7320260310020002,小松島競輪,2R,11:29,6-7,6,7,75.0,0.02366144902281095,0.7746086767108211
7320260310020006,小松島競輪,6R,13:16,1-7,1,7,49.1,0.03596282865430758,0.7657748869265024
1320260309030012,いわき平競輪,12R,20:30,4-5,4,5,48.4,0.03642962736751777,0.76319396458786
1320260309030012,いわき平競輪,12R,20:30,1-6,1,6,80.7,0.02180569773159777,0.7597198069399402
3820260310020005,静岡競輪,5R,17:40,4-5,4,5,52.2,0.033660748440371126,0.7570910685873729
3820260310020002,静岡競輪,2R,16:24,2-4,2,4,31.1,0.05646186766030516,0.7559640842354904
4520260310020004,豊橋競輪,4R,21:40,1-2,1,2,19.5,0.08994052525638081,0.7538402424994259
3820260310020005,静岡競輪,5R,17:40,1-3,1,3,37.9,0.04625684922569368,0.7531345856537905
7320260310020002,小松島競輪,2R,11:29,2-7,2,7,52.0,0.03368799409086129,0.7517756927247872
7320260310020003,小松島競輪,3R,11:55,2-4,2,4,37.6,0.046548236612179716,0.7502136966179573
7320260310020001,小松島競輪,1R,11:05,3-7,3,7,27.2,0.06412215920377196,0.7441227303425972
1320260309030004,いわき平競輪,4R,17:04,4-7,4,7,32.1,0.05375520440411631,0.7255420613721337
1320260309030004,いわき平競輪,4R,17:04,2-6,2,6,128.4,0.01342735985005077,0.7240730047465189
7320260310020003,小松島競輪,3R,11:55,1-6,1,6,75.8,0.022710716458499744,0.7214723075542806
7420260310020006,高知競輪,6R,22:30,1-7,1,7,24.7,0.06961134905968139,0.7194003217741303
7420260310020001,高知競輪,1R,20:50,3-6,3,6,34.7,0.04950825326509848,0.7179363882989174
3820260310020008,静岡競輪,8R,18:54,3-6,3,6,33.2,0.05161921741934316,0.713758018322193
8420260309030001,武雄競輪,1R,08:50,1-4,1,4,33.1,0.051741533313826686,0.7126447526876634
1320260309030003,いわき平競輪,3R,16:40,6-7,6,7,35.0,0.04846870286937868,0.6964046004282538
3820260310020004,静岡競輪,4R,17:16,5-6,5,6,94.4,0.017926320482933057,0.6922446535888807
7320260310020005,小松島競輪,5R,12:48,4-6,4,6,102.5,0.016440429896087613,0.6851440643489803
1320260309030008,いわき平競輪,8R,18:41,6-7,6,7,58.9,0.02858706501008121,0.6837781290937832
7420260310020001,高知競輪,1R,20:50,2-5,2,5,20.8,0.08054272975486011,0.6752887789010904
4520260310020009,豊橋競輪,9R,23:20,2-4,2,4,40.1,0.041768190778657906,0.6749044502241821
7420260310020003,高知競輪,3R,21:30,3-4,3,4,26.2,0.06389691843982015,0.6740992631232878
3820260310020005,静岡競輪,5R,17:40,1-4,1,4,46.4,0.03602483466574144,0.6715523284904028
7420260310020009,高知競輪,9R,23:30,4-5,4,5,38.2,0.04373393188586788,0.6706361980401532
7420260310020005,高知競輪,5R,22:10,3-6,3,6,37.5,0.04404089170741103,0.6515334390279137
1320260309030003,いわき平競輪,3R,16:40,5-6,5,6,48.4,0.033991476987059455,0.6451874861736775
1320260309030011,いわき平競輪,11R,20:02,4-7,4,7,44.7,0.03675984935568447,0.6431652661990961
7320260310020002,小松島競輪,2R,11:29,1-2,1,2,34.0,0.0480974453970367,0.6353131434992476
1320260309030006,いわき平競輪,6R,17:52,6-7,6,7,26.0,0.06259226270180442,0.6273988302469149
4520260310020004,豊橋競輪,4R,21:40,1-5,1,5,19.5,0.08343967375335147,0.6270736381903537
8420260309030003,武雄競輪,3R,09:31,5-6,5,6,92.3,0.017623939400364275,0.6266896066536225
3820260310020004,静岡競輪,4R,17:16,2-6,2,6,78.6,0.020694943497565295,0.626622558908632
3820260310020010,静岡競輪,10R,19:48,1-5,1,5,29.2,0.05566034289939795,0.6252820126624199
3820260310020006,静岡競輪,6R,18:04,1-6,1,6,39.9,0.040637377107978954,0.6214313466083603
3820260310020007,静岡競輪,7R,18:28,2-4,2,4,26.3,0.06141231429687187,0.6151438660077302
7420260310020009,高知競輪,9R,23:30,1-5,1,5,19.1,0.0845309718312847,0.6145415619775381
7420260310020008,高知競輪,8R,23:10,2-3,2,3,22.5,0.07169543614149787,0.6131473131837022
3820260310020002,静岡競輪,2R,16:24,4-7,4,7,47.0,0.03427458479160807,0.6109054852055791
3820260310020002,静岡競輪,2R,16:24,1-7,1,7,30.4,0.05283336149039247,0.6061341893079311
8420260309030006,武雄競輪,6R,10:34,1-4,1,4,39.5,0.04056063506490744,0.6021450850638439
4520260310020007,豊橋競輪,7R,22:40,1-5,1,5,23.2,0.06877001302670402,0.5954643022195332
1320260309030007,いわき平競輪,7R,18:16,6-7,6,7,26.7,0.059443341403099294,0.587137215462751
7320260310020006,小松島競輪,6R,13:16,2-7,2,7,30.8,0.05135027895474299,0.5815885918060841
7320260310020002,小松島競輪,2R,11:29,4-5,4,5,49.7,0.03155132472837125,0.5681008390000513
7320260310020006,小松島競輪,6R,13:16,4-7,4,7,57.4,0.0272969729437703,0.5668462469724151
3820260310020010,静岡競輪,10R,19:48,4-7,4,7,51.1,0.03053102129370091,0.5601351881081165
8420260309030001,武雄競輪,1R,08:50,3-4,3,4,70.0,0.022267759207111486,0.5587431444978039
7320260310020001,小松島競輪,1R,11:05,1-6,1,6,47.6,0.03274596827434946,0.5587080898590344
8420260309030004,武雄競輪,4R,09:52,2-5,2,5,34.8,0.04460714402748974,0.5523286121566429
1320260309030007,いわき平競輪,7R,18:16,4-7,4,7,34.7,0.04445577603110732,0.5426154282794242
7320260310020001,小松島競輪,1R,11:05,6-7,6,7,37.0,0.04162030704672477,0.5399513607288167
7320260310020002,小松島競輪,2R,11:29,3-5,3,5,22.8,0.0671015535374005,0.5299154206527312
7420260310020008,高知競輪,8R,23:10,1-5,1,5,22.5,0.06777704074273708,0.5249834167115843
7420260310020008,高知競輪,8R,23:10,2-4,2,4,22.5,0.06760235273762591,0.521052936596583
1320260309030011,いわき平競輪,11R,20:02,2-4,2,4,38.0,0.040025642071870815,0.5209743987310911
4520260310020007,豊橋競輪,7R,22:40,1-4,1,4,23.2,0.06527758128401315,0.514439885789105
1320260309030009,いわき平競輪,9R,19:07,3-7,3,7,25.7,0.05855701560857049,0.5049153011402616
8420260309030006,武雄競輪,6R,10:34,1-3,1,3,32.2,0.04664914937069921,0.5021026097365147
1320260309030011,いわき平競輪,11R,20:02,2-7,2,7,35.4,0.04233141757579448,0.49853218218312456
7420260310020009,高知競輪,9R,23:30,3-5,3,5,38.2,0.039213007337250506,0.49793688028296956
1320260309030005,いわき平競輪,5R,17:28,2-3,2,3,20.6,0.07267359430317562,0.49707604264541794
3820260310020003,静岡競輪,3R,16:52,1-2,1,2,19.7,0.075912304234205,0.49547239341383853
3820260310020004,静岡競輪,4R,17:16,1-3,1,3,37.7,0.03966413673194578,0.49533795479435594
7420260310020001,高知競輪,1R,20:50,1-5,1,5,20.8,0.07173719516698407,0.4921336594732686
3820260310020006,静岡競輪,6R,18:04,2-7,2,7,74.2,0.02010391664505722,0.49171061506324576
1320260309030001,いわき平競輪,1R,15:46,1-2,1,2,34.8,0.04280082251334984,0.4894686234645742
3820260310020009,静岡競輪,9R,19:20,1-3,1,3,24.3,0.06110484176492291,0.4848476548876268
8420260309030005,武雄競輪,5R,10:13,4-7,4,7,41.0,0.036113691625285105,0.4806613566366893
3820260310020002,静岡競輪,2R,16:24,3-5,3,5,39.0,0.03790961837015032,0.4784751164358625
8420260309030007,武雄競輪,7R,10:55,1-2,1,2,38.3,0.038378201677378,0.4698851242435773
3820260310020004,静岡競輪,4R,17:16,1-7,1,7,34.9,0.04195886330338428,0.46436432928811144
1320260309030008,いわき平競輪,8R,18:41,1-7,1,7,39.3,0.037194656535008,0.4617500018258145
7420260310020001,高知競輪,1R,20:50,1-2,1,2,10.4,0.1405331391999735,0.4615446476797245
1320260309030009,いわき平競輪,9R,19:07,1-3,1,3,44.5,0.032694572855982186,0.4549084920912072
3820260310020004,静岡競輪,4R,17:16,4-5,4,5,18.8,0.07716219243876621,0.45064921784880485
7320260310020006,小松島競輪,6R,13:16,3-7,3,7,58.6,0.02475315208663181,0.4505347122766241
1320260309030002,いわき平競輪,2R,16:16,1-7,1,7,47.2,0.03069698829449773,0.44889784750029293
1320260309030004,いわき平競輪,4R,17:04,4-6,4,6,50.7,0.02850782138817108,0.445346544380274
1320260309030001,いわき平競輪,1R,15:46,2-4,2,4,45.3,0.03171361097025125,0.4366265769523816
3820260310020010,静岡競輪,10R,19:48,6-7,6,7,68.2,0.020963819635371642,0.4297324991323461
7420260310020008,高知競輪,8R,23:10,2-5,2,5,22.5,0.06329419142171937,0.4241193069886857
8420260309030003,武雄競輪,3R,09:31,2-3,2,3,34.2,0.041511736203408284,0.4197013781565635
7320260310020004,小松島競輪,4R,12:21,1-5,1,5,25.8,0.054678107165206734,0.4106951648623338
3820260310020010,静岡競輪,10R,19:48,1-3,1,3,15.7,0.08978524642091804,0.409628368808413
3820260310020007,静岡競輪,7R,18:28,4-6,4,6,52.7,0.02672904933416001,0.40862089991023254
3820260310020011,静岡競輪,11R,20:16,2-7,2,7,25.9,0.05414770161833135,0.40242547191478195
3820260310020010,静岡競輪,10R,19:48,1-7,1,7,25.5,0.05483119167655626,0.39819538775218444
8420260309030006,武雄競輪,6R,10:34,2-6,2,6,19.1,0.07320122151530974,0.39814333094241605
4520260310020008,豊橋競輪,8R,23:00,2-4,2,4,21.0,0.06643130016207732,0.39505730340362377
1320260309030011,いわき平競輪,11R,20:02,3-6,3,6,31.1,0.04479103874848861,0.3930013050779959
8420260309030001,武雄競輪,1R,08:50,1-3,1,3,32.8,0.042261716177341035,0.38618429061678583
1320260309030012,いわき平競輪,12R,20:30,3-4,3,4,29.1,0.04753311033858558,0.3832135108528405
7320260310020003,小松島競輪,3R,11:55,1-4,1,4,32.8,0.0420760818982034,0.3800954862610715
3820260310020003,静岡競輪,3R,16:52,5-7,5,7,69.3,0.01981418774028151,0.37312321040150853
1320260309030003,いわき平競輪,3R,16:40,4-5,4,5,41.3,0.033167247153116974,0.3698073074237309
3820260310020003,静岡競輪,3R,16:52,4-5,4,5,49.7,0.02752867424264901,0.36817510985965596
1320260309030009,いわき平競輪,9R,19:07,1-7,1,7,24.4,0.05593728864918028,0.3648698430399988
3820260310020008,静岡競輪,8R,18:54,2-3,2,3,33.2,0.04109998391314102,0.36451946591628204
3820260310020005,静岡競輪,5R,17:40,3-6,3,6,27.8,0.04903845578124217,0.3632690707185324
4520260310020006,豊橋競輪,6R,22:20,1-5,1,5,15.0,0.09038892134868204,0.35583382023023047
7320260310020005,小松島競輪,5R,12:48,4-5,4,5,66.0,0.020295675369942145,0.3395145744161816
1320260309030011,いわき平競輪,11R,20:02,5-6,5,6,30.2,0.04427188842487451,0.33701103043121017
3820260310020007,静岡競輪,7R,18:28,2-6,2,6,15.8,0.0842438510941528,0.3310528472876144
3820260310020010,静岡競輪,10R,19:48,2-4,2,4,51.1,0.025997302334815196,0.3284621493090565
4520260310020006,豊橋競輪,6R,22:20,1-3,1,3,15.0,0.08851483438024935,0.3277225157037402
1320260309030001,いわき平競輪,1R,15:46,5-7,5,7,16.2,0.08103148163321187,0.31271000245803227
1320260309030008,いわき平競輪,8R,18:41,1-6,1,6,58.9,0.022067754917175136,0.2997907646216156
1320260309030002,いわき平競輪,2R,16:16,2-3,2,3,28.2,0.04601774442374116,0.2977003927495008
1320260309030012,いわき平競輪,12R,20:30,3-5,3,5,31.4,0.04122464665010315,0.29445390481323885
4520260310020007,豊橋競輪,7R,22:40,2-7,2,7,23.2,0.05554649164155846,0.2886786060841562
1320260309030011,いわき平競輪,11R,20:02,2-3,2,3,20.9,0.06159363878760588,0.28730705066096296
1320260309030003,いわき平競輪,3R,16:40,4-6,4,6,41.3,0.031145942324833996,0.2863274180156439
4520260310020001,豊橋競輪,1R,20:40,1-7,1,7,28.3,0.04536007712154471,0.28369018253971534
4520260310020009,豊橋競輪,9R,23:20,1-2,1,2,8.9,0.1437519045809832,0.2793919507707505
7420260310020005,高知競輪,5R,22:10,1-5,1,5,18.7,0.06834418784317296,0.2780363126673344
7320260310020001,小松島競輪,1R,11:05,1-3,1,3,23.7,0.05377861725793071,0.27455322901295776
7420260310020007,高知競輪,7R,22:50,2-3,2,3,20.2,0.06301119002542749,0.2728260385136352
1320260309030010,いわき平競輪,10R,19:34,2-5,2,5,66.0,0.019258770889584755,0.27107887871259373
3820260310020007,静岡競輪,7R,18:28,6-7,6,7,31.6,0.03981936067449058,0.2582917973139023
1320260309030010,いわき平競輪,10R,19:34,1-2,1,2,25.5,0.04930844666773555,0.25736539002725656
7420260310020006,高知競輪,6R,22:30,4-5,4,5,24.7,0.05070316394368646,0.2523681494090555
3820260310020007,静岡競輪,7R,18:28,1-7,1,7,31.6,0.03963072191733062,0.2523308125876478
1320260309030012,いわき平競輪,12R,20:30,3-7,3,7,13.0,0.09595540434964343,0.2474202565453647
7320260310020002,小松島競輪,2R,11:29,4-7,4,7,31.4,0.03968887095744254,0.2462305480636957
8420260309030002,武雄競輪,2R,09:10,5-7,5,7,17.5,0.07099165609282797,0.2423539816244895
1320260309030002,いわき平競輪,2R,16:16,3-5,3,5,55.8,0.022188905233644945,0.23814091203738785
8420260309030001,武雄競輪,1R,08:50,1-2,1,2,20.5,0.060005879622118126,0.23012053225342166
1320260309030006,いわき平競輪,6R,17:52,2-6,2,6,52.0,0.0236437603541143,0.22947553841394353
1320260309030011,いわき平競輪,11R,20:02,3-7,3,7,21.4,0.0574444875189299,0.22931203290509972
7420260310020002,高知競輪,2R,21:10,4-6,4,6,15.0,0.08166121968127477,0.22491829521912154
3820260310020010,静岡競輪,10R,19:48,1-2,1,2,25.5,0.047996195435750115,0.22390298361162797
8420260309030003,武雄競輪,3R,09:31,1-2,1,2,11.3,0.10830802754895096,0.2238807113031458
8420260309030001,武雄競輪,1R,08:50,2-3,2,3,43.5,0.028070056965762168,0.22104747801065439
4520260310020007,豊橋競輪,7R,22:40,4-5,4,5,23.2,0.05259478955000399,0.22019911756009258
1320260309030004,いわき平競輪,4R,17:04,1-3,1,3,16.3,0.07463676538495535,0.2165792757747722
8420260309030007,武雄競輪,7R,10:55,2-3,2,3,19.1,0.06362501116942608,0.21523771333603814
7320260310020005,小松島競輪,5R,12:48,2-5,2,5,38.3,0.0317214767021713,0.21493255769316066
7420260310020005,高知競輪,5R,22:10,1-2,1,2,12.5,0.0971396011453344,0.21424501431668008
8420260309030006,武雄競輪,6R,10:34,2-7,2,7,29.9,0.04050748964687598,0.21117394044159177
4520260310020001,豊橋競輪,1R,20:40,1-6,1,6,21.2,0.056955589572039035,0.20745849892722745
1320260309030007,いわき平競輪,7R,18:16,2-4,2,4,57.8,0.0208692754374378,0.20624412028390493
7420260310020003,高知競輪,3R,21:30,1-4,1,4,16.4,0.07322769619957537,0.200934217673036
1320260309030003,いわき平競輪,3R,16:40,4-7,4,7,26.2,0.04569654705243932,0.1972495327739101
7420260310020003,高知競輪,3R,21:30,2-4,2,4,32.8,0.03640689632596052,0.1941461994915048
8420260309030006,武雄競輪,6R,10:34,3-5,3,5,21.0,0.05674501539160251,0.1916453232236528
7420260310020001,高知競輪,1R,20:50,5-6,5,6,34.7,0.03430475927706647,0.19037514691420654
1320260309030005,いわき平競輪,5R,17:28,1-2,1,2,29.8,0.03975729131837137,0.18476728128746678
1320260309030006,いわき平競輪,6R,17:52,3-5,3,5,17.3,0.06841560510060708,0.18358996824050267
1320260309030008,いわき平競輪,8R,18:41,3-6,3,6,53.5,0.022030936538338475,0.17865510480110847
3820260310020007,静岡競輪,7R,18:28,4-5,4,5,39.5,0.02962170083620267,0.1700571830300055
3820260310020001,静岡競輪,1R,16:00,3-6,3,6,51.2,0.02284654654704378,0.16974318320864157
1320260309030012,いわき平競輪,12R,20:30,2-4,2,4,34.1,0.03420357142646698,0.16634178564252422
3820260310020009,静岡競輪,9R,19:20,3-5,3,5,18.6,0.06265314158667222,0.16534843351210338
4520260310020008,豊橋競輪,8R,23:00,2-5,2,5,21.0,0.05548340900958608,0.16515158920130757
1320260309030012,いわき平競輪,12R,20:30,3-6,3,6,31.8,0.036518531486757835,0.16128930127889918
3820260310020011,静岡競輪,11R,20:16,4-7,4,7,34.6,0.033466964445725805,0.15795696982211282
7420260310020006,高知競輪,6R,22:30,3-5,3,5,24.7,0.04683611613765181,0.15685206859999967
3820260310020009,静岡競輪,9R,19:20,3-6,3,6,81.0,0.014218192004815191,0.15167355239003055
1320260309030002,いわき平競輪,2R,16:16,4-7,4,7,13.3,0.0865369983745712,0.15094207838179696
1320260309030006,いわき平競輪,6R,17:52,1-6,1,6,60.7,0.01895989845093657,0.15086583597184977
8420260309030001,武雄競輪,1R,08:50,4-5,4,5,10.4,0.11025060459559205,0.1466062877941574
3820260310020007,静岡競輪,7R,18:28,3-6,3,6,31.6,0.03622620288279067,0.1447480110961854
1320260309030004,いわき平競輪,4R,17:04,1-4,1,4,14.0,0.08160640910444417,0.14248972746221833
3820260310020005,静岡競輪,5R,17:40,2-5,2,5,34.8,0.032690898688752086,0.1376432743685725
3820260310020007,静岡競輪,7R,18:28,4-7,4,7,39.5,0.028763270197566616,0.13614917280388128
1320260309030009,いわき平競輪,9R,19:07,2-3,2,3,30.6,0.0370085184362714,0.13246066414990487
8420260309030006,武雄競輪,6R,10:34,2-3,2,3,14.3,0.07913711311364342,0.131660717525101
8420260309030005,武雄競輪,5R,10:13,1-6,1,6,20.8,0.05438296634287115,0.13116569993172011
1320260309030006,いわき平競輪,6R,17:52,4-5,4,5,19.1,0.05919287710685314,0.13058395274089518
7420260310020002,高知競輪,2R,21:10,3-6,3,6,15.0,0.07528705504690458,0.12930582570356863
3820260310020001,静岡競輪,1R,16:00,3-4,3,4,17.4,0.06479642050944137,0.12745771686427987
8420260309030007,武雄競輪,7R,10:55,1-5,1,5,17.5,0.06413108013949786,0.12229390244121263
7420260310020001,高知競輪,1R,20:50,4-5,4,5,52.1,0.02150970943414661,0.12065586151903829
4520260310020004,豊橋競輪,4R,21:40,4-5,4,5,19.5,0.057458291237128825,0.12043667912401212
8420260309030002,武雄競輪,2R,09:10,1-7,1,7,25.8,0.04321345191546794,0.11490705941907287
1320260309030006,いわき平競輪,6R,17:52,1-5,1,5,20.2,0.055179534591688596,0.11462659875210957
7420260310020005,高知競輪,5R,22:10,2-3,2,3,18.7,0.05959308037512721,0.11439060301487869
1320260309030010,いわき平競輪,10R,19:34,4-7,4,7,18.1,0.061564655083835226,0.11432025701741777
3820260310020009,静岡競輪,9R,19:20,1-5,1,5,11.0,0.10116157393443766,0.11277731327881413
1320260309030010,いわき平競輪,10R,19:34,1-5,1,5,22.0,0.05045065974205122,0.10991451432512678
7420260310020008,高知競輪,8R,23:10,2-7,2,7,22.5,0.048781541205599396,0.09758467712598651
7420260310020006,高知競輪,6R,22:30,4-6,4,6,24.7,0.04437111550826529,0.09596655305415247
3820260310020005,静岡競輪,5R,17:40,5-6,5,6,59.6,0.018367316805545687,0.094692081610523
1320260309030005,いわき平競輪,5R,17:28,2-6,2,6,28.8,0.037922629361759524,0.09217172561867426
3820260310020003,静岡競輪,3R,16:52,1-7,1,7,35.4,0.0307763005490102,0.089481039434961
3820260310020011,静岡競輪,11R,20:16,1-4,1,4,20.7,0.052627480314185585,0.08938884250364154
1320260309030006,いわき平競輪,6R,17:52,2-7,2,7,16.5,0.06592621243312573,0.0877825051465746
8420260309030002,武雄競輪,2R,09:10,2-3,2,3,22.8,0.04761869733378875,0.08570629921038342
8420260309030005,武雄競輪,5R,10:13,2-5,2,5,24.9,0.04343207585505337,0.08145868879082885
8420260309030004,武雄競輪,4R,09:52,2-3,2,3,17.8,0.06052751196973232,0.07738971306123532
3820260310020009,静岡競輪,9R,19:20,2-7,2,7,20.2,0.05314870995150943,0.0736039410204905
7420260310020006,高知競輪,6R,22:30,4-7,4,7,24.7,0.043402999502596115,0.07205408771412403
8420260309030002,武雄競輪,2R,09:10,3-6,3,6,35.6,0.030080396441555315,0.0708621133193692
1320260309030011,いわき平競輪,11R,20:02,1-4,1,4,26.3,0.04064775533623291,0.06903596534292555
7420260310020006,高知競輪,6R,22:30,1-4,1,4,12.3,0.0866162934284242,0.06538040916961774
7420260310020001,高知競輪,1R,20:50,1-4,1,4,17.3,0.06137874918585672,0.061852360915321425
3820260310020011,静岡競輪,11R,20:16,3-7,3,7,18.8,0.05643879792475076,0.06104940098531442
3820260310020007,静岡競輪,7R,18:28,1-5,1,5,26.3,0.04034221336395237,0.06100021147194745
4520260310020007,豊橋競輪,7R,22:40,1-2,1,2,11.6,0.0914405771265793,0.0607106946683198
3820260310020004,静岡競輪,4R,17:16,1-2,1,2,31.4,0.03376924264490502,0.0603542190500177
7420260310020009,高知競輪,9R,23:30,4-6,4,6,38.2,0.027757028447143103,0.06031848668086659
3820260310020006,静岡競輪,6R,18:04,2-5,2,5,17.9,0.05910714331229482,0.05801786529007735
1320260309030010,いわき平競輪,10R,19:34,6-7,6,7,17.5,0.0604208536329781,0.057364938577116664
3820260310020009,静岡競輪,9R,19:20,1-2,1,2,12.7,0.08306499743285689,0.054925467397282546
7420260310020007,高知競輪,7R,22:50,2-4,2,4,20.2,0.052201393297535925,0.054468144610225755
4520260310020003,豊橋競輪,3R,21:20,2-6,2,6,9.0,0.11693214310489476,0.05238928794405284
8420260309030006,武雄競輪,6R,10:34,1-2,1,2,15.1,0.06954179535841559,0.05008110991207548
3820260310020007,静岡競輪,7R,18:28,1-2,1,2,13.1,0.08005148292521094,0.04867442632026342
8420260309030007,武雄競輪,7R,10:55,2-4,2,4,27.5,0.0381183625605911,0.04825497041625515
8420260309030005,武雄競輪,5R,10:13,5-7,5,7,13.7,0.0764341052457703,0.04714724186705288
4520260310020007,豊橋競輪,7R,22:40,3-4,3,4,23.2,0.045091806116248856,0.04612990189697341
1320260309030008,いわき平競輪,8R,18:41,5-7,5,7,21.0,0.0497824143066756,0.04543070044018749
8420260309030001,武雄競輪,1R,08:50,2-5,2,5,9.4,0.1111740091749097,0.04503568624415122
3820260310020010,静岡競輪,10R,19:48,4-6,4,6,102.3,0.01018033928671263,0.04144870903070186
3820260310020010,静岡競輪,10R,19:48,5-6,5,6,40.9,0.025454695248849458,0.04109703567794276
4520260310020004,豊橋競輪,4R,21:40,2-5,2,5,19.5,0.053197386418271146,0.03734903515628729
1320260309030002,いわき平競輪,2R,16:16,3-4,3,4,13.4,0.07730451847369284,0.035880547547484154
7320260310020002,小松島競輪,2R,11:29,3-7,3,7,13.5,0.07654852685749293,0.03340511257615453
7320260310020005,小松島競輪,5R,12:48,1-5,1,5,17.4,0.05933645048089953,0.0324542383676516
1320260309030003,いわき平競輪,3R,16:40,5-7,5,7,19.9,0.05183408340099574,0.03149825967981523
3820260310020007,静岡競輪,7R,18:28,3-4,3,4,39.5,0.026091061973263847,0.03059694794392187
7320260310020003,小松島競輪,3R,11:55,2-5,2,5,18.1,0.05690859741034576,0.030045613127258397
7420260310020009,高知競輪,9R,23:30,2-5,2,5,15.3,0.06724919294412786,0.028912652045156362
1320260309030002,いわき平競輪,2R,16:16,4-5,4,5,16.7,0.061555958748024324,0.02798451109200606
7420260310020006,高知競輪,6R,22:30,3-6,3,6,24.7,0.04140550440500196,0.022715958803548375
1320260309030006,いわき平競輪,6R,17:52,1-2,1,2,52.0,0.019665419872527377,0.02260183337142352
1320260309030009,いわき平競輪,9R,19:07,1-2,1,2,28.8,0.03549199544953002,0.022169468946464654
3820260310020008,静岡競輪,8R,18:54,1-5,1,5,24.9,0.04088747379864391,0.018098097586233264
3820260310020007,静岡競輪,7R,18:28,3-7,3,7,26.3,0.03867777272984427,0.017225422794904244
1320260309030003,いわき平競輪,3R,16:40,3-6,3,6,15.4,0.06573500576842659,0.01231908883376942
1320260309030007,いわき平競輪,7R,18:16,3-5,3,5,13.3,0.07589856086133431,0.00945085945574653
1320260309030006,いわき平競輪,6R,17:52,4-6,4,6,40.5,0.024920772943291404,0.00929130420330182
8420260309030005,武雄競輪,5R,10:13,3-7,3,7,13.5,0.07462650529167641,0.007457821437631518
7420260310020007,高知競輪,7R,22:50,1-7,1,7,20.2,0.04973211244150534,0.004588671318407789
1320260309030004,いわき平競輪,4R,17:04,3-4,3,4,16.2,0.06197048427577066,0.003921845267484736
4520260310020003,豊橋競輪,3R,21:20,1-3,1,3,9.0,0.11135156752610156,0.0021641077349141558
3820260310020003,静岡競輪,3R,16:52,2-3,2,3,12.0,0.08343755178950253,0.0012506214740304333
1320260309030012,いわき平競輪,12R,20:30,1-4,1,4,25.7,0.03895254264015141,0.0010803458518913178
7320260310020004,小松島競輪,4R,12:21,3-4,3,4,15.2,0.0657214546643207,-0.0010338891023254915
3820260310020002,静岡競輪,2R,16:24,5-7,5,7,18.8,0.052972332045078535,-0.004120157552523485
8420260309030003,武雄競輪,3R,09:31,4-5,4,5,25.4,0.03913050160256543,-0.006085259294838052
1320260309030004,いわき平競輪,4R,17:04,1-7,1,7,15.3,0.06481074845773471,-0.008395548596658808
3820260310020001,静岡競輪,1R,16:00,2-3,2,3,24.5,0.0404193867270298,-0.009725025187769964
3820260310020009,静岡競輪,9R,19:20,2-4,2,4,27.0,0.03664580128151282,-0.010563365399153923
3820260310020005,静岡競輪,5R,17:40,4-6,4,6,26.1,0.03790301914828466,-0.010731200229770366
1320260309030003,いわき平競輪,3R,16:40,2-3,2,3,15.3,0.06454148339193136,-0.012515304103450142
1320260309030011,いわき平競輪,11R,20:02,1-2,1,2,21.4,0.04612555092771864,-0.01291321014682123
3820260310020010,静岡競輪,10R,19:48,2-7,2,7,22.7,0.0434337804139807,-0.014053184602638047
3820260310020001,静岡競輪,1R,16:00,6-7,6,7,21.8,0.04503855410856629,-0.01815952043325486
1320260309030011,いわき平競輪,11R,20:02,1-6,1,6,31.1,0.03149720982801749,-0.020436774348655873
4520260310020008,豊橋競輪,8R,23:00,4-6,4,6,21.0,0.04655042718564154,-0.022441029101527565
7320260310020002,小松島競輪,2R,11:29,1-5,1,5,28.7,0.03394607474176842,-0.02574765491124642
1320260309030005,いわき平競輪,5R,17:28,2-4,2,4,13.6,0.07119280746885803,-0.03177781842353078
8420260309030007,武雄競輪,7R,10:55,1-3,1,3,11.7,0.08269664596830245,-0.032449242170861425
3820260310020006,静岡競輪,6R,18:04,4-5,4,5,15.7,0.06153115714566209,-0.033960832813105246
1320260309030001,いわき平競輪,1R,15:46,3-6,3,6,25.6,0.037561334763391505,-0.03842983005717748
8420260309030004,武雄競輪,4R,09:52,2-7,2,7,12.6,0.0763114710878296,-0.03847546429334714
7320260310020004,小松島競輪,4R,12:21,3-6,3,6,34.5,0.027803261806609116,-0.04078746767198549
8420260309030005,武雄競輪,5R,10:13,1-7,1,7,10.5,0.09127118976640584,-0.04165250745273863
3820260310020004,静岡競輪,4R,17:16,2-7,2,7,20.9,0.04572001951766978,-0.044451592080701596
7420260310020008,高知競輪,8R,23:10,4-5,4,5,22.5,0.042454390820570426,-0.04477620653716541
1320260309030006,いわき平競輪,6R,17:52,2-4,2,4,36.4,0.02605360170545868,-0.051648897921304115
7320260310020006,小松島競輪,6R,13:16,3-4,3,4,29.0,0.03256045663605358,-0.05574675755444625
3820260310020002,静岡競輪,2R,16:24,2-7,2,7,11.2,0.08422219908614148,-0.05671137023521544
7420260310020006,高知競輪,6R,22:30,1-5,1,5,12.3,0.07667237682632629,-0.05692976503618663
8420260309030007,武雄競輪,7R,10:55,4-6,4,6,37.5,0.0250955903291337,-0.0589153626574862
7420260310020009,高知競輪,9R,23:30,1-3,1,3,12.7,0.07384398232170182,-0.06218142451438691
7320260310020007,小松島競輪,7R,13:44,3-5,3,5,16.8,0.05569619545186441,-0.06430391640867783
4520260310020002,豊橋競輪,2R,21:00,1-6,1,6,18.1,0.05161046888854785,-0.06585051311728374
3820260310020009,静岡競輪,9R,19:20,2-5,2,5,10.5,0.08858537379827837,-0.0698535751180771
1320260309030011,いわき平競輪,11R,20:02,4-5,4,5,16.8,0.05531291468980285,-0.07074303321131203
1320260309030004,いわき平競輪,4R,17:04,2-3,2,3,24.3,0.03817899911245933,-0.07225032156723821
4520260310020009,豊橋競輪,9R,23:20,2-6,2,6,80.2,0.011562650418408638,-0.07267543644362717
7420260310020009,高知競輪,9R,23:30,2-7,2,7,25.5,0.036213318424259906,-0.07656038018137235
3820260310020011,静岡競輪,11R,20:16,2-4,2,4,14.8,0.061964450691634705,-0.08292612976380631
3820260310020010,静岡競輪,10R,19:48,3-5,3,5,10.2,0.08951408677978194,-0.08695631484622424
3820260310020009,静岡競輪,9R,19:20,1-4,1,4,18.6,0.04907782270618265,-0.08715249766500266
8420260309030003,武雄競輪,3R,09:31,3-6,3,6,88.3,0.010323978291326003,-0.08839271687591399
3820260310020011,静岡競輪,11R,20:16,3-5,3,5,18.8,0.04827298017264033,-0.0924679727543617
7320260310020004,小松島競輪,4R,12:21,1-2,1,2,17.5,0.05178879171691583,-0.09369614495397294
4520260310020003,豊橋競輪,3R,21:20,1-2,1,2,6.0,0.15102983333053827,-0.0938210000167704
7420260310020009,高知競輪,9R,23:30,6-7,6,7,76.5,0.011840563885034669,-0.09419686279484785
3820260310020002,静岡競輪,2R,16:24,1-2,1,2,11.9,0.07603680862354217,-0.0951619773798481
7420260310020009,高知競輪,9R,23:30,2-6,2,6,19.1,0.04731570864598646,-0.09626996486165862
1320260309030006,いわき平競輪,6R,17:52,3-4,3,4,28.0,0.03211282560879038,-0.10084088295386939
7320260310020002,小松島競輪,2R,11:29,1-4,1,4,16.7,0.05363003773308186,-0.10437836985753302
3820260310020011,静岡競輪,11R,20:16,4-5,4,5,34.6,0.02579569695717703,-0.10746888528167475
1320260309030007,いわき平競輪,7R,18:16,1-4,1,4,57.8,0.015440826227813023,-0.10752024403240734
1320260309030011,いわき平競輪,11R,20:02,5-7,5,7,15.5,0.0575076921538597,-0.10863077161517465
3820260310020009,静岡競輪,9R,19:20,5-7,5,7,12.7,0.07017328054904738,-0.10879933702709832
4520260310020008,豊橋競輪,8R,23:00,2-6,2,6,21.0,0.04206149274234949,-0.11670865241066064
8420260309030002,武雄競輪,2R,09:10,2-4,2,4,20.1,0.043877571771059144,-0.1180608074017111
1320260309030004,いわき平競輪,4R,17:04,4-5,4,5,12.7,0.06908147785032641,-0.1226652313008546
1320260309030004,いわき平競輪,4R,17:04,3-5,3,5,14.2,0.061757940393249965,-0.12303724641585057
3820260310020011,静岡競輪,11R,20:16,2-5,2,5,18.8,0.046573574115549396,-0.1244168066276713
1320260309030009,いわき平競輪,9R,19:07,4-6,4,6,44.5,0.019528329317349498,-0.13098934537794737
1320260309030003,いわき平競輪,3R,16:40,1-6,1,6,24.2,0.03576105593412504,-0.13458244639417405
7420260310020007,高知競輪,7R,22:50,1-3,1,3,10.1,0.0856103854301834,-0.13533510715514774
8420260309030004,武雄競輪,4R,09:52,1-5,1,5,25.5,0.033907108236094184,-0.1353687399795983
7420260310020006,高知競輪,6R,22:30,1-6,1,6,12.3,0.07019130502254793,-0.13664694822266044
1320260309030004,いわき平競輪,4R,17:04,5-7,5,7,16.6,0.051824142278104626,-0.1397192381834631
4520260310020008,豊橋競輪,8R,23:00,1-7,1,7,21.0,0.0408625124105907,-0.1418872393775954
1320260309030009,いわき平競輪,9R,19:07,3-4,3,4,32.6,0.0262237936229893,-0.14510432789054872
1320260309030008,いわき平競輪,8R,18:41,1-3,1,3,29.4,0.029059696531544894,-0.14564492197258017
8420260309030003,武雄競輪,3R,09:31,1-3,1,3,31.5,0.027111834655509252,-0.14597720835145855
7320260310020002,小松島競輪,2R,11:29,2-3,2,3,10.1,0.08451125740235892,-0.14643630023617493
4520260310020007,豊橋競輪,7R,22:40,2-5,2,5,11.6,0.07335973138632843,-0.1490271159185903
3820260310020001,静岡競輪,1R,16:00,2-6,2,6,40.7,0.020873138486965374,-0.1504632635805092
1320260309030007,いわき平競輪,7R,18:16,1-5,1,5,10.2,0.08322528726866685,-0.15110206985959818
8420260309030004,武雄競輪,4R,09:52,1-6,1,6,35.5,0.023860757929557344,-0.15294309350071433
8420260309030004,武雄競輪,4R,09:52,1-3,1,3,16.5,0.05132071441722988,-0.153208212115707
7320260310020006,小松島競輪,6R,13:16,1-4,1,4,18.4,0.04599116478125364,-0.15376256802493316
7420260310020009,高知競輪,9R,23:30,2-3,2,3,15.3,0.055249150317659174,-0.15468800013981465
3820260310020001,静岡競輪,1R,16:00,3-5,3,5,32.5,0.025905152223465736,-0.1580825527373636
7320260310020004,小松島競輪,4R,12:21,2-3,2,3,18.9,0.04449874002604463,-0.15897381350775663
3820260310020009,静岡競輪,9R,19:20,4-6,4,6,81.0,0.01036999958105011,-0.16003003393494108
1320260309030012,いわき平競輪,12R,20:30,2-3,2,3,21.6,0.038858819410011916,-0.1606495007437425
4520260310020003,豊橋競輪,3R,21:20,4-6,4,6,18.0,0.04662618098144394,-0.16072874233400902
3820260310020011,静岡競輪,11R,20:16,1-7,1,7,18.8,0.04421093299538531,-0.16883445968675614
1320260309030005,いわき平競輪,5R,17:28,2-7,2,7,20.1,0.04127767074599051,-0.17031881800559068
8420260309030003,武雄競輪,3R,09:31,1-5,1,5,19.7,0.041998603203435195,-0.1726275168923267
1320260309030007,いわき平競輪,7R,18:16,1-2,1,2,38.5,0.0213696139024091,-0.1772698647572496
7420260310020002,高知競輪,2R,21:10,1-4,1,4,5.0,0.16357681582608452,-0.1821159208695774
1320260309030004,いわき平競輪,4R,17:04,2-5,2,5,20.5,0.03977057240149649,-0.18470326576932194
1320260309030006,いわき平競輪,6R,17:52,2-3,2,3,26.0,0.03128400990575873,-0.1866157424502729
3820260310020001,静岡競輪,1R,16:00,2-4,2,4,12.6,0.06454414451599985,-0.1867437790984019
7420260310020009,高知競輪,9R,23:30,1-6,1,6,12.7,0.06399470333691758,-0.18726726762114676
4520260310020003,豊橋競輪,3R,21:20,1-6,1,6,6.0,0.13523765754029787,-0.18857405475821276
1320260309030001,いわき平競輪,1R,15:46,3-7,3,7,10.6,0.07606562287415003,-0.1937043975340097
4520260310020008,豊橋競輪,8R,23:00,5-6,5,6,21.0,0.03823589275084502,-0.19704625223225458
4520260310020005,豊橋競輪,5R,22:00,1-2,1,2,9.7,0.08270959423528412,-0.19771693591774409
7420260310020002,高知競輪,2R,21:10,1-6,1,6,5.0,0.16039348410264145,-0.19803257948679276
1320260309030003,いわき平競輪,3R,16:40,2-4,2,4,26.5,0.030243282086945766,-0.19855302469593716
1320260309030009,いわき平競輪,9R,19:07,3-5,3,5,10.8,0.0741049787598237,-0.19966622939390388
7420260310020007,高知競輪,7R,22:50,3-6,3,6,20.2,0.03948735549592566,-0.20235541898230158
1320260309030005,いわき平競輪,5R,17:28,3-6,3,6,14.4,0.05514532508985352,-0.20590731870610923
8420260309030004,武雄競輪,4R,09:52,3-4,3,4,16.3,0.048706033798721925,-0.20609164908083255
7420260310020005,高知競輪,5R,22:10,2-4,2,4,18.7,0.04239291125314331,-0.20725255956622013
4520260310020009,豊橋競輪,9R,23:20,1-6,1,6,40.1,0.019749796456773633,-0.2080331620833773
8420260309030005,武雄競輪,5R,10:13,2-3,2,3,19.0,0.041383881431387104,-0.21370625280364508
3820260310020011,静岡競輪,11R,20:16,1-2,1,2,9.8,0.08014260582152194,-0.21460246294908492
8420260309030005,武雄競輪,5R,10:13,1-5,1,5,12.9,0.06086695874952866,-0.21481623213108025
1320260309030006,いわき平競輪,6R,17:52,2-5,2,5,13.0,0.06025972216149369,-0.2166236119005821
1320260309030007,いわき平競輪,7R,18:16,3-7,3,7,17.3,0.045228840655644004,-0.21754105665735868
1320260309030001,いわき平競輪,1R,15:46,2-7,2,7,12.6,0.061592001063708005,-0.22394078659727912
4520260310020008,豊橋競輪,8R,23:00,3-5,3,5,21.0,0.036843581269371026,-0.2262847933432085
7420260310020007,高知競輪,7R,22:50,1-5,1,5,10.1,0.07535372560367676,-0.2389273714028648
7320260310020003,小松島競輪,3R,11:55,1-2,1,2,14.0,0.05434381920255752,-0.23918653116419475
4520260310020005,豊橋競輪,5R,22:00,1-6,1,6,9.7,0.0780149067792275,-0.2432554042414934
3820260310020011,静岡競輪,11R,20:16,5-7,5,7,41.5,0.018229781986302332,-0.2434640475684532
4520260310020001,豊橋競輪,1R,20:40,3-4,3,4,14.1,0.053526063977806126,-0.24528249791293366
7420260310020007,高知競輪,7R,22:50,1-6,1,6,10.1,0.07468423327903118,-0.24568924388178515
1320260309030008,いわき平競輪,8R,18:41,3-5,3,5,19.0,0.03964513115923807,-0.24674250797447672
3820260310020005,静岡競輪,5R,17:40,2-4,2,4,13.4,0.05608229317975762,-0.2484972713912479
8420260309030004,武雄競輪,4R,09:52,5-7,5,7,10.3,0.07288318823085423,-0.24930316122220142
3820260310020008,静岡競輪,8R,18:54,3-5,3,5,9.0,0.08308941760879918,-0.2521952415208074
7420260310020006,高知競輪,6R,22:30,1-2,1,2,12.3,0.06046733049554368,-0.2562518349048126
1320260309030007,いわき平競輪,7R,18:16,3-4,3,4,49.6,0.014967061773093246,-0.25763373605457496
8420260309030007,武雄競輪,7R,10:55,2-5,2,5,15.7,0.0470302443019757,-0.26162516445898154
1320260309030001,いわき平競輪,1R,15:46,1-7,1,7,13.6,0.05405184489685144,-0.26489490940282046
3820260310020008,静岡競輪,8R,18:54,2-6,2,6,16.6,0.044211515113243754,-0.2660888491201536
7420260310020001,高知競輪,1R,20:50,2-4,2,4,10.4,0.07055695068559674,-0.26620771286979383
1320260309030012,いわき平競輪,12R,20:30,2-7,2,7,10.7,0.06838714421119109,-0.26825755694025544
3820260310020005,静岡競輪,5R,17:40,2-3,2,3,10.7,0.06833761768890657,-0.2687874907286997
7320260310020007,小松島競輪,7R,13:44,1-3,1,3,11.7,0.06212625200269219,-0.27312285156850147
1320260309030011,いわき平競輪,11R,20:02,3-4,3,4,13.1,0.055427300985225136,-0.2739023570935507
3820260310020005,静岡競輪,5R,17:40,2-7,2,7,9.9,0.07310732889679795,-0.27623744392170024
1320260309030007,いわき平競輪,7R,18:16,2-5,2,5,8.4,0.08596929034154427,-0.2778579611310281
1320260309030009,いわき平競輪,9R,19:07,5-7,5,7,6.3,0.11460388654917099,-0.27799551474022277
4520260310020001,豊橋競輪,1R,20:40,1-5,1,5,14.1,0.05095420351818282,-0.2815457303936223
3820260310020007,静岡競輪,7R,18:28,5-6,5,6,17.5,0.04092780446124718,-0.2837634219281744
1320260309030012,いわき平競輪,12R,20:30,4-7,4,7,8.5,0.08417242287622428,-0.28453440555209353
7320260310020001,小松島競輪,1R,11:05,5-7,5,7,7.8,0.09135488972358285,-0.2874318601560537
1320260309030012,いわき平競輪,12R,20:30,1-5,1,5,23.0,0.030943560583872907,-0.28829810657092314
4520260310020004,豊橋競輪,4R,21:40,4-6,4,6,19.5,0.036375864532552,-0.2906706416152359
3820260310020008,静岡競輪,8R,18:54,1-6,1,6,33.2,0.02111981042434571,-0.2988222939117223
7420260310020002,高知競輪,2R,21:10,1-3,1,3,5.0,0.1400664588940126,-0.29966770552993705
4520260310020006,豊橋競輪,6R,22:20,1-6,1,6,15.0,0.046345750508819464,-0.3048137423677081
7320260310020003,小松島競輪,3R,11:55,2-3,2,3,7.9,0.08786477196455748,-0.3058683014799959
1320260309030007,いわき平競輪,7R,18:16,2-7,2,7,12.8,0.05402348472720112,-0.3084993954918256
1320260309030006,いわき平競輪,6R,17:52,4-7,4,7,10.7,0.06447495118236832,-0.31011802234865904
8420260309030007,武雄競輪,7R,10:55,4-5,4,5,10.8,0.06337847108909105,-0.3155125122378166
4520260310020008,豊橋競輪,8R,23:00,1-6,1,6,10.5,0.06509389856075654,-0.3165140651120564
1320260309030008,いわき平競輪,8R,18:41,1-5,1,5,14.7,0.04625338087267533,-0.3200753011716727
4520260310020002,豊橋競輪,2R,21:00,1-5,1,5,9.7,0.06987545922187759,-0.3222080455477875
7320260310020004,小松島競輪,4R,12:21,4-7,4,7,16.5,0.04097671512115294,-0.32388420050097655
3820260310020010,静岡競輪,10R,19:48,1-4,1,4,18.6,0.03632435810501036,-0.32436693924680715
7420260310020005,高知競輪,5R,22:10,1-3,1,3,9.3,0.07253013249473975,-0.32546976779892034
1320260309030012,いわき平競輪,12R,20:30,1-3,1,3,15.4,0.043690892979127254,-0.3271602481214403
3820260310020007,静岡競輪,7R,18:28,2-3,2,3,8.3,0.08092468921867374,-0.3283250794850079
8420260309030005,武雄競輪,5R,10:13,1-3,1,3,11.4,0.058821970363505297,-0.32942953785603957
8420260309030007,武雄競輪,7R,10:55,1-6,1,6,26.7,0.025088335774761564,-0.33014143481386626
3820260310020007,静岡競輪,7R,18:28,5-7,5,7,15.8,0.04226917641427711,-0.3321470126544216
1320260309030009,いわき平競輪,9R,19:07,1-4,1,4,27.2,0.02447413036202569,-0.3343036541529012
1320260309030003,いわき平競輪,3R,16:40,3-5,3,5,9.7,0.06862301337167835,-0.33435677029472
4520260310020003,豊橋競輪,3R,21:20,3-4,3,4,18.0,0.03665524195126294,-0.340205644877267
8420260309030006,武雄競輪,6R,10:34,4-5,4,5,13.3,0.04953396065699525,-0.3411983232619631
7420260310020009,高知競輪,9R,23:30,1-4,1,4,8.5,0.07748293964917925,-0.3413950129819764
7420260310020007,高知競輪,7R,22:50,2-7,2,7,20.2,0.032548597320920816,-0.3425183341173995
3820260310020001,静岡競輪,1R,16:00,5-6,5,6,65.0,0.010114094255276538,-0.342583873407025
7420260310020009,高知競輪,9R,23:30,2-4,2,4,10.9,0.060275415190467745,-0.34299797442390156
3820260310020008,静岡競輪,8R,18:54,1-3,1,3,33.2,0.019786461309868136,-0.34308948451237786
8420260309030006,武雄競輪,6R,10:34,3-6,3,6,13.5,0.04865769027242563,-0.343121181322254
4520260310020006,豊橋競輪,6R,22:20,1-2,1,2,5.0,0.13087159818112123,-0.3456420090943938
4520260310020004,豊橋競輪,4R,21:40,4-7,4,7,19.5,0.033382641957057264,-0.3490384818373834
4520260310020008,豊橋競輪,8R,23:00,1-2,1,2,7.0,0.09266422237482455,-0.3513504433762281
7420260310020006,高知競輪,6R,22:30,6-7,6,7,24.7,0.02622790548021254,-0.35217073463875026
7420260310020006,高知競輪,6R,22:30,1-3,1,3,8.2,0.0789442827411578,-0.35265688152250607
3820260310020008,静岡競輪,8R,18:54,5-6,5,6,7.1,0.09050629844166115,-0.3574052810642059
4520260310020008,豊橋競輪,8R,23:00,1-4,1,4,7.0,0.09161684419352022,-0.3586820906453585
3820260310020008,静岡競輪,8R,18:54,2-7,2,7,16.6,0.03843328791639539,-0.3620074205878365
8420260309030003,武雄競輪,3R,09:31,3-5,3,5,46.5,0.013660970271915505,-0.36476488235592897
1320260309030007,いわき平競輪,7R,18:16,3-6,3,6,28.9,0.021952477222614012,-0.3655734082664551
3820260310020001,静岡競輪,1R,16:00,5-7,5,7,12.2,0.051911954352654624,-0.3666741568976136
1320260309030006,いわき平競輪,6R,17:52,5-7,5,7,5.4,0.11696100600074258,-0.36841056759599
7420260310020007,高知競輪,7R,22:50,4-6,4,6,20.2,0.031131320172657052,-0.37114733251232757
8420260309030005,武雄競輪,5R,10:13,1-2,1,2,11.9,0.05261817372005252,-0.37384373273137494
3820260310020001,静岡競輪,1R,16:00,4-5,4,5,13.7,0.04535513068476167,-0.3786347096187651
7320260310020005,小松島競輪,5R,12:48,3-4,3,4,23.6,0.02617537348505655,-0.38226118575266543
4520260310020001,豊橋競輪,1R,20:40,2-3,2,3,8.9,0.06938298128852732,-0.38249146653210675
1320260309030005,いわき平競輪,5R,17:28,4-6,4,6,11.6,0.05295645078043688,-0.38570517094693224
3820260310020007,静岡競輪,7R,18:28,1-4,1,4,22.6,0.027140858543814348,-0.38661659690979566
7320260310020004,小松島競輪,4R,12:21,4-5,4,5,6.4,0.09573388070373515,-0.38730316349609506
8420260309030003,武雄競輪,3R,09:31,1-6,1,6,16.4,0.03713523626955042,-0.39098212517937314
7320260310020003,小松島競輪,3R,11:55,3-4,3,4,8.8,0.06893865800168131,-0.3933398095852044
1320260309030010,いわき平競輪,10R,19:34,1-3,1,3,9.3,0.06506053343561549,-0.39493703904877586
4520260310020004,豊橋競輪,4R,21:40,2-4,2,4,9.7,0.06196171758656681,-0.39897133941030205
7320260310020005,小松島競輪,5R,12:48,2-6,2,6,21.6,0.02774810133328786,-0.40064101120098217
4520260310020003,豊橋競輪,3R,21:20,1-4,1,4,9.0,0.0664792956271526,-0.4016863393556266
3820260310020004,静岡競輪,4R,17:16,3-4,3,4,6.6,0.09042210440463291,-0.40321411092942283
1320260309030009,いわき平競輪,9R,19:07,4-7,4,7,13.6,0.043828596464877745,-0.40393108807766265
1320260309030005,いわき平競輪,5R,17:28,6-7,6,7,23.0,0.025860116142664216,-0.40521732871872307
7420260310020008,高知競輪,8R,23:10,1-7,1,7,11.2,0.05296206832127353,-0.4068248348017365
7420260310020001,高知競輪,1R,20:50,3-4,3,4,17.3,0.03395700334792909,-0.41254384208082673
1320260309030005,いわき平競輪,5R,17:28,3-7,3,7,9.6,0.06043738343484231,-0.41980111902551387
3820260310020007,静岡競輪,7R,18:28,1-3,1,3,15.8,0.03657487871601356,-0.4221169162869858
4520260310020008,豊橋競輪,8R,23:00,1-5,1,5,7.0,0.08254843433958339,-0.4221609596229162
7420260310020008,高知競輪,8R,23:10,1-3,1,3,7.5,0.07647544919015295,-0.42643413107385286
4520260310020007,豊橋競輪,7R,22:40,1-7,1,7,11.6,0.04935926815915827,-0.4274324893537641
3820260310020003,静岡競輪,3R,16:52,2-5,2,5,10.0,0.057132034150962026,-0.4286796584903797
7420260310020007,高知競輪,7R,22:50,4-5,4,5,20.2,0.028182829449314988,-0.4307068451238373
1320260309030009,いわき平競輪,9R,19:07,2-4,2,4,20.4,0.027699668360493347,-0.4349267654459358
8420260309030002,武雄競輪,2R,09:10,1-2,1,2,12.3,0.04593654745134418,-0.43498046634846654
7420260310020002,高知競輪,2R,21:10,6-7,6,7,15.0,0.03747965086548545,-0.43780523701771823
7420260310020007,高知競輪,7R,22:50,1-2,1,2,5.0,0.11169453793011105,-0.4415273103494447
3820260310020010,静岡競輪,10R,19:48,2-3,2,3,6.8,0.0818886167789968,-0.4431574059028218
1320260309030007,いわき平競輪,7R,18:16,1-3,1,3,38.5,0.014417242992805189,-0.4449361447770003
7420260310020002,高知競輪,2R,21:10,4-7,4,7,15.0,0.0369255811609341,-0.44611628258598857
7420260310020008,高知競輪,8R,23:10,3-4,3,4,11.2,0.049395505180746535,-0.4467703419756388
1320260309030009,いわき平競輪,9R,19:07,3-6,3,6,21.2,0.026084105467803508,-0.44701696408256564
8420260309030001,武雄競輪,1R,08:50,3-5,3,5,6.6,0.0836096499208617,-0.44817631052231277
4520260310020002,豊橋競輪,2R,21:00,1-4,1,4,8.0,0.06859086269225484,-0.4512730984619613
3820260310020007,静岡競輪,7R,18:28,2-5,2,5,6.8,0.08063326882198182,-0.45169377201052363
3820260310020008,静岡競輪,8R,18:54,3-7,3,7,12.4,0.043988195615537753,-0.4545463743673318
7420260310020008,高知競輪,8R,23:10,3-6,3,6,22.5,0.024217734199752664,-0.455100980505565
4520260310020004,豊橋競輪,4R,21:40,1-6,1,6,9.7,0.05609593336629547,-0.45586944634693405
1320260309030011,いわき平競輪,11R,20:02,1-3,1,3,9.0,0.0603068191108009,-0.4572386280027919
8420260309030002,武雄競輪,2R,09:10,3-7,3,7,12.1,0.044698463470738484,-0.4591485920040643
4520260310020007,豊橋競輪,7R,22:40,2-4,2,4,7.7,0.07022261910725253,-0.4592858328741556
7320260310020003,小松島競輪,3R,11:55,3-5,3,5,6.6,0.08192487578623281,-0.45929581981086354
4520260310020006,豊橋競輪,6R,22:20,2-5,2,5,7.5,0.0717164508509982,-0.4621266186175135
1320260309030005,いわき平競輪,5R,17:28,1-6,1,6,20.6,0.026003918035519435,-0.4643192884682996
1320260309030006,いわき平競輪,6R,17:52,1-3,1,3,20.2,0.026452598621899068,-0.4656575078376388
1320260309030011,いわき平競輪,11R,20:02,3-5,3,5,6.9,0.0773673902291931,-0.4661650074185676
1320260309030001,いわき平競輪,1R,15:46,1-3,1,3,9.5,0.055992282452048195,-0.4680733167055422
7420260310020001,高知競輪,1R,20:50,1-3,1,3,5.7,0.09318459516971853,-0.46884780753260435
7320260310020002,小松島競輪,2R,11:29,5-7,5,7,28.2,0.018818398943926895,-0.4693211497812616
1320260309030008,いわき平競輪,8R,18:41,3-7,3,7,16.8,0.031334512866235203,-0.47358018384724854
3820260310020001,静岡競輪,1R,16:00,2-5,2,5,22.2,0.023493379516028562,-0.478446974744166
3820260310020011,静岡競輪,11R,20:16,2-6,2,6,10.3,0.050615508000113045,-0.4786602675988356
8420260309030006,武雄競輪,6R,10:34,2-5,2,5,6.5,0.08006239586819973,-0.4795944268567017
7420260310020008,高知競輪,8R,23:10,3-5,3,5,11.2,0.0462536672316053,-0.4819589270060206
1320260309030003,いわき平競輪,3R,16:40,2-5,2,5,15.8,0.03259271285063319,-0.48503513695999556
8420260309030003,武雄競輪,3R,09:31,2-4,2,4,5.1,0.10040061890045313,-0.4879568436076891
1320260309030005,いわき平競輪,5R,17:28,1-3,1,3,8.9,0.057243068713715636,-0.49053668844793086
7320260310020006,小松島競輪,6R,13:16,1-3,1,3,11.9,0.042797854077800845,-0.4907055364741699
4520260310020003,豊橋競輪,3R,21:20,2-4,2,4,9.0,0.056447631097604395,-0.4919713201215604
7420260310020006,高知競輪,6R,22:30,2-6,2,6,24.7,0.02055545649971252,-0.49228022445710073
4520260310020003,豊橋競輪,3R,21:20,3-6,3,6,6.0,0.0844415990691906,-0.4933504055848563
7420260310020009,高知競輪,9R,23:30,3-4,3,4,15.3,0.03299830717372983,-0.4951259002419336
1320260309030002,いわき平競輪,2R,16:16,2-5,2,5,16.8,0.029815294520367595,-0.49910305205782435
7420260310020006,高知競輪,6R,22:30,3-7,3,7,12.3,0.040630793262737566,-0.5002412428683278
8420260309030004,武雄競輪,4R,09:52,4-5,4,5,18.0,0.027760482814474102,-0.5003113093394662
8420260309030006,武雄競輪,6R,10:34,1-7,1,7,24.7,0.020127801536687237,-0.5028433020438252
7320260310020002,小松島競輪,2R,11:29,2-4,2,4,10.6,0.04670969400581085,-0.504877243538405
8420260309030004,武雄競輪,4R,09:52,3-7,3,7,5.5,0.08996553984742725,-0.5051895308391501
1320260309030009,いわき平競輪,9R,19:07,2-7,2,7,8.4,0.058863605747743186,-0.5055457117189572
7320260310020003,小松島競輪,3R,11:55,3-6,3,6,11.6,0.04236767796759849,-0.5085349355758575
8420260309030006,武雄競輪,6R,10:34,5-7,5,7,17.6,0.027726247469121272,-0.5120180445434656
1320260309030007,いわき平競輪,7R,18:16,2-6,2,6,16.5,0.029408831199336696,-0.5147542852109446
1320260309030010,いわき平競輪,10R,19:34,1-6,1,6,7.2,0.06729995433178175,-0.5154403288111714
8420260309030005,武雄競輪,5R,10:13,2-4,2,4,29.3,0.01652241227418317,-0.5158933203664331
4520260310020009,豊橋競輪,9R,23:20,4-6,4,6,80.2,0.006027894302140378,-0.5165628769683417
3820260310020007,静岡競輪,7R,18:28,3-5,3,5,12.1,0.039661093529675895,-0.5201007682909217
8420260309030002,武雄競輪,2R,09:10,1-3,1,3,10.4,0.04596132731766385,-0.5220021958962959
1320260309030008,いわき平競輪,8R,18:41,2-7,2,7,6.3,0.07541310420552844,-0.5248974435051709
1320260309030005,いわき平競輪,5R,17:28,1-4,1,4,8.6,0.05517888397390537,-0.5254615978244138
3820260310020002,静岡競輪,2R,16:24,2-5,2,5,6.2,0.07641305975721083,-0.5262390295052928
1320260309030007,いわき平競輪,7R,18:16,1-7,1,7,9.6,0.04890229698391979,-0.53053794895437
1320260309030011,いわき平競輪,11R,20:02,4-6,4,6,18.3,0.025421721617574056,-0.5347824943983948
7320260310020004,小松島競輪,4R,12:21,2-4,2,4,4.7,0.09853595569566254,-0.5368810082303861
1320260309030006,いわき平競輪,6R,17:52,1-4,1,4,21.4,0.021616812156771317,-0.5374002198450938
7420260310020006,高知競輪,6R,22:30,2-7,2,7,24.7,0.018716588678639248,-0.5377002596376106
1320260309030009,いわき平競輪,9R,19:07,1-5,1,5,6.4,0.07210814398280367,-0.5385078785100565
1320260309030012,いわき平競輪,12R,20:30,1-2,1,2,14.2,0.032351450128726075,-0.5406094081720898
7420260310020007,高知競輪,7R,22:50,3-7,3,7,20.2,0.022690416283873426,-0.5416535910657568
3820260310020001,静岡競輪,1R,16:00,4-7,4,7,4.5,0.10184330822539656,-0.5417051129857156
7420260310020002,高知競輪,2R,21:10,1-7,1,7,5.0,0.09144108888182043,-0.5427945555908978
8420260309030003,武雄競輪,3R,09:31,3-4,3,4,18.0,0.025296257022547015,-0.5446673735941537
4520260310020004,豊橋競輪,4R,21:40,1-4,1,4,4.8,0.09387636901073418,-0.549393428748476
3820260310020004,静岡競輪,4R,17:16,2-4,2,4,5.4,0.08310958886170212,-0.5512082201468085
4520260310020001,豊橋競輪,1R,20:40,1-3,1,3,6.0,0.07406680656566104,-0.5555991606060338
3820260310020011,静岡競輪,11R,20:16,2-3,2,3,4.7,0.09430965363951979,-0.5567446278942569
1320260309030005,いわき平競輪,5R,17:28,4-7,4,7,7.6,0.05788769806592951,-0.5600534946989357
8420260309030007,武雄競輪,7R,10:55,3-5,3,5,4.5,0.09776103684128662,-0.5600753342142102
4520260310020002,豊橋競輪,2R,21:00,1-3,1,3,6.4,0.06835947119368005,-0.5624993843604477
1320260309030011,いわき平競輪,11R,20:02,1-5,1,5,7.2,0.06073382057234897,-0.5627164918790875
1320260309030001,いわき平競輪,1R,15:46,3-5,3,5,5.5,0.07909625659475439,-0.5649705887288509
1320260309030009,いわき平競輪,9R,19:07,4-5,4,5,7.8,0.055462414007696505,-0.5673931707399673
1320260309030005,いわき平競輪,5R,17:28,1-7,1,7,15.5,0.02791007251075942,-0.567393876083229
8420260309030007,武雄競輪,7R,10:55,3-4,3,4,5.3,0.08142372364085171,-0.568454264703486
4520260310020001,豊橋競輪,1R,20:40,3-5,3,5,11.3,0.03808839982166708,-0.569601082015162
4520260310020004,豊橋競輪,4R,21:40,2-3,2,3,9.7,0.043983010594347505,-0.5733647972348292
1320260309030011,いわき平競輪,11R,20:02,2-5,2,5,6.9,0.06176851483755111,-0.5737972476208973
7420260310020006,高知競輪,6R,22:30,2-3,2,3,12.3,0.034630054616487896,-0.5740503282171989
1320260309030004,いわき平競輪,4R,17:04,2-4,2,4,9.8,0.04318413550313274,-0.5767954720692992
4520260310020008,豊橋競輪,8R,23:00,2-3,2,3,10.5,0.04027243491108426,-0.5771394334336153
4520260310020006,豊橋競輪,6R,22:20,2-7,2,7,7.5,0.05633391367190879,-0.577495647460684
7320260310020005,小松島競輪,5R,12:48,2-3,2,3,10.7,0.039482354251237424,-0.5775388095117595
3820260310020007,静岡競輪,7R,18:28,2-7,2,7,5.1,0.08264908534328161,-0.5784896647492639
3820260310020005,静岡競輪,5R,17:40,3-4,3,4,5.8,0.07247739025793573,-0.5796311365039728
3820260310020010,静岡競輪,10R,19:48,2-5,2,5,8.9,0.047216220680654605,-0.579775635942174
7420260310020009,高知競輪,9R,23:30,3-6,3,6,19.1,0.021937620022169625,-0.5809914575765601
7320260310020002,小松島競輪,2R,11:29,3-4,3,4,4.6,0.09103578002829636,-0.5812354118698368
7320260310020002,小松島競輪,2R,11:29,3-6,3,6,5.7,0.07276269465328225,-0.5852526404762912
8420260309030002,武雄競輪,2R,09:10,2-5,2,5,5.4,0.0761368455295152,-0.5888610341406179
7320260310020001,小松島競輪,1R,11:05,1-7,1,7,8.3,0.049499416807128174,-0.5891548405008361
3820260310020004,静岡競輪,4R,17:16,4-7,4,7,4.0,0.10266836517980993,-0.5893265392807603
3820260310020011,静岡競輪,11R,20:16,5-6,5,6,41.5,0.009882828771807049,-0.5898626059700075
7320260310020005,小松島競輪,5R,12:48,1-2,1,2,7.1,0.057657130816389374,-0.5906343712036355
4520260310020005,豊橋競輪,5R,22:00,1-4,1,4,4.8,0.08521975159116921,-0.5909451923623878
3820260310020001,静岡競輪,1R,16:00,3-7,3,7,5.8,0.07041564318358694,-0.5915892695351957
4520260310020007,豊橋競輪,7R,22:40,2-6,2,6,11.6,0.035141995043723374,-0.5923528574928089
3820260310020005,静岡競輪,5R,17:40,4-7,4,7,5.2,0.07768042316932255,-0.5960617995195228
4520260310020005,豊橋競輪,5R,22:00,1-5,1,5,4.8,0.08381025888558863,-0.5977107573491747
3820260310020010,静岡競輪,10R,19:48,2-6,2,6,22.7,0.017675239357253247,-0.5987720665903513
4520260310020005,豊橋競輪,5R,22:00,2-4,2,4,9.7,0.04116948169186323,-0.6006560275889268
7320260310020002,小松島競輪,2R,11:29,1-7,1,7,9.6,0.04155769970889457,-0.6010460827946121
4520260310020005,豊橋競輪,5R,22:00,2-5,2,5,9.7,0.040765887931901654,-0.604570887060554
3820260310020008,静岡競輪,8R,18:54,6-7,6,7,8.3,0.04762086298225441,-0.6047468372472884
1320260309030009,いわき平競輪,9R,19:07,2-5,2,5,5.5,0.07143140192657352,-0.6071272894038456
8420260309030007,武雄競輪,7R,10:55,3-7,3,7,6.1,0.06430740426229864,-0.6077248339999783
1320260309030007,いわき平競輪,7R,18:16,2-3,2,3,19.2,0.020386850615922207,-0.6085724681742937
3820260310020008,静岡競輪,8R,18:54,5-7,5,7,5.2,0.07452171329187217,-0.6124870908822647
7320260310020002,小松島競輪,2R,11:29,1-3,1,3,4.3,0.08970878285448247,-0.6142522337257255
3820260310020011,静岡競輪,11R,20:16,1-3,1,3,4.6,0.08381424147250476,-0.6144544892264782
7320260310020004,小松島競輪,4R,12:21,2-5,2,5,5.4,0.07119563858844387,-0.615543551622403
8420260309030002,武雄競輪,2R,09:10,3-5,3,5,5.3,0.0723928474402443,-0.6163179085667052
7420260310020007,高知競輪,7R,22:50,3-4,3,4,10.1,0.037927342377190636,-0.6169338419903746
7420260310020005,高知競輪,5R,22:10,4-5,4,5,18.7,0.020441962286990505,-0.6177353052332776
1320260309030004,いわき平競輪,4R,17:04,3-7,3,7,7.9,0.048231657040691704,-0.6189699093785355
7320260310020005,小松島競輪,5R,12:48,2-4,2,4,19.5,0.019479624422341663,-0.6201473237643376
7420260310020007,高知競輪,7R,22:50,3-5,3,5,10.1,0.03757878689677381,-0.6204542523425844
7320260310020006,小松島競輪,6R,13:16,2-4,2,4,5.9,0.06424078689022945,-0.6209793573476462
4520260310020004,豊橋競輪,4R,21:40,3-7,3,7,19.5,0.019395572975489894,-0.6217863269779471
1320260309030008,いわき平競輪,8R,18:41,3-4,3,4,10.9,0.03452717965462486,-0.6236537417645891
4520260310020006,豊橋競輪,6R,22:20,2-4,2,4,7.5,0.05006549184793503,-0.6245088111404873
4520260310020001,豊橋競輪,1R,20:40,2-4,2,4,5.8,0.06426893613512147,-0.6272401704162955
4520260310020007,豊橋競輪,7R,22:40,3-7,3,7,11.6,0.03210083899179987,-0.6276302676951215
1320260309030003,いわき平競輪,3R,16:40,3-4,3,4,6.3,0.05907320125839472,-0.6278388320721133
7420260310020001,高知競輪,1R,20:50,3-5,3,5,8.6,0.043081443350627,-0.6294995871846079
3820260310020011,静岡競輪,11R,20:16,3-4,3,4,5.7,0.06476161146126523,-0.6308588146707882
8420260309030006,武雄競輪,6R,10:34,2-4,2,4,5.3,0.06919126499552886,-0.6332862955236971
7420260310020007,高知競輪,7R,22:50,6-7,6,7,20.2,0.017676021939152364,-0.6429443568291222
4520260310020004,豊橋競輪,4R,21:40,1-3,1,3,4.8,0.07363994408058926,-0.6465282684131716
4520260310020006,豊橋競輪,6R,22:20,2-3,2,3,5.0,0.07018223078677417,-0.6490888460661292
1320260309030006,いわき平競輪,6R,17:52,1-7,1,7,5.7,0.06081911451179407,-0.6533310472827738
4520260310020007,豊橋競輪,7R,22:40,1-3,1,3,5.8,0.0594324763484324,-0.6552916371790921
1320260309030008,いわき平競輪,8R,18:41,2-5,2,5,3.5,0.09697545882002148,-0.6605858941299247
4520260310020001,豊橋競輪,1R,20:40,1-2,1,2,3.9,0.08602826559501056,-0.6644897641794588
1320260309030010,いわき平競輪,10R,19:34,1-4,1,4,4.9,0.06835302664092667,-0.6650701694594593
4520260310020005,豊橋競輪,5R,22:00,6-7,6,7,9.7,0.03395426329969967,-0.6706436459929133
4520260310020008,豊橋競輪,8R,23:00,6-7,6,7,21.0,0.015627675104270194,-0.6718188228103259
7320260310020007,小松島競輪,7R,13:44,2-3,2,3,3.7,0.08689970742595059,-0.6784710825239828
3820260310020006,静岡競輪,6R,18:04,5-6,5,6,4.5,0.07140519272445686,-0.678676632739944
7420260310020005,高知競輪,5R,22:10,2-7,2,7,7.5,0.04279711812030715,-0.6790216140976963
1320260309030006,いわき平競輪,6R,17:52,3-7,3,7,4.3,0.07433934169262396,-0.6803408307217169
1320260309030012,いわき平競輪,12R,20:30,2-5,2,5,10.6,0.02989790554550744,-0.6830822012176212
4520260310020004,豊橋競輪,4R,21:40,3-4,3,4,6.5,0.048708172611854963,-0.6833968780229427
7420260310020005,高知競輪,5R,22:10,1-7,1,7,6.2,0.05060937036602496,-0.6862219037306452
1320260309030007,いわき平競輪,7R,18:16,5-7,5,7,2.4,0.13014012469783065,-0.6876637007252064
3820260310020007,静岡競輪,7R,18:28,1-6,1,6,8.3,0.037610142725197415,-0.6878358153808615
4520260310020007,豊橋競輪,7R,22:40,6-7,6,7,23.2,0.013284102055005105,-0.6918088323238816
7320260310020001,小松島競輪,1R,11:05,1-5,1,5,3.9,0.07887842281712082,-0.6923741510132289
7420260310020003,高知競輪,3R,21:30,3-6,3,6,4.1,0.0736861090635717,-0.6978869528393561
7420260310020006,高知競輪,6R,22:30,2-4,2,4,8.2,0.03677903468530532,-0.6984119155804964
1320260309030005,いわき平競輪,5R,17:28,3-4,3,4,3.1,0.09685945408966068,-0.6997356923220519
4520260310020007,豊橋競輪,7R,22:40,2-3,2,3,4.6,0.06465655532197168,-0.7025798455189303
4520260310020001,豊橋競輪,1R,20:40,1-4,1,4,4.3,0.06873895147491006,-0.7044225086578868
7420260310020002,高知競輪,2R,21:10,1-5,1,5,7.5,0.03895876833937027,-0.7078092374547229
4520260310020008,豊橋競輪,8R,23:00,3-6,3,6,10.5,0.027243454538932087,-0.713943727341213
7320260310020005,小松島競輪,5R,12:48,3-5,3,5,7.0,0.04076546500003214,-0.7146417449997751
4520260310020005,豊橋競輪,5R,22:00,3-5,3,5,9.7,0.029314571447855275,-0.7156486569558038
8420260309030007,武雄競輪,7R,10:55,1-4,1,4,5.2,0.052599341526326726,-0.7264834240631011
4520260310020008,豊橋競輪,8R,23:00,1-3,1,3,4.2,0.064699526603674,-0.7282619882645691
3820260310020008,静岡競輪,8R,18:54,1-7,1,7,14.2,0.018966849339845108,-0.7306707393741995
7420260310020007,高知競輪,7R,22:50,2-6,2,6,5.0,0.053738568916577106,-0.7313071554171144
3820260310020008,静岡競輪,8R,18:54,2-5,2,5,3.5,0.07655305814483437,-0.7320642964930797
1320260309030001,いわき平競輪,1R,15:46,2-3,2,3,4.3,0.06192794311864855,-0.7337098445898113
7420260310020005,高知競輪,5R,22:10,6-7,6,7,7.5,0.03537413609521686,-0.7346939792858735
3820260310020003,静岡競輪,3R,16:52,2-7,2,7,3.2,0.08259931550305363,-0.7356821903902284
4520260310020003,豊橋競輪,3R,21:20,1-5,1,5,9.0,0.029276597238511358,-0.7365106248533978
1320260309030011,いわき平競輪,11R,20:02,1-7,1,7,6.1,0.04270225739826643,-0.7395162298705749
7420260310020009,高知競輪,9R,23:30,1-2,1,2,2.3,0.11227907170758858,-0.7417581350725463
4520260310020005,豊橋競輪,5R,22:00,3-6,3,6,9.7,0.026314075862325564,-0.7447534641354421
4520260310020005,豊橋競輪,5R,22:00,1-3,1,3,4.8,0.053103069694274335,-0.7451052654674832
7320260310020003,小松島競輪,3R,11:55,1-3,1,3,3.2,0.07925021622425743,-0.7463993080823762
3820260310020008,静岡競輪,8R,18:54,1-2,1,2,16.6,0.015144937540047447,-0.7485940368352124
4520260310020006,豊橋競輪,6R,22:20,3-6,3,6,15.0,0.016665158155017658,-0.7500226276747352
3820260310020006,静岡競輪,6R,18:04,3-5,3,5,2.4,0.10210430416676088,-0.754949669999774
8420260309030005,武雄競輪,5R,10:13,3-5,3,5,5.0,0.04871656666839531,-0.7564171666580235
7420260310020005,高知競輪,5R,22:10,3-7,3,7,7.5,0.03227335696775937,-0.7579498227418047
7420260310020008,高知競輪,8R,23:10,6-7,6,7,22.5,0.01075627364388266,-0.7579838430126402
3820260310020005,静岡競輪,5R,17:40,3-7,3,7,2.6,0.09239565665545332,-0.7597712926958213
4520260310020007,豊橋競輪,7R,22:40,1-6,1,6,7.7,0.030824901456070447,-0.7626482587882576
7420260310020008,高知競輪,8R,23:10,4-6,4,6,11.2,0.021089080653352132,-0.7638022966824561
7420260310020005,高知競輪,5R,22:10,5-7,5,7,7.5,0.03075094333787725,-0.7693679249659207
8420260309030001,武雄競輪,1R,08:50,1-5,1,5,1.4,0.16101634478613658,-0.7745771172994088
4520260310020004,豊橋競輪,4R,21:40,3-6,3,6,9.7,0.022879494552214625,-0.7780689028435182
7420260310020006,高知競輪,6R,22:30,3-4,3,4,4.1,0.05405281580771995,-0.7783834551883482
7320260310020004,小松島競輪,4R,12:21,1-4,1,4,2.9,0.0763578224913997,-0.7785623147749409
7420260310020008,高知競輪,8R,23:10,5-6,5,6,11.2,0.01975905002094884,-0.778698639765373
7320260310020005,小松島競輪,5R,12:48,1-3,1,3,3.0,0.07220017857445946,-0.7833994642766217
7420260310020008,高知競輪,8R,23:10,1-6,1,6,5.6,0.038383415741913195,-0.7850528718452862
1320260309030008,いわき平競輪,8R,18:41,2-3,2,3,3.5,0.061101672756134026,-0.7861441453535309
3820260310020002,静岡競輪,2R,16:24,1-4,1,4,7.2,0.02958564522133001,-0.786983354406424
7320260310020007,小松島競輪,7R,13:44,3-6,3,6,3.0,0.07093749192069629,-0.7871875242379112
1320260309030001,いわき平競輪,1R,15:46,2-5,2,5,3.2,0.06583930581556642,-0.7893142213901875
3820260310020004,静岡競輪,4R,17:16,1-4,1,4,2.5,0.08364731074419121,-0.790881723139522
8420260309030002,武雄競輪,2R,09:10,1-5,1,5,2.9,0.071692592950506,-0.7920914804435326
3820260310020002,静岡競輪,2R,16:24,4-5,4,5,7.0,0.029521060346944177,-0.7933525775713908
1320260309030004,いわき平競輪,4R,17:04,1-5,1,5,2.4,0.08331801274154184,-0.8000367694202996
3820260310020006,静岡競輪,6R,18:04,1-5,1,5,2.6,0.07628820573899701,-0.8016506650786077
7420260310020008,高知競輪,8R,23:10,2-6,2,6,5.6,0.03529424955628685,-0.8023522024847937
7320260310020007,小松島競輪,7R,13:44,3-4,3,4,1.9,0.10273912262655352,-0.8047956670095483
3820260310020010,静岡競輪,10R,19:48,3-7,3,7,2.1,0.09270179717895316,-0.8053262259241983
7420260310020001,高知競輪,1R,20:50,2-3,2,3,1.9,0.10245773775496977,-0.8053302982655575
1320260309030012,いわき平競輪,12R,20:30,1-7,1,7,2.2,0.08664899003763568,-0.8093722219172015
7320260310020006,小松島競輪,6R,13:16,2-3,2,3,3.1,0.0609452846246827,-0.8110696176634836
8420260309030003,武雄競輪,3R,09:31,4-6,4,6,5.4,0.034742018852129984,-0.8123930981984981
1320260309030003,いわき平競輪,3R,16:40,3-7,3,7,2.0,0.0930683894887449,-0.8138632210225102
7420260310020005,高知競輪,5R,22:10,4-7,4,7,7.5,0.02438755344320522,-0.8170933491759609
8420260309030005,武雄競輪,5R,10:13,2-7,2,7,2.6,0.06749123143193893,-0.8245227982769587
3820260310020001,静岡競輪,1R,16:00,2-7,2,7,2.4,0.07098264354566532,-0.8296416554904033
3820260310020003,静岡競輪,3R,16:52,2-4,2,4,1.6,0.10548369326317038,-0.8312260907789274
1320260309030010,いわき平競輪,10R,19:34,1-7,1,7,2.0,0.08300136046640685,-0.8339972790671863
8420260309030003,武雄競輪,3R,09:31,1-4,1,4,2.3,0.07185682344537178,-0.8347293060756449
7320260310020003,小松島競輪,3R,11:55,1-5,1,5,3.2,0.05140579841550805,-0.8355014450703743
8420260309030006,武雄競輪,6R,10:34,1-5,1,5,3.2,0.04951301357292863,-0.8415583565666284
4520260310020003,豊橋競輪,3R,21:20,3-5,3,5,9.0,0.016791269793694167,-0.8488785718567525
7320260310020001,小松島競輪,1R,11:05,3-5,3,5,1.5,0.09928245097664339,-0.8510763235350349
7420260310020002,高知競輪,2R,21:10,4-5,4,5,7.5,0.018072734286948947,-0.8644544928478829
4520260310020006,豊橋競輪,6R,22:20,2-6,2,6,3.7,0.03581283251910015,-0.8674925196793295
4520260310020009,豊橋競輪,9R,23:20,1-3,1,3,1.0,0.12345656096778233,-0.8765434390322177
7320260310020006,小松島競輪,6R,13:16,1-2,1,2,1.6,0.07715224428983002,-0.876556409136272
7320260310020005,小松島競輪,5R,12:48,1-4,1,4,2.9,0.04193218625608613,-0.8783966598573503
4520260310020003,豊橋競輪,3R,21:20,4-5,4,5,18.0,0.00651960203105912,-0.8826471634409359
7420260310020003,高知競輪,3R,21:30,1-3,1,3,1.2,0.0976453052072569,-0.8828256337512917
1320260309030002,いわき平競輪,2R,16:16,2-4,2,4,1.1,0.10279604988672326,-0.8869243451246044
8420260309030004,武雄競輪,4R,09:52,3-5,3,5,1.9,0.0581938049814238,-0.8894317705352948
4520260310020002,豊橋競輪,2R,21:00,1-2,1,2,1.2,0.08919311122337463,-0.8929682665319505
7420260310020004,高知競輪,4R,21:50,1-2,1,2,1.0,0.10334987791417506,-0.896650122085825
3820260310020009,静岡競輪,9R,19:20,1-7,1,7,1.5,0.06751904881744976,-0.8987214267738254
3820260310020002,静岡競輪,2R,16:24,1-5,1,5,2.1,0.04697210918646266,-0.9013585707084284
