race_id,競輪場,レース番号,開始時間,買い目,true_pair,hit,odds,p,EV,rank_gap,distortion_ratio,distortion_score,stake,payout,bankroll_after_bet
2220260307010001,前橋競輪,1R,16:03,1-3,1-2,0,152.6,0.0551706785372031,7.419045544777205,11.0,11.357301249947964,0.600414068348691,100,0,99900
2220260307010003,前橋競輪,3R,16:50,1-6,1-4,0,121.0,0.0690969770002517,7.360734217030458,10.0,11.362300084483069,0.3395506358848921,100,0,99800
2620260304010001,西武園競輪,1R,11:05,1-6,3-7,0,132.9,0.0509470761029548,5.770866414082703,9.0,9.08793123760534,1.0297217731313475,100,0,99700
2620260304010002,西武園競輪,2R,11:32,6-7,1-7,0,127.0,0.0684400170577214,7.691882166330627,10.0,11.766969704801818,1.3712480846372703,100,0,99600
2620260304010004,西武園競輪,4R,12:26,5-7,2-5,0,131.9,0.0552919431979921,6.293007307815161,8.0,10.095590684676177,0.9984604995899244,100,0,99500
2620260304010007,西武園競輪,7R,13:48,5-6,1-4,0,135.7,0.0629282035056713,7.5393572157196065,11.0,11.610321486562237,1.0272110490205015,100,0,99400
2620260304020007,西武園競輪,7R,13:41,4-5,6-7,0,124.3,0.0564673482383663,6.018891386028934,10.0,9.46549101362764,1.2021911414244777,100,0,99300
2620260304030002,西武園競輪,2R,11:28,4-5,1-2,0,166.8,0.0384963710316781,5.421194688083913,8.0,8.686936617702196,0.4595858129335159,100,0,99200
2620260304030008,西武園競輪,8R,14:02,4-6,1-3,0,139.7,0.0436269273702352,5.0946817536218605,9.0,8.254423846915248,0.5438960495888526,100,0,99100
2720260301030007,京王閣競輪,7R,18:30,1-2,6-7,0,140.6,0.0489981082351708,5.889134017865028,8.0,9.294940931314082,1.11239469060511,100,0,99000
2820260307010005,立川競輪,5R,10:13,1-6,1-7,0,143.0,0.0693939128899082,8.923329543256873,11.0,13.890146342999572,0.6967835908354799,100,0,98900
2820260307010006,立川競輪,6R,10:34,1-7,3-7,0,168.0,0.0474753420247055,6.97585746015053,8.0,10.83666677208724,0.471590018104941,100,0,98800
3620260303020001,小田原競輪,1R,09:00,1-6,1-7,0,129.0,0.0639869793760702,7.254320339513059,9.0,11.292757875308542,0.2376763282456746,100,0,98700
3620260308010004,小田原競輪,4R,12:17,6-7,1-4,0,135.4,0.0668147748873133,8.046720519742232,14.0,12.16048105998374,1.2267313159004574,100,0,98600
3620260308010006,小田原競輪,6R,13:09,3-6,2-4,0,181.9,0.0468060267410443,7.51401626419597,8.0,11.529583401588331,0.8769402609641955,100,0,98500
3620260308010009,小田原競輪,9R,14:30,3-6,1-5,0,131.3,0.0469140284089405,5.159811930093892,8.0,8.298087726903299,0.9509146272483596,100,0,98400
3620260308010011,小田原競輪,11R,15:28,4-5,3-7,0,173.7,0.0527793396274647,8.16777129329063,11.0,12.385894251839682,1.2425977804160155,100,0,98300
3720260304010002,伊東競輪,2R,16:18,5-6,3-4,0,147.1,0.0656960614696834,8.66389064219044,13.0,13.036142126990567,1.2484687431338366,100,0,98200
3720260304020002,伊東競輪,2R,16:14,1-6,3-7,0,184.3,0.0595040071461248,9.966588517030813,12.0,14.85865391122437,1.0351670031741145,100,0,98100
3720260304030003,伊東競輪,3R,16:46,5-6,4-5,0,190.1,0.0550374455104875,9.462618391543687,8.0,14.070524017463008,0.7232869752463817,100,0,98000
4320260307010005,岐阜競輪,5R,22:10,1-7,1-4,0,152.9,0.0722349000962384,10.04471622471486,10.0,14.857361494005342,1.2632981640899987,100,0,97900
4320260307010006,岐阜競輪,6R,22:30,2-7,1-3,0,133.4,0.0510709791923846,5.812868624264111,8.0,9.200716316416594,0.759899745194161,100,0,97800
4420260228010006,大垣競輪,6R,13:28,1-6,1-7,0,176.6,0.0375141006012261,5.62499016617654,17.0,8.872461716265475,0.7389914786280812,100,0,97700
4420260228010011,大垣競輪,11R,15:48,6-7,1-7,0,151.0,0.0425552170619739,5.425837776358066,16.0,8.861766231429373,0.7972225940238983,100,0,97600
4520260304020003,豊橋競輪,3R,09:30,5-7,1-3,0,144.0,0.0446615655591,5.431265440510414,11.0,8.642711458210128,1.482775707766236,100,0,97500
5520260228010003,和歌山競輪,3R,11:57,1-6,3-4,0,129.5,0.0573158754233961,6.422405867329806,12.0,9.98009406196029,0.9845371451316404,100,0,97400
6220260228010002,広島競輪,2R,09:20,5-6,5-6,1,145.5,0.0449927139919665,5.546439885831125,9.0,8.885352776536843,0.7045466714725908,100,14550,111850
7520260305010006,松山競輪,6R,13:28,1-4,1-7,0,176.1,0.0418406385590795,6.368136450253909,15.0,9.95485055360994,0.6365970204716207,100,0,111750
7520260305010010,松山競輪,10R,15:18,4-7,5-7,0,184.0,0.0468818679087371,7.6262636952076335,19.0,11.541076773149062,0.901104085418815,100,0,111650
7520260305020008,松山競輪,8R,14:16,1-4,5-8,0,163.6,0.0382780733719963,5.2622928036586005,14.0,8.397451824312329,0.6886005654903419,100,0,111550
7520260305020010,松山競輪,10R,15:12,3-5,7-8,0,197.4,0.0350560359816529,5.920061502778282,9.0,9.428507937995896,0.2804613818189463,100,0,111450
7520260305020011,松山競輪,11R,15:44,1-5,1-9,0,159.6,0.055741609199029,7.89636082816504,15.0,12.204547474122103,0.9262867964175238,100,0,111350
7520260305030012,松山競輪,12R,16:20,7-9,1-9,0,163.6,0.0424834526564389,5.950292854593412,17.0,9.495951670163306,1.2064508819330744,100,0,111250
7520260305040008,松山競輪,8R,14:16,1-6,1-9,0,179.5,0.0460035730433472,7.257641361280838,22.0,11.121746341455555,1.139281411584203,100,0,111150
7520260305040010,松山競輪,10R,15:12,2-4,2-9,0,171.9,0.0406967490871564,5.995771168082197,21.0,9.448726132347154,0.5886230564111798,100,0,111050
8120260306010003,小倉競輪,3R,16:35,2-3,2-7,0,130.6,0.0672788946958372,7.786623647276345,9.0,11.752558171008747,0.446291397986736,100,0,110950
8120260306020011,小倉競輪,11R,20:02,1-7,1-5,0,120.8,0.0712250428462102,7.603985175822199,11.0,11.9161366217076,0.6209428683249997,100,0,110850
8320260307010003,久留米競輪,3R,21:20,1-6,1-2,0,135.9,0.068406452064066,8.296436835506569,8.0,12.920172898151394,0.1708900025579764,100,0,110750
8320260307010005,久留米競輪,5R,22:00,1-6,3-4,0,148.7,0.0493132569532409,6.33288130894693,10.0,10.0133398085311,0.9962876858613562,100,0,110650
8320260307010006,久留米競輪,6R,22:20,1-7,1-2,0,124.4,0.0580650736946865,6.223295167619012,10.0,9.770514162694347,0.3562415707426623,100,0,110550
