race_id,競輪場,レース番号,開始時間,買い目,nirenpuku_result,odds,p,EV,hit,payout,distortion_ratio,distortion_log,distortion_z,rank_gap,distortion_score,EV_bin,p_bin,odds_bin,ratio_bin,rank_gap_bin,distortion_score_q
2220260307010001,前橋競輪,1R,16:03,3-7,1-2,258.3,0.0389055737129624,9.049309690058212,0,0,13.556529285976014,2.6068682974149056,1.497123963732845,8.0,0.7645589135219192,5-10,2-4%,200-300,10+,6-8,Q3
2220260307010002,前橋競輪,2R,16:26,5-6,1-7,101.3,0.0652197644989624,5.606762143744894,0,0,8.968434899594103,2.193711179211742,1.3008532387370104,9.0,0.7721881309569013,5-10,6-8%,80-120,5-10,9-12,Q3
2220260307010003,前橋競輪,3R,16:50,5-6,1-4,285.2,0.0396227780038072,10.300416286685824,0,0,15.357349912966894,2.7315941811515723,1.2388821456977013,6.0,0.6307703168371509,10+,2-4%,200-300,10+,6-8,Q2
2220260307010004,前橋競輪,4R,17:14,4-6,1-7,490.9,0.0176880000335737,7.683039216481371,0,0,11.794592410569896,2.467641156199546,1.684806187926385,4.0,1.0130295359611865,5-10,0-2%,300-500,10+,4-5,Q4
2220260307010005,前橋競輪,5R,17:38,6-7,4-5,500.5,0.029372716761659,13.701044739210351,0,0,19.99938222546548,2.9957013843842435,1.0700271459985566,3.0,0.3807574032770405,10+,2-4%,500+,10+,1-3,Q1
2220260307010006,前橋競輪,6R,18:04,1-7,1-5,381.2,0.0410481031731842,14.64753692961784,0,0,21.37866374982564,3.0623934036598985,1.1472881733821243,8.0,0.6597169639003161,10+,4-6%,300-500,10+,6-8,Q2
2220260307010007,前橋競輪,7R,18:30,6-7,1-7,82.1,0.0476362411776599,2.9109354006858803,0,0,5.286703369580704,1.665194870079124,1.368489476670576,5.0,0.6546435393648751,2-3,4-6%,80-120,5-10,4-5,Q2
2220260307010008,前橋競輪,8R,18:56,5-6,2-5,82.5,0.0648422632849974,4.34948672101229,0,0,7.276837009092981,1.9846962910386936,1.398980058074543,6.0,0.8919317754731949,3-5,6-8%,80-120,5-10,6-8,Q4
2220260307010009,前橋競輪,9R,19:22,1-6,2-4,174.3,0.0467204452925167,7.143373614485675,0,0,11.00668567757205,2.398502877061112,1.1346449683888007,7.0,0.558317591440964,5-10,4-6%,120-200,10+,6-8,Q1
2220260307010010,前橋競輪,10R,19:48,6-7,1-5,325.2,0.0289703934522391,8.421171950668175,0,0,12.922615652255704,2.5589789277637576,1.5670864294061546,3.0,0.8931171684747018,5-10,2-4%,300-500,10+,1-3,Q4
2220260307010011,前橋競輪,11R,20:16,3-4,2-3,56.8,0.0808389719042218,3.5916536041598004,0,0,6.147730597812374,1.816083005244619,1.5807166088649078,9.0,1.0980142708520917,3-5,8-10%,50-80,5-10,9-12,Q5
2220260307020001,前橋競輪,1R,16:06,3-7,3-5,109.1,0.1023521276541612,10.166617127068989,0,0,14.952857055403816,2.7049023889726462,1.9721896942132808,10.0,1.4987977640720591,10+,10%+,80-120,10+,9-12,Q5
2220260307020002,前橋競輪,2R,16:26,2-3,1-6,461.1,0.036517241144266,15.838099891621066,0,0,22.75382783539646,3.12473338777175,1.428404624960863,7.0,0.8161405863256339,10+,2-4%,300-500,10+,6-8,Q3
2220260307020003,前橋競輪,3R,16:46,1-7,2-5,301.1,0.0356944239075397,9.747591038560222,0,0,14.604136235911348,2.6813047924488984,1.3369351340027684,4.0,0.7002222566291111,5-10,2-4%,300-500,10+,4-5,Q2
2620260304010001,西武園競輪,1R,11:05,1-6,3-7,132.9,0.0509470761029548,5.770866414082703,0,0,9.08793123760534,2.206947295685176,1.6527655357152675,9.0,1.0297217731313475,5-10,4-6%,120-200,5-10,9-12,Q4
2620260304010002,西武園競輪,2R,11:32,6-7,1-7,127.0,0.0684400170577214,7.691882166330627,0,0,11.766969704801818,2.4652964289032884,1.973188546825689,10.0,1.3712480846372703,5-10,6-8%,120-200,10+,9-12,Q5
2620260304010003,西武園競輪,3R,11:59,6-7,1-4,197.3,0.0343355412849901,5.774402295528555,0,0,9.10405928111634,2.20872038893807,1.403509339986614,5.0,0.685820108928886,5-10,2-4%,120-200,5-10,4-5,Q2
2620260304010004,西武園競輪,4R,12:26,5-7,2-5,131.9,0.0552919431979921,6.293007307815161,0,0,10.095590684676177,2.3120987626690286,1.5868277045005943,8.0,0.9984604995899244,5-10,4-6%,120-200,10+,6-8,Q4
2620260304010005,西武園競輪,5R,12:53,1-2,3-7,75.3,0.0526363210290086,2.963514973484349,0,0,5.3429524893668905,1.675778400828369,1.816291946062276,10.0,1.18348234530356,2-3,4-6%,50-80,5-10,9-12,Q5
2620260304010006,西武園競輪,6R,13:20,3-7,2-5,88.1,0.0747438106455696,5.584929717874684,0,0,8.804554379090508,2.175269130696778,1.3818598917618257,12.0,0.7356769599468106,5-10,6-8%,80-120,5-10,9-12,Q3
2620260304010007,西武園競輪,7R,13:48,5-6,1-4,135.7,0.0629282035056713,7.5393572157196065,0,0,11.610321486562237,2.45189448583002,1.4842973646390782,11.0,1.0272110490205015,5-10,6-8%,120-200,10+,9-12,Q4
2620260304010008,西武園競輪,8R,14:16,6-7,3-5,203.7,0.0417569821704536,7.50589726812141,0,0,11.375449971510578,2.4314575220135635,1.5952562750586354,9.0,0.8900967470647831,5-10,4-6%,200-300,10+,9-12,Q4
2620260304010009,西武園競輪,9R,14:44,2-4,2-5,168.7,0.0386711104919395,5.523816339990209,0,0,9.05361762486107,2.203164415417632,1.265907513162709,4.0,0.643193174070074,5-10,2-4%,120-200,5-10,4-5,Q2
2620260304010010,西武園競輪,10R,15:12,1-3,2-7,121.2,0.0383968863403743,3.6537026244533735,0,0,6.42103597369522,1.8595794713289144,1.346700861891561,6.0,0.6788711149985858,3-5,2-4%,120-200,5-10,6-8,Q2
2620260304010011,西武園競輪,11R,15:41,1-6,4-5,74.7,0.072998683808546,4.453001680498393,0,0,7.363898456128306,1.996589474061906,1.2184045777367156,10.0,0.6000496924757226,3-5,6-8%,50-80,5-10,9-12,Q2
2620260304010012,西武園競輪,12R,16:10,4-6,2-3,146.6,0.0367721981318003,4.390804246121935,0,0,7.230506489792081,1.978309087657358,1.6149153261138276,8.0,0.8892018040818515,3-5,2-4%,120-200,5-10,6-8,Q4
2620260304020001,西武園競輪,1R,11:05,1-5,4-5,22.0,0.1033907884551452,1.2745973460131963,0,0,3.058643891909501,1.117971645165377,1.1015662622170088,4.0,0.5400666722716234,1-2,10%+,20-50,3-5,4-5,Q1
2620260304020002,西武園競輪,2R,11:31,6-7,1-4,138.6,0.0304075116481173,3.214481114429069,0,0,5.655317963691511,1.7325963350214433,1.4404315745640213,5.0,0.7006316584378242,3-5,2-4%,120-200,5-10,4-5,Q2
2620260304020003,西武園競輪,3R,11:57,1-6,2-5,157.6,0.0382139651259622,5.022520903851657,0,0,8.111023112015813,2.093224014575957,1.4841306489587007,5.0,0.7613488734114242,5-10,2-4%,120-200,5-10,4-5,Q3
2620260304020004,西武園競輪,4R,12:23,1-3,1-4,123.1,0.0437712064719377,4.388235516695535,0,0,7.418398926722423,2.0039632558489435,1.3327699922918672,8.0,0.6637918874979576,3-5,4-6%,120-200,5-10,6-8,Q2
2620260304020005,西武園競輪,5R,12:49,5-6,1-2,284.0,0.0321093851712463,8.11906538863396,0,0,12.357129793273536,2.514233207721368,1.4771519964428386,3.0,0.7777563044494604,5-10,2-4%,200-300,10+,1-3,Q3
2620260304020006,西武園競輪,6R,13:15,3-4,3-6,44.6,0.092950818272775,3.1456064949657687,0,0,5.567453197698325,1.7169377137841415,1.9353187773164704,8.0,1.319439505689448,3-5,8-10%,20-50,5-10,6-8,Q5
2620260304020007,西武園競輪,7R,13:41,4-5,6-7,124.3,0.0564673482383663,6.018891386028934,0,0,9.46549101362764,2.247652660103399,1.7172667323474011,10.0,1.2021911414244777,5-10,4-6%,120-200,5-10,9-12,Q5
2620260304020008,西武園競輪,8R,14:08,6-7,4-7,94.9,0.080759307127598,6.664058246409054,0,0,10.420080950843309,2.3437348051023696,1.672540704069013,13.0,1.0124024490964008,5-10,8-10%,80-120,10+,13+,Q4
2620260304020009,西武園競輪,9R,14:36,1-6,2-3,251.7,0.0277159011858513,5.976092328478779,0,0,9.517735284873686,2.253156930294621,1.5694187634216612,4.0,0.7997207923685131,5-10,2-4%,200-300,5-10,4-5,Q3
2620260304020010,西武園競輪,10R,15:04,2-6,2-4,119.1,0.0683532556243033,7.140872744854525,0,0,11.109817403696386,2.407829168220251,1.5546236166990015,10.0,1.0906491901767583,5-10,6-8%,80-120,10+,9-12,Q5
2620260304020011,西武園競輪,11R,15:33,1-6,3-7,242.7,0.0285940431653101,5.939774276220774,0,0,9.396094251483316,2.2402940978033925,1.6177772374781734,5.0,0.9516592948121798,5-10,2-4%,200-300,5-10,4-5,Q4
2620260304020012,西武園競輪,12R,16:04,2-6,1-4,272.2,0.0290579367568058,6.909570385202547,0,0,10.670430075743402,2.3674763715407754,1.26056530155702,6.0,0.5585188482196838,5-10,2-4%,200-300,10+,6-8,Q1
2620260304030001,西武園競輪,1R,11:05,1-6,3-4,72.7,0.0623643306056498,3.533886835030746,0,0,6.057501858072226,1.8012974804636526,1.4021758363870944,9.0,0.7994662366783296,3-5,6-8%,50-80,5-10,9-12,Q3
2620260304030002,西武園競輪,2R,11:28,5-6,1-2,341.6,0.0225250807088546,6.6945675701447325,0,0,10.409623755951422,2.3427307394582124,1.3368880661891651,3.0,0.618463665054674,5-10,2-4%,300-500,10+,1-3,Q2
2620260304030003,西武園競輪,3R,11:52,5-6,2-7,253.1,0.0349292734781645,7.840599117323455,0,0,11.900365103041649,2.4765690806033325,1.8877284807110597,7.0,1.2133175916150278,5-10,2-4%,200-300,10+,6-8,Q5
2620260304030004,西武園競輪,4R,12:17,5-7,2-5,83.7,0.0595816498419882,3.98698409177442,0,0,6.785323960362788,1.9147620387168864,1.8040406715434376,6.0,1.1916110814571823,3-5,4-6%,80-120,5-10,6-8,Q5
2620260304030005,西武園競輪,5R,12:43,3-7,3-4,122.1,0.0577201610765094,6.047631667441803,0,0,9.604543716061237,2.2622362902746014,1.5111590557750725,7.0,0.8988351971902083,5-10,4-6%,120-200,5-10,6-8,Q4
2620260304030006,西武園競輪,6R,13:09,2-6,3-5,160.8,0.0349108962774248,4.6136721214099135,0,0,7.562913354141609,2.023256480290778,1.5056524534269695,4.0,0.8508556446686496,3-5,2-4%,120-200,5-10,4-5,Q3
2620260304030007,西武園競輪,7R,13:35,2-3,2-4,115.3,0.0506166877389955,4.836104096306186,0,0,7.922163685403309,2.0696643611372147,1.6975789997074655,12.0,1.172436806723124,3-5,4-6%,80-120,5-10,9-12,Q5
2620260304030008,西武園競輪,8R,14:02,4-7,1-3,112.3,0.0637174337514594,6.155467810288898,0,0,9.691115388621412,2.271209526478918,1.4600560761224954,10.0,0.8506041764298747,5-10,6-8%,80-120,5-10,9-12,Q3
2620260304030009,西武園競輪,9R,14:30,3-4,2-5,106.8,0.0510145239299876,4.448351155722681,0,0,7.376798146331763,1.9983396889788496,1.7682243385083114,7.0,1.2555080763499218,3-5,4-6%,80-120,5-10,6-8,Q5
2620260304030010,西武園競輪,10R,14:58,3-6,2-7,159.8,0.0341015169838113,4.449422414013054,0,0,7.347297712939453,1.9943325875477829,1.2768072913478985,3.0,0.516970094264471,3-5,2-4%,120-200,5-10,1-3,Q1
2620260304030011,西武園競輪,11R,15:28,1-7,3-5,107.1,0.0310697174009949,2.327566733646562,0,0,4.484470961020648,1.5006205311764256,1.3098142371439758,3.0,0.5680204629686181,2-3,2-4%,80-120,3-5,1-3,Q1
2620260304030012,西武園競輪,12R,16:02,2-6,1-3,240.7,0.0316627767354468,6.621230360222065,0,0,10.256854714619331,2.327946234746383,1.5957740606126904,7.0,0.9731547339264072,5-10,2-4%,200-300,10+,6-8,Q4
2720260301030001,京王閣競輪,1R,16:03,3-5,4-5,40.2,0.0574045456296724,1.3076627343128346,0,0,3.1088242286301253,1.1342445931915623,1.2359569019021983,3.0,0.5290384310140396,1-2,4-6%,20-50,3-5,1-3,Q1
2720260301030002,京王閣競輪,2R,16:26,4-6,6-7,193.7,0.030528581521699,4.9133862407531135,0,0,7.9555938805641695,2.073875314040884,1.759150018607514,3.0,1.0555822526088363,3-5,2-4%,120-200,5-10,1-3,Q4
2720260301030003,京王閣競輪,3R,16:50,2-6,3-4,104.0,0.0523918258348861,4.448749886828157,0,0,7.383644337473775,1.9992673294119407,1.2942155268261857,11.0,0.6886829924452825,3-5,4-6%,80-120,5-10,9-12,Q2
2720260301030004,京王閣競輪,4R,17:14,2-6,1-5,189.9,0.0301465241176895,4.724824929949252,0,0,7.797062910264745,2.0537471128499183,1.3272578314316812,4.0,0.6031003355500859,3-5,2-4%,120-200,5-10,4-5,Q2
2720260301030005,京王閣競輪,5R,17:38,6-7,3-5,208.9,0.0221939576386343,3.6363177507107247,0,0,6.327225871890941,1.8448618892550488,1.462803819262562,1.0,0.635911629472639,3-5,2-4%,200-300,5-10,1-3,Q2
2720260301030006,京王閣競輪,6R,18:04,2-6,1-7,244.3,0.031583294408532,6.715798824004382,0,0,10.491319814244262,2.3505482309454995,1.5794482341268077,3.0,0.860414345244747,5-10,2-4%,200-300,10+,1-3,Q3
2720260301030007,京王閣競輪,7R,18:30,1-2,6-7,140.6,0.0489981082351708,5.889134017865028,0,0,9.294940931314082,2.2294702662854133,1.6688172155523595,8.0,1.11239469060511,5-10,4-6%,120-200,5-10,6-8,Q5
2720260301030008,京王閣競輪,8R,18:56,1-4,1-6,274.2,0.0390804487596072,9.715859049884305,0,0,14.3626009093893,2.6646276690688566,1.363001042480072,5.0,0.7217552312294824,5-10,2-4%,200-300,10+,4-5,Q2
2720260301030009,京王閣競輪,9R,19:22,4-7,2-3,107.3,0.0313931682722315,2.3684869556104435,0,0,4.542205942172081,1.5134127844248937,1.479277017564222,3.0,0.7141697777261599,2-3,2-4%,80-120,3-5,1-3,Q2
2720260301030010,京王閣競輪,10R,19:48,5-6,4-6,198.2,0.0347271737093251,5.882925829188234,0,0,9.274479217850832,2.2272664579271013,2.136716959991593,6.0,1.3926132790460288,5-10,2-4%,120-200,5-10,6-8,Q5
2720260301030011,京王閣競輪,11R,20:16,2-6,1-3,49.7,0.057959078702502,1.8805662115143515,0,0,3.860815460904836,1.35087842048366,2.0895041573221502,9.0,1.3440769182082868,1-2,4-6%,20-50,3-5,9-12,Q5
2820260307010001,立川競輪,1R,08:50,5-6,1-3,172.6,0.0275191311447811,3.749802035589219,0,0,6.406449566182603,1.8573052276841704,1.526467520676954,4.0,0.8241282124047985,3-5,2-4%,120-200,5-10,4-5,Q3
2820260307010002,立川競輪,2R,09:10,5-6,5-7,221.5,0.0359726462393641,6.967941142019162,0,0,10.708234259855866,2.371013002534377,1.4370473779426556,6.0,0.7508632906318731,5-10,2-4%,200-300,10+,6-8,Q3
2820260307010003,立川競輪,3R,09:31,1-4,1-5,166.6,0.027311255581934,3.55005517995022,0,0,6.146569256876175,1.8158940817915807,1.5576238271242815,4.0,0.7917862733571175,3-5,2-4%,120-200,5-10,4-5,Q3
2820260307010004,立川競輪,4R,09:52,5-6,4-5,203.3,0.0384973332554552,6.82650785083405,0,0,10.582466990052708,2.3591985741383006,1.6318607225545634,7.0,0.9446304064559432,5-10,2-4%,200-300,10+,6-8,Q4
2820260307010005,立川競輪,5R,10:13,5-6,1-7,316.1,0.0349438593487951,10.04575394015414,0,0,15.461256022136986,2.7383372832343373,1.3827669134761724,5.0,0.716188857026834,10+,2-4%,300-500,10+,4-5,Q2
2820260307010006,立川競輪,6R,10:34,1-4,3-7,518.0,0.0181353590663735,8.394115996381494,0,0,12.76363138776414,2.546599829000866,1.2993047056248934,2.0,0.5184668088692228,5-10,0-2%,500+,10+,1-3,Q1
2820260307010007,立川競輪,7R,10:55,1-3,2-4,65.4,0.0665962952552745,3.3553977096949525,0,0,5.960331099559975,1.7851260331666747,1.2382538528345866,6.0,0.6575025642218579,3-5,6-8%,50-80,5-10,6-8,Q2
2820260307020001,立川競輪,1R,08:50,2-7,2-5,76.4,0.0826811218421533,5.316837708740514,0,0,8.601462166040776,2.151932208126979,1.550731511312356,8.0,1.0608771072090912,5-10,8-10%,50-80,5-10,6-8,Q4
2820260307020002,立川競輪,2R,09:10,4-5,1-3,216.5,0.0301474481952863,5.526922534279494,0,0,8.829697163081493,2.178120717694143,1.458471854500303,2.0,0.7816050368572068,5-10,2-4%,200-300,5-10,1-3,Q3
2820260307020003,立川競輪,3R,09:31,1-2,3-5,71.7,0.0600603750976397,3.306328894500771,0,0,5.802322256138606,1.7582582264241562,1.866600633465104,7.0,1.3252124265513845,3-5,6-8%,50-80,5-10,6-8,Q5
2820260307020004,立川競輪,4R,09:52,3-5,4-5,91.1,0.043290156616921,2.9437332678015102,0,0,5.3149820188912,1.670529628724026,1.3800354796478391,6.0,0.7036250220419733,2-3,4-6%,80-120,5-10,6-8,Q2
2820260307020005,立川競輪,5R,10:13,2-3,1-7,123.0,0.0406848755930311,4.004239697942836,0,0,6.747465760853327,1.9091669915761664,1.6734190933810853,8.0,0.9404136968587689,3-5,4-6%,120-200,5-10,6-8,Q4
2820260307020006,立川競輪,6R,10:34,2-3,1-7,244.3,0.030434795304071,6.435220492784567,0,0,9.951258832015148,2.297699058981329,1.7076075717085204,2.0,1.0391202205731354,5-10,2-4%,200-300,5-10,1-3,Q4
2820260307020007,立川競輪,7R,10:55,5-6,1-2,505.7,0.0280412994515602,13.180485132654022,0,0,19.479178571484766,2.9693461295727084,1.4565067063277637,4.0,0.8296772702209194,10+,2-4%,500+,10+,4-5,Q3
3620260303010001,小田原競輪,1R,08:50,4-7,1-6,145.0,0.0310088330443263,3.496280791427326,0,0,6.063847752488945,1.8023445412776116,1.8533237558692557,6.0,1.1557047959023592,3-5,2-4%,120-200,5-10,6-8,Q5
3620260303010002,小田原競輪,2R,09:10,5-6,2-5,189.8,0.0364619239074988,5.920473157643277,0,0,9.289113683543563,2.228843142870522,1.5240272592378972,5.0,0.8025317627047619,5-10,2-4%,120-200,5-10,4-5,Q3
3620260303010003,小田原競輪,3R,09:31,3-6,1-4,217.3,0.0527213967954684,10.456359523655296,0,0,15.658324925102434,2.751002719669025,1.342345294867566,10.0,0.7969804817935389,10+,4-6%,200-300,10+,9-12,Q3
3620260303010004,小田原競輪,4R,09:52,5-6,2-5,392.7,0.0283696326534712,10.140754743018157,0,0,15.06864694471913,2.712616223952596,1.718730510802101,4.0,1.0960109082772729,10+,2-4%,300-500,10+,4-5,Q5
3620260303010005,小田原競輪,5R,10:13,6-7,1-4,387.5,0.030502488149888,10.819714158081627,0,0,16.1014690350563,2.778910512274118,1.7808485436326609,4.0,1.2488714125080749,10+,2-4%,300-500,10+,4-5,Q5
3620260303010006,小田原競輪,6R,10:34,2-3,1-6,158.1,0.0397032894673562,5.27709006478903,0,0,8.45721859184781,2.135020347936877,1.2882071277029694,6.0,0.6381786132486246,5-10,2-4%,120-200,5-10,6-8,Q2
3620260303010007,小田原競輪,7R,10:55,3-4,3-5,85.1,0.0512451018652567,3.36095816873335,0,0,5.856948957972659,1.7676288123841593,1.6222886041274147,9.0,0.9217026331445878,3-5,4-6%,80-120,5-10,9-12,Q4
3620260303020001,小田原競輪,1R,09:00,4-6,1-7,319.8,0.0441864649031839,13.130831476038228,0,0,19.33242857442184,2.961783922931154,1.4030274782227166,8.0,0.8219510082354888,10+,4-6%,300-500,10+,6-8,Q3
3620260303020002,小田原競輪,2R,09:20,5-6,1-7,146.5,0.0346383711001492,4.0745213661718696,0,0,6.852003493572375,1.924541090352314,1.7513532754279153,5.0,0.9623829358750132,3-5,2-4%,120-200,5-10,4-5,Q4
3620260303020003,小田原競輪,3R,09:40,6-7,2-5,140.4,0.0290124373820118,3.0733462084344634,0,0,5.490047976046292,1.7029369943239705,1.4992269173677295,5.0,0.6708370892646821,3-5,2-4%,120-200,5-10,4-5,Q2
3620260303020004,小田原競輪,4R,10:00,6-7,2-3,267.2,0.0420309152968606,10.230660567321172,0,0,15.025463778358477,2.709746347080729,1.5771537065128574,5.0,0.8940428141069393,10+,4-6%,200-300,10+,4-5,Q4
3620260303020005,小田原競輪,5R,10:20,5-6,1-4,215.9,0.0459506540333319,8.920746205796362,0,0,13.402468544241882,2.5954389097318025,2.00466091021412,10.0,1.4202021367906972,5-10,4-6%,200-300,10+,9-12,Q5
3620260303020006,小田原競輪,6R,10:40,3-5,1-4,96.5,0.0372853553463768,2.5980367909253634,0,0,4.859119501264225,1.5808572489461106,1.2994925141072486,7.0,0.6098876768025286,2-3,2-4%,80-120,3-5,6-8,Q2
3620260303020007,小田原競輪,7R,11:00,5-6,2-6,84.1,0.0513930324292865,3.3221540273029984,0,0,5.803387585304383,1.7584418135032092,1.4958520778847324,9.0,0.831376451997249,3-5,4-6%,80-120,5-10,9-12,Q3
3620260303030001,小田原競輪,1R,09:00,6-7,1-5,303.9,0.0294063148721025,7.936579089631955,0,0,12.057766296591256,2.489708958307096,1.3554580912408878,4.0,0.6734575219395189,5-10,2-4%,300-500,10+,4-5,Q2
3620260303030002,小田原競輪,2R,09:20,5-6,4-5,219.4,0.0425768459064222,8.341359991869039,0,0,12.63754304606172,2.536671990580831,1.3219153522361613,7.0,0.6844019175494807,5-10,4-6%,200-300,10+,6-8,Q2
3620260303030003,小田原競輪,3R,09:40,5-7,2-7,124.3,0.0474570944424177,4.898916839192526,0,0,8.038691085095182,2.084266269597234,1.4863586502463433,7.0,0.8725959608336247,3-5,4-6%,120-200,5-10,6-8,Q3
3620260303030004,小田原競輪,4R,10:00,3-5,1-2,63.2,0.04777754753928,2.0195410044824964,0,0,4.079785865618815,1.406044503142715,1.168834333269836,5.0,0.5105884931888378,2-3,4-6%,50-80,3-5,4-5,Q1
3620260303030005,小田原競輪,5R,10:20,6-7,2-7,122.0,0.0509306422184719,5.213538350653572,0,0,8.5306342058931,2.143663708805479,1.4636151375384,7.0,0.8238466748779801,5-10,4-6%,120-200,5-10,6-8,Q3
3620260303030006,小田原競輪,6R,10:40,3-7,2-5,73.9,0.0667867595725692,3.935541532412868,0,0,6.848062376471304,1.9239657475266132,1.5034237536390658,10.0,0.9078156510896576,3-5,6-8%,50-80,5-10,9-12,Q4
3620260303030007,小田原競輪,7R,11:00,6-7,1-6,98.5,0.040235025046261,2.9631499670567147,0,0,5.329823280431898,1.6733180820116518,1.5886918400026253,7.0,0.9364127371302114,2-3,4-6%,80-120,5-10,6-8,Q4
3620260308010001,小田原競輪,1R,11:05,2-5,1-5,103.9,0.0390073502305155,3.052863688950568,0,0,5.542875354492214,1.7125133831984185,1.0313249034537706,6.0,0.3445348569292712,3-5,2-4%,80-120,5-10,6-8,Q1
3620260308010002,小田原競輪,2R,11:28,2-3,3-5,95.7,0.0349605159895512,2.3457213802000547,0,0,4.490086702353597,1.5018720116973527,1.1609123996388528,1.0,0.4153713908862738,2-3,2-4%,80-120,3-5,1-3,Q1
3620260308010003,小田原競輪,3R,11:52,1-5,3-7,108.5,0.0517627523749775,4.616258632685068,0,0,7.576763219865351,2.0250860926274705,1.2346713662435227,3.0,0.5972400827103009,3-5,4-6%,80-120,5-10,1-3,Q2
3620260308010004,小田原競輪,4R,12:17,6-7,1-4,135.4,0.0668147748873133,8.046720519742232,0,0,12.16048105998374,2.498191436624404,1.7499559955523738,14.0,1.2267313159004574,5-10,6-8%,120-200,10+,13+,Q5
3620260308010005,小田原競輪,5R,12:43,5-7,1-5,73.8,0.0708815278393522,4.231056754544193,0,0,7.075299471387388,1.956609770758892,1.899073205239375,10.0,1.29325877214821,3-5,6-8%,50-80,5-10,9-12,Q5
3620260308010006,小田原競輪,6R,13:09,3-6,2-4,181.9,0.0468060267410443,7.51401626419597,0,0,11.529583401588331,2.4449162019573145,1.4613695931542037,8.0,0.8769402609641955,5-10,4-6%,120-200,10+,6-8,Q3
3620260308010007,小田原競輪,7R,13:35,4-6,4-7,116.7,0.0496771390932087,4.797322132177455,0,0,7.775700864668843,2.0510035973885263,1.3828646513397047,7.0,0.8149863512361152,3-5,4-6%,80-120,5-10,6-8,Q3
3620260308010008,小田原競輪,8R,14:02,2-6,2-3,364.0,0.0340130451743056,11.38074844344726,0,0,16.73924394652715,2.817755899586145,1.889254450063676,9.0,1.3322825471595872,10+,2-4%,300-500,10+,9-12,Q5
3620260308010009,小田原競輪,9R,14:30,6-7,1-5,231.2,0.0297716007028093,5.883194082489516,0,0,9.272579906387216,2.227061647944766,1.8143386273104565,6.0,1.0515802430400965,5-10,2-4%,200-300,5-10,6-8,Q4
3620260308010010,小田原競輪,10R,14:58,2-6,2-7,170.9,0.0371760070256268,5.353379600679622,0,0,8.56121717737403,2.1472423736904567,1.1763040969507652,5.0,0.5626712179569258,5-10,2-4%,120-200,5-10,4-5,Q1
3620260308010011,小田原競輪,11R,15:28,4-5,3-7,173.7,0.0527793396274647,8.16777129329063,0,0,12.385894251839682,2.5165582647815667,1.8048727360104624,11.0,1.2425977804160155,5-10,4-6%,120-200,10+,9-12,Q5
3620260308010012,小田原競輪,12R,16:02,3-4,4-7,77.7,0.0437684098080085,2.400805442082264,0,0,4.583448249755151,1.522451607826855,1.515130303468612,9.0,0.7903175890529757,2-3,4-6%,50-80,3-5,9-12,Q3
3720260304010001,伊東競輪,1R,15:54,1-6,3-4,222.4,0.0243180477784218,4.408333825921012,0,0,7.250903882597775,1.981126134598377,1.2707496290304907,2.0,0.4361331104475555,3-5,2-4%,200-300,5-10,1-3,Q1
3720260304010002,伊東競輪,2R,16:18,5-6,3-4,147.1,0.0656960614696834,8.66389064219044,0,0,13.036142126990567,2.567725663584568,1.7853719367721106,13.0,1.2484687431338366,5-10,6-8%,120-200,10+,13+,Q5
3720260304010003,伊東競輪,3R,16:42,3-5,3-7,178.7,0.0260716708930648,3.65900758859068,0,0,6.250866368997538,1.8327200732195408,1.5103612509739677,4.0,0.7785687868818972,3-5,2-4%,120-200,5-10,4-5,Q3
3720260304020001,伊東競輪,1R,15:54,4-5,3-7,129.7,0.0273842513488109,2.5517373999407806,0,0,4.77483882470199,1.56336021941042,1.7925595132415812,4.0,1.064560220862308,2-3,2-4%,120-200,3-5,4-5,Q5
3720260304020002,伊東競輪,2R,16:14,1-6,3-7,184.3,0.0595040071461248,9.966588517030813,0,0,14.85865391122437,2.698582450494384,1.6358017343311655,12.0,1.0351670031741145,5-10,4-6%,120-200,10+,9-12,Q4
3720260304020003,伊東競輪,3R,16:36,5-6,2-6,423.2,0.0185059498811959,6.831717989722144,0,0,10.559180618365652,2.356995682363865,1.3987977473930018,3.0,0.5670358895754144,5-10,0-2%,300-500,10+,1-3,Q1
3720260304030001,伊東競輪,1R,16:06,1-2,2-5,155.1,0.0295234751480774,3.579090995466814,0,0,6.1206080490603565,1.8116614460444092,1.211550220130464,4.0,0.5458463329846373,3-5,2-4%,120-200,5-10,4-5,Q1
3720260304030002,伊東競輪,2R,16:26,2-3,1-4,98.7,0.0325039535544694,2.208140215826137,0,0,4.412538656563155,1.4844501829460053,1.1100159082005905,1.0,0.3749687664121098,2-3,2-4%,80-120,3-5,1-3,Q1
3720260304030003,伊東競輪,3R,16:46,5-6,4-5,190.1,0.0550374455104875,9.462618391543687,0,0,14.070524017463008,2.644082114051724,1.3037949715793082,8.0,0.7232869752463817,5-10,4-6%,120-200,10+,6-8,Q2
3820260301030001,静岡競輪,1R,20:41,3-6,2-4,95.8,0.0555672602141103,4.323343528511772,0,0,7.1231220277036895,1.9633461163715684,1.1010216329901006,3.0,0.4839036328065966,3-5,4-6%,80-120,5-10,1-3,Q1
4320260307010001,岐阜競輪,1R,20:50,2-7,1-2,137.4,0.046280361011046,5.358921602917728,0,0,8.80387542452935,2.175192013713989,1.0977682843824674,5.0,0.3994188245592884,5-10,4-6%,120-200,5-10,4-5,Q1
4320260307010002,岐阜競輪,2R,21:10,6-7,1-4,313.0,0.0213513821423184,5.682982610545682,0,0,8.980390650463173,2.1950433836934966,1.6758062194783658,2.0,0.962743333280272,5-10,2-4%,300-500,5-10,1-3,Q4
4320260307010003,岐阜競輪,3R,21:30,2-7,2-5,97.4,0.0540805162694391,4.267442284643373,0,0,7.07974787585567,1.9572382963351924,1.2293096426758443,5.0,0.5623571744929837,3-5,4-6%,80-120,5-10,4-5,Q1
4320260307010004,岐阜競輪,4R,21:50,5-6,1-2,199.0,0.0408926450892186,7.137636372754507,0,0,10.883612170431126,2.387258187310871,1.5779463592632996,5.0,0.9869508933437472,5-10,4-6%,120-200,10+,4-5,Q4
4320260307010005,岐阜競輪,5R,22:10,1-7,1-4,152.9,0.0722349000962384,10.04471622471486,0,0,14.857361494005342,2.698495465934292,1.8894101339378595,10.0,1.2632981640899987,10+,6-8%,120-200,10+,9-12,Q5
4320260307010006,岐阜競輪,6R,22:30,2-7,1-3,133.4,0.0510709791923846,5.812868624264111,0,0,9.200716316416594,2.21928134152367,1.3699758858225917,8.0,0.759899745194161,5-10,4-6%,120-200,5-10,6-8,Q3
4420260228010001,大垣競輪,1R,11:18,3-4,2-7,271.3,0.0208450290137028,4.655256371417571,0,0,7.61603057307012,2.0302553118501616,1.753282610966536,10.0,1.052063546862172,3-5,2-4%,200-300,5-10,9-12,Q4
4420260228010002,大垣競輪,2R,11:44,5-9,1-3,147.7,0.0312069260907266,3.60926298360033,0,0,6.182190372844768,1.8216726379693369,1.5074243375850969,15.0,0.7905426753816918,3-5,2-4%,120-200,5-10,13+,Q3
4420260228010003,大垣競輪,3R,12:10,3-4,2-9,252.7,0.0278197400378204,6.030048307557236,0,0,9.473568555972795,2.248505663704548,1.4802751746274632,13.0,0.7703019189858682,5-10,2-4%,200-300,5-10,13+,Q3
4420260228010004,大垣競輪,4R,12:36,3-8,1-9,135.6,0.0400892345694331,4.436100207615139,0,0,7.312402138834161,1.989571829769836,1.4720723508808935,17.0,0.8377111294824635,3-5,4-6%,120-200,5-10,13+,Q3
4420260228010005,大垣競輪,5R,13:02,3-8,3-5,177.6,0.0285715956698309,4.074315390961977,0,0,6.825346391125597,1.920643093096595,1.7004109863182224,9.0,0.9718206779987056,3-5,2-4%,120-200,5-10,9-12,Q4
4420260228010006,大垣競輪,6R,13:28,1-6,1-7,176.6,0.0375141006012261,5.62499016617654,0,0,8.872461716265475,2.182952290680176,1.437507445646662,17.0,0.7389914786280812,5-10,2-4%,120-200,5-10,13+,Q3
4420260228010007,大垣競輪,7R,13:54,6-7,2-7,144.9,0.030820458878671,3.465884491519441,0,0,5.973969171002542,1.787411559284515,1.3601291093969483,11.0,0.5719891708355975,3-5,2-4%,120-200,5-10,9-12,Q1
4420260228010008,大垣競輪,8R,14:22,3-5,3-7,100.2,0.0321609647159434,2.222528664537537,0,0,4.30778655904018,1.4604242128425318,1.2232713022524595,15.0,0.4515674839447284,2-3,2-4%,80-120,3-5,13+,Q1
4420260228010009,大垣競輪,9R,14:50,2-6,1-5,149.5,0.0363506998841599,4.434429632681907,0,0,7.282407363753742,1.9854614894072224,1.4679654167030551,15.0,0.7878961231221185,3-5,2-4%,120-200,5-10,13+,Q3
4420260228010010,大垣競輪,10R,15:18,2-6,1-7,251.2,0.0336330168290909,7.448613827467657,0,0,11.485095693793523,2.4410501682034336,1.927955835051268,19.0,1.4301675111386616,5-10,2-4%,200-300,10+,13+,Q5
4420260228010011,大垣競輪,11R,15:48,1-6,1-7,204.3,0.0342479458100738,5.99685532899808,0,0,9.649247060714965,2.266879887539624,1.6317521535447077,13.0,0.9040836021671916,5-10,2-4%,200-300,5-10,13+,Q4
4420260228010012,大垣競輪,12R,16:20,5-6,2-9,110.0,0.0289805194558354,2.1878571401418947,0,0,4.263973215492543,1.4502014053334196,1.518784394367506,18.0,0.7528979814192018,2-3,2-4%,80-120,3-5,13+,Q3
4420260228040001,大垣競輪,1R,11:05,3-4,5-7,96.5,0.0441131005248465,3.2569142006476888,0,0,5.742696562683058,1.747928884479539,1.2308624642930908,3.0,0.5121575381292818,3-5,4-6%,80-120,5-10,1-3,Q1
4420260228040002,大垣競輪,2R,11:32,1-3,3-6,53.6,0.0575961452811307,2.087153387068607,0,0,4.133808239081977,1.4191990739122318,1.804905081251445,18.0,1.178614713837013,2-3,4-6%,50-80,3-5,13+,Q5
4420260228040003,大垣競輪,3R,11:59,2-8,2-5,153.7,0.0207407307119355,2.187850310424496,0,0,4.2837505758260805,1.4548289286759153,1.5091565709124677,3.0,0.7413296763719215,2-3,2-4%,120-200,3-5,1-3,Q3
4420260228040004,大垣競輪,4R,12:26,3-6,1-7,168.7,0.0259541065266929,3.3784577710530943,0,0,5.872078054394521,1.7702085839045163,1.7735039226025135,14.0,1.1207785871000682,3-5,2-4%,120-200,5-10,13+,Q5
4420260228040005,大垣競輪,5R,12:54,7-9,1-7,89.1,0.0389535531566037,2.470761586253393,0,0,4.643791783646091,1.5355312272933157,1.5105419287743516,12.0,0.8662243115056647,2-3,2-4%,80-120,3-5,9-12,Q3
4420260228040006,大垣競輪,6R,13:22,2-8,7-9,98.6,0.0322779892965533,2.1826097446401604,0,0,4.279334289990728,1.4537974578053363,1.1382823628502403,13.0,0.367592130811437,2-3,2-4%,80-120,3-5,13+,Q1
4420260228040007,大垣競輪,7R,13:50,5-6,4-9,415.4,0.0145680378107674,5.051562906592812,0,0,8.102465918332596,2.092168449778348,1.8422770081956383,8.0,1.039430851064853,5-10,0-2%,300-500,5-10,6-8,Q4
4420260228040008,大垣競輪,8R,14:19,2-3,1-4,85.9,0.0468643436217547,3.025647117108736,0,0,5.386982680802219,1.6839854287159068,1.5049142402290543,15.0,0.8041489806477472,3-5,4-6%,80-120,5-10,13+,Q3
4420260228040009,大垣競輪,9R,14:48,3-9,7-9,139.4,0.0321157601690177,3.4769369675610804,0,0,6.01133718703157,1.7936472175126623,1.4183434425326622,13.0,0.6773739183429991,3-5,2-4%,120-200,5-10,13+,Q2
4420260228040010,大垣競輪,10R,15:18,1-4,2-5,141.9,0.0212215882089587,2.011343366851248,0,0,4.036205487783684,1.3953050149648445,1.6868902341879666,17.0,0.8428602550349134,2-3,2-4%,120-200,3-5,13+,Q3
4420260228040011,大垣競輪,11R,15:49,4-6,1-5,559.6,0.0134808434943422,6.543880019433912,0,0,10.206395479776331,2.3230145316983384,1.4271016445955231,5.0,0.5850675779564078,5-10,0-2%,500+,10+,4-5,Q1
4420260228040012,大垣競輪,12R,16:20,3-8,3-5,140.5,0.0291057472521221,3.0893574889231665,0,0,5.497699636324945,1.7043297568417974,1.4039743996262162,13.0,0.6477720946769884,3-5,2-4%,120-200,5-10,13+,Q2
4520260304010001,豊橋競輪,1R,08:50,2-7,1-3,112.5,0.0348477034351224,2.9203666364512704,0,0,5.303576727389782,1.6683814471995446,1.1475639830251958,2.0,0.4261406692568948,2-3,2-4%,80-120,5-10,1-3,Q1
4520260304010002,豊橋競輪,2R,09:10,3-5,1-5,43.0,0.0656982236758745,1.8250236180626032,0,0,3.826896379067244,1.3420541298098143,0.9847603240413544,6.0,0.338860770244479,1-2,6-8%,20-50,3-5,6-8,Q1
4520260304010003,豊橋競輪,3R,09:30,4-6,2-7,110.3,0.0670475822057826,6.395348317297831,0,0,10.259276738773949,2.3281823439758838,1.3194797665089653,11.0,0.8312987252829781,5-10,6-8%,80-120,10+,9-12,Q3
4520260304010004,豊橋競輪,4R,09:50,5-7,3-6,96.5,0.0620473277201305,4.987567124992595,0,0,8.202561241451447,2.1044464520347748,1.069150569368232,8.0,0.4807416546579054,3-5,6-8%,80-120,5-10,6-8,Q1
4520260304010005,豊橋競輪,5R,10:10,4-6,4-7,93.2,0.0783376545002807,6.301069399426165,0,0,9.925245762535193,2.2950815882477285,1.6089996701558678,9.0,1.1526408376067585,5-10,6-8%,80-120,5-10,9-12,Q5
4520260304010006,豊橋競輪,6R,10:30,2-3,1-5,210.8,0.0372253281261601,6.847099168994556,0,0,10.786709632303046,2.3783147867583283,1.1981859254536846,4.0,0.4748502861827202,5-10,2-4%,200-300,10+,4-5,Q1
4520260304010007,豊橋競輪,7R,10:50,2-6,3-7,97.5,0.0283582126140524,1.7649257298701122,0,0,3.7204706956648175,1.3138501914086278,1.1590513115008596,1.0,0.3490657000271662,1-2,2-4%,80-120,3-5,1-3,Q1
4520260304020001,豊橋競輪,1R,08:50,5-6,1-2,162.3,0.0358148068473307,4.812743151321781,0,0,7.807871926469112,2.0551324461441838,1.4822233801060665,7.0,0.8109910045182169,3-5,2-4%,120-200,5-10,6-8,Q3
4520260304020002,豊橋競輪,2R,09:10,6-7,2-4,192.1,0.0348264803462703,5.690166874518524,0,0,8.958333307834431,2.1925841949620417,1.6616395567020814,5.0,1.0824717598207108,5-10,2-4%,120-200,5-10,4-5,Q5
4520260304020003,豊橋競輪,3R,09:30,5-7,1-3,144.0,0.0446615655591,5.431265440510414,0,0,8.642711458210128,2.1567163597869468,1.941277899873287,11.0,1.482775707766236,5-10,4-6%,120-200,5-10,9-12,Q5
4520260304020004,豊橋競輪,4R,09:50,5-6,2-3,251.9,0.0323270022505057,7.143171866902391,0,0,11.007164022857078,2.3985463356470937,1.7159838128625522,5.0,1.022830888851928,5-10,2-4%,200-300,10+,4-5,Q4
4520260304020005,豊橋競輪,5R,10:10,3-6,1-4,199.1,0.031319222301961,5.235657160320436,0,0,8.392184592640518,2.1273008671471807,1.2472960111910945,1.0,0.469439479067206,5-10,2-4%,120-200,5-10,1-3,Q1
4520260304020006,豊橋競輪,6R,10:30,1-6,1-7,248.7,0.0353045738600725,7.780247519000049,0,0,11.918266608258897,2.4780722323209674,1.826794869682883,5.0,1.3021208281365908,5-10,2-4%,200-300,10+,4-5,Q5
4520260304020007,豊橋競輪,7R,10:50,1-5,2-3,96.3,0.0480627119229657,3.628439158181605,0,0,6.2424507159007065,1.8313728482316292,1.7904906471673672,10.0,1.1317767151564602,3-5,4-6%,80-120,5-10,9-12,Q5
4520260304030001,豊橋競輪,1R,08:50,2-4,1-3,149.0,0.0291502455700488,3.343386589937276,0,0,5.849403223860695,1.766339643059123,1.378128603426557,3.0,0.631883872864433,3-5,2-4%,120-200,5-10,1-3,Q2
4520260304030002,豊橋競輪,2R,09:10,5-6,4-6,36.4,0.0764701578528476,1.783513745843655,0,0,3.727755249494656,1.3158062427216497,2.0776989926524645,10.0,1.35895583503717,1-2,6-8%,20-50,3-5,9-12,Q5
4520260304030003,豊橋競輪,3R,09:31,3-4,5-6,67.2,0.0429886587589476,1.8888378686012808,0,0,3.897866486306293,1.3604293486765364,1.2514190972493855,5.0,0.5559954827045785,1-2,4-6%,50-80,3-5,4-5,Q1
4520260304030004,豊橋競輪,4R,09:52,4-6,4-5,79.4,0.0667889399742088,4.3030418339521805,0,0,7.125197860923575,1.9636374957382947,1.4481822235678024,10.0,0.7587078080899906,3-5,6-8%,50-80,5-10,9-12,Q3
4520260304030005,豊橋競輪,5R,10:13,6-7,4-7,94.7,0.0590567201856313,4.59267140157929,0,0,7.537598190576526,2.019903588927546,1.8115003014497064,11.0,1.199712225327049,3-5,4-6%,80-120,5-10,9-12,Q5
4520260304030006,豊橋競輪,6R,10:34,5-6,1-5,48.2,0.068497704272398,2.3015893459295844,0,0,4.464844960432939,1.4962344904329008,1.0111351726821127,11.0,0.3809202451699951,2-3,6-8%,20-50,3-5,9-12,Q1
4520260304030007,豊橋競輪,7R,10:55,1-5,2-5,88.3,0.0367041682323297,2.240978054914719,0,0,4.38154082413484,1.4774004488854509,1.3966258041608053,6.0,0.7184664325561536,2-3,2-4%,80-120,3-5,6-8,Q2
5320260227020001,奈良競輪,1R,08:50,4-5,2-5,78.5,0.0679736316915564,4.335930087787182,0,0,7.198103288205284,1.9738175591386555,1.5079658219343028,12.0,0.9888474508800212,3-5,6-8%,50-80,5-10,9-12,Q4
5320260227020002,奈良競輪,2R,09:10,1-7,4-6,357.6,0.0203131057266555,6.263966607852017,0,0,9.931349328088052,2.295696352871699,1.4469552576195115,3.0,0.6584104561456435,5-10,2-4%,300-500,5-10,1-3,Q2
5320260227020003,奈良競輪,3R,09:30,1-7,2-7,72.3,0.0745079569362911,4.386925286493848,0,0,7.458043934062264,2.009293172616505,1.3610722063913938,6.0,0.822942026340444,3-5,6-8%,50-80,5-10,6-8,Q3
5320260227020004,奈良競輪,4R,09:50,3-4,2-5,80.8,0.0712644137024959,4.758164627161674,0,0,7.723879759893832,2.0443167973816894,1.479716192705561,18.0,0.9648065296550696,3-5,6-8%,80-120,5-10,13+,Q4
5320260227020005,奈良競輪,5R,10:10,6-7,4-5,151.2,0.0487918472203666,6.377327299719429,0,0,9.919333147929247,2.294485696066707,1.3385264963927932,6.0,0.7030111026841019,5-10,4-6%,120-200,5-10,6-8,Q2
5320260227020006,奈良競輪,6R,10:30,3-6,2-5,78.1,0.0610719248053796,3.769717327300148,0,0,6.443248433608831,1.863032828114726,1.4612637141176512,4.0,0.8392366713376187,3-5,6-8%,50-80,5-10,4-5,Q3
5320260227020007,奈良競輪,7R,10:50,1-6,4-7,384.6,0.0302507050474534,10.634421161250613,0,0,15.75502336821683,2.757159258466636,1.1126856204259563,2.0,0.4053291901227942,10+,2-4%,300-500,10+,1-3,Q1
5520260228010001,和歌山競輪,1R,11:05,2-6,3-6,82.0,0.0450960903333734,2.6978794073366203,0,0,4.952299418755318,1.5998519977840384,1.3693064430502115,5.0,0.6831947136308849,2-3,4-6%,80-120,3-5,4-5,Q2
5520260228010002,和歌山競輪,2R,11:31,3-6,1-7,128.1,0.0415132654804811,4.317849308049637,0,0,7.163592394858976,1.9690115862972224,1.6010186627432106,8.0,0.9049253536063526,3-5,4-6%,120-200,5-10,6-8,Q4
5520260228010003,和歌山競輪,3R,11:57,1-6,3-4,129.5,0.0573158754233961,6.422405867329806,0,0,9.98009406196029,2.300592515342525,1.4579551305512646,12.0,0.9845371451316404,5-10,4-6%,120-200,5-10,9-12,Q4
5520260228010004,和歌山競輪,4R,12:23,3-6,1-5,76.1,0.0701995039568925,4.342182251119524,0,0,7.216168614352801,1.9763241492356052,1.2002348807500227,10.0,0.5988325104239342,3-5,6-8%,50-80,5-10,9-12,Q2
5520260228010005,和歌山競輪,5R,12:49,3-4,1-6,77.3,0.0541622459899862,3.1867416150259382,0,0,5.695489248742041,1.739674501698634,1.48232532153413,9.0,0.8656136597266869,3-5,4-6%,50-80,5-10,9-12,Q3
5520260228010006,和歌山競輪,6R,13:15,1-2,2-4,238.1,0.0371543536077264,7.846451593999657,0,0,11.89449026429214,2.4760752899247525,1.224116391804117,3.0,0.5791605352323954,5-10,2-4%,200-300,10+,1-3,Q1
5520260228010007,和歌山競輪,7R,13:41,1-3,2-5,195.3,0.0507694167220806,8.915267085822352,0,0,13.342785876689888,2.590975855037477,0.9751059060706656,4.0,0.4108883200611865,5-10,4-6%,120-200,10+,4-5,Q1
5520260228010008,和歌山競輪,8R,14:08,2-3,1-7,62.4,0.0515305201504861,2.2155044573903377,0,0,4.334457334315984,1.466596420020551,1.3361801263606754,6.0,0.6397274596713005,2-3,4-6%,50-80,3-5,6-8,Q2
5520260228010009,和歌山競輪,9R,14:36,6-7,3-5,96.5,0.0355397485237869,2.429585732545444,0,0,4.582339643530254,1.5222097069190517,1.3010077243934568,4.0,0.5496648587248515,2-3,2-4%,80-120,3-5,4-5,Q1
5520260228010010,和歌山競輪,10R,15:04,5-6,2-3,284.5,0.0266042831257861,6.568918549286157,0,0,10.259960939118685,2.328249032669522,1.653355716473454,3.0,0.999128871608618,5-10,2-4%,200-300,10+,1-3,Q4
5520260228010011,和歌山競輪,11R,15:33,2-6,1-4,245.2,0.023727098231209,4.817884486292469,0,0,7.922164254357672,2.069664432977654,1.5639109497828738,3.0,0.8729833027699256,3-5,2-4%,200-300,5-10,1-3,Q3
5520260228010012,和歌山競輪,12R,16:04,2-6,4-5,40.8,0.0697848298335655,1.847221057209473,0,0,3.808701503680767,1.3372883183808848,1.5400553286569918,9.0,0.8938672898747656,1-2,6-8%,20-50,3-5,9-12,Q4
5620260301030001,岸和田競輪,1R,20:49,4-7,1-6,87.7,0.0538592691837423,3.723457907414203,0,0,6.317867239784727,1.84338168916482,1.603039100713714,10.0,1.0473641420483624,3-5,4-6%,80-120,5-10,9-12,Q4
6220260228010001,広島競輪,1R,09:00,1-6,1-5,92.3,0.0583602499870231,4.386651073802235,0,0,7.210929013847526,1.9755977937551308,1.5517861573524256,12.0,0.8888880515576154,3-5,4-6%,80-120,5-10,9-12,Q4
6220260228010002,広島競輪,2R,09:20,5-6,5-6,145.5,0.0449927139919665,5.546439885831125,1,14550,8.885352776536843,2.184404165571843,1.382711562490295,9.0,0.7045466714725908,5-10,4-6%,120-200,5-10,9-12,Q2
6220260228010003,広島競輪,3R,09:40,6-7,2-7,93.5,0.0581936532244257,4.441106576483808,0,0,7.286929258367947,1.9860822307355976,1.597850211635255,12.0,1.0622986690513256,3-5,4-6%,80-120,5-10,9-12,Q4
6220260228010004,広島競輪,4R,10:00,2-3,1-5,148.2,0.0360715035517689,4.3457968263721565,0,0,7.281480971127935,1.9853342716472115,1.31316057099283,3.0,0.6311099798640776,3-5,2-4%,120-200,5-10,1-3,Q2
6220260228010005,広島競輪,5R,10:20,5-6,1-7,219.8,0.0461493500961391,9.143627151131389,0,0,13.727721745046152,2.6194172734072896,1.891352348522865,12.0,1.3334381034504417,5-10,4-6%,200-300,10+,9-12,Q5
6220260228010006,広島競輪,6R,10:40,6-7,3-5,345.8,0.0219048654014069,6.574702455806517,0,0,10.148828585363612,2.3173582885641624,1.3744930844400105,3.0,0.6554804156328095,5-10,2-4%,300-500,10+,1-3,Q2
6220260228010007,広島競輪,7R,11:00,1-2,3-6,59.0,0.0611732797506817,2.6092235052902257,0,0,4.852676259096717,1.5795303587761147,1.6620714739227271,17.0,1.0506178074489014,2-3,6-8%,50-80,3-5,13+,Q4
7320260301030001,小松島競輪,1R,20:57,4-7,1-3,148.5,0.0383343895106052,4.692656842324886,0,0,7.702927107328522,2.041600400458272,1.6536201560051345,8.0,1.027280178428461,3-5,2-4%,120-200,5-10,6-8,Q4
7520260227020001,松山競輪,1R,15:54,1-3,2-4,89.1,0.0527602567979645,3.700938880698637,0,0,6.315222748115292,1.8429630280600309,1.835374718448395,9.0,1.190164051539242,3-5,4-6%,80-120,5-10,9-12,Q5
7520260227020002,松山競輪,2R,16:14,4-6,1-4,112.0,0.0770653844655376,7.631323060140211,0,0,11.85014552336819,2.472340147971724,1.4748945161193456,12.0,0.921450268059474,5-10,6-8%,80-120,10+,9-12,Q4
7520260227020003,松山競輪,3R,16:36,2-6,1-4,225.7,0.0493049885333013,10.128135911966112,0,0,14.899669873742162,2.7013390566015576,2.00661645616274,9.0,1.3135559862081965,10+,4-6%,200-300,10+,9-12,Q5
7520260305010001,松山競輪,1R,11:18,7-8,2-5,160.5,0.0317517356863346,4.096153577656708,0,0,6.8560827334516805,1.925136248560418,1.2335614129816277,14.0,0.5255153535219984,3-5,2-4%,120-200,5-10,13+,Q1
7520260305010002,松山競輪,2R,11:44,4-6,3-7,789.5,0.0074440992099617,4.877116326264777,0,0,7.903893917669276,2.067355539142324,1.4014023511860882,3.0,0.4648517947698143,3-5,0-2%,500+,5-10,1-3,Q1
7520260305010003,松山競輪,3R,12:10,5-7,3-8,120.6,0.0373427959378145,3.5035411901004325,0,0,6.053069438652867,1.800565488645329,1.6942085693939144,11.0,1.049503163164569,3-5,2-4%,120-200,5-10,9-12,Q4
7520260305010004,松山競輪,4R,12:36,3-8,5-9,129.0,0.0388155551962811,4.007206620320263,0,0,6.726610891817285,1.90607143464576,1.388851767711251,13.0,0.6784925856989406,3-5,2-4%,120-200,5-10,13+,Q2
7520260305010005,松山競輪,5R,13:02,6-7,7-9,93.3,0.0380337742670328,2.548551139114166,0,0,4.823621681107377,1.5735250320614382,1.5478917107595722,13.0,0.8298475620081631,2-3,2-4%,80-120,3-5,13+,Q3
7520260305010006,松山競輪,6R,13:28,4-5,1-7,440.3,0.0190246930112782,7.376572332865829,0,0,11.317315614118948,2.426333908144349,1.518272820170397,11.0,0.6740467193830797,5-10,0-2%,300-500,10+,9-12,Q2
7520260305010007,松山競輪,7R,13:54,8-9,3-9,218.8,0.0170890347213609,2.739080797033776,0,0,5.027153088034115,1.6148538374650274,1.292868116018758,7.0,0.3997314242419543,2-3,0-2%,200-300,5-10,6-8,Q1
7520260305010008,松山競輪,8R,14:22,5-6,1-7,219.8,0.0254810358946488,4.600731689643817,0,0,7.514510804644659,2.016835925269688,1.4097515709548007,7.0,0.6505255817796439,3-5,2-4%,200-300,5-10,6-8,Q2
7520260305010009,松山競輪,9R,14:50,7-8,2-9,403.8,0.0208409056121019,7.41555768616678,0,0,11.58900419686112,2.450056734541953,1.5494712459911848,12.0,0.8977172636972762,5-10,2-4%,300-500,10+,9-12,Q4
7520260305010010,松山競輪,10R,15:18,4-9,5-7,306.6,0.0383079634005557,10.745221578610384,0,0,15.713930007665104,2.754547580631155,1.9433272399203052,21.0,1.41045014849929,10+,2-4%,300-500,10+,13+,Q5
7520260305010011,松山競輪,11R,15:48,4-7,1-7,175.1,0.0366117782768282,5.410722376272624,0,0,8.961531622795611,2.192941152449721,1.134901950046107,7.0,0.511158855801491,5-10,2-4%,120-200,5-10,6-8,Q1
7520260305010012,松山競輪,12R,16:20,4-7,2-7,113.6,0.02774403616374,2.15172250820087,0,0,4.218717628037897,1.4395312022913265,1.6399850379271388,10.0,0.8044872942020651,2-3,2-4%,80-120,3-5,9-12,Q3
7520260305020001,松山競輪,1R,11:16,1-4,1-3,143.6,0.0333235545255002,3.785262429861836,0,0,6.458641982453211,1.8654190762908291,1.4632239067185808,8.0,0.717469372326528,3-5,2-4%,120-200,5-10,6-8,Q2
7520260305020002,松山競輪,2R,11:40,1-4,2-9,106.5,0.0422068469575472,3.495029200978779,0,0,6.020026946909331,1.79509173556519,1.4480199033377554,15.0,0.7527719389007193,3-5,4-6%,80-120,5-10,13+,Q3
7520260305020003,松山競輪,3R,12:04,1-8,1-9,162.8,0.033526693878321,4.458145763390662,0,0,7.350375324122695,1.9947513764573137,1.6166818589680183,18.0,0.9881137296260856,3-5,2-4%,120-200,5-10,13+,Q4
7520260305020004,松山競輪,4R,12:30,4-5,2-9,173.6,0.0301095886560765,4.22702459069489,0,0,7.096619284295249,1.9596185135401567,1.545893307085003,16.0,0.833936992973751,3-5,2-4%,120-200,5-10,13+,Q3
7520260305020005,松山競輪,5R,12:56,1-8,7-9,174.3,0.026915711522323,3.691408518340916,0,0,6.406518026122892,1.8573159137247015,1.2033942014977814,12.0,0.4736020046739617,3-5,2-4%,120-200,5-10,9-12,Q1
7520260305020006,松山競輪,6R,13:22,4-7,1-5,253.5,0.0215585583566765,4.465094543417501,0,0,7.361628185443957,1.9962811291698104,1.2656980909394142,8.0,0.4518589385614666,3-5,2-4%,200-300,5-10,6-8,Q1
7520260305020007,松山競輪,7R,13:48,2-4,2-7,148.7,0.0349051307756805,4.190392946343698,0,0,7.013902327994247,1.9478942263565848,1.2800776852247646,10.0,0.5477212753577992,3-5,2-4%,120-200,5-10,9-12,Q1
7520260305020008,松山競輪,8R,14:16,3-4,5-8,241.8,0.0281222795247812,5.799967189092113,0,0,9.118448891108503,2.210299711927611,1.473107882981286,14.0,0.7586086952650316,5-10,2-4%,200-300,5-10,13+,Q3
7520260305020009,松山競輪,9R,14:44,2-4,3-7,235.2,0.0362134360995111,7.51740017060502,0,0,11.676433718047448,2.457572598445328,1.2940998402364357,14.0,0.6755482231158014,5-10,2-4%,200-300,10+,13+,Q2
7520260305020010,松山競輪,10R,15:12,2-5,7-8,274.3,0.0325457896364627,7.927310097281721,0,0,12.16336214274386,2.4984283303538395,1.3377546267449931,13.0,0.6454589270953638,5-10,2-4%,200-300,10+,13+,Q2
7520260305020011,松山競輪,11R,15:44,1-5,1-9,159.6,0.055741609199029,7.89636082816504,0,0,12.204547474122103,2.5018086260859462,1.4513451616910564,15.0,0.9262867964175238,5-10,4-6%,120-200,10+,13+,Q4
7520260305020012,松山競輪,12R,16:20,3-7,1-5,129.9,0.0351924118518902,3.571494299560541,0,0,6.342464142379939,1.8472673589570152,1.0306408695191476,8.0,0.3041420447329594,3-5,2-4%,120-200,5-10,6-8,Q1
7520260305030001,松山競輪,1R,11:05,5-6,2-4,35.8,0.0506681520611025,0.8139198437874724,0,0,2.429913176091674,0.8878555267304352,1.3289825479146051,10.0,0.5701251786133577,0-1,4-6%,20-50,2-3,9-12,Q1
7520260305030002,松山競輪,2R,11:32,1-8,2-6,126.4,0.0266377601240535,2.3670128796803733,0,0,4.526589788805064,1.5099688500284572,1.5606410187788704,10.0,0.8126930988747991,2-3,2-4%,120-200,3-5,9-12,Q3
7520260305030003,松山競輪,3R,11:59,3-8,3-9,214.6,0.0143985390409249,2.089926478182491,0,0,4.134755293946031,1.419428147578961,1.4170233370815393,8.0,0.5500486087385383,2-3,0-2%,200-300,3-5,6-8,Q1
7520260305030004,松山競輪,4R,12:26,1-6,7-9,220.7,0.0185207607298348,3.087531893074555,0,0,5.483358944798824,1.7017178593703364,1.5159870521065155,9.0,0.6684077316139465,3-5,0-2%,200-300,5-10,9-12,Q2
7520260305030005,松山競輪,5R,12:54,3-5,1-9,62.2,0.0469950494857872,1.9230920780159653,0,0,3.939383982761043,1.371024361554221,1.2860912216680631,8.0,0.6132469894856465,1-2,4-6%,50-80,3-5,6-8,Q2
7520260305030006,松山競輪,6R,13:22,4-8,2-7,329.3,0.0189002521172391,5.223853022206867,0,0,8.348345589778873,2.122063386324131,1.5607420443241342,12.0,0.7454959225064742,5-10,0-2%,300-500,5-10,9-12,Q3
7520260305030007,松山競輪,7R,13:50,4-5,2-9,213.4,0.0226587040712047,3.835367448795092,0,0,6.4662736164689365,1.8665999946396563,1.7468632579090124,15.0,1.0590934476635083,3-5,2-4%,200-300,5-10,13+,Q4
7520260305030008,松山競輪,8R,14:19,4-9,7-9,105.2,0.0549382027189588,4.77949892603447,0,0,7.74558337191512,2.0471227934410354,2.2893049920964472,18.0,1.7485337433057015,3-5,4-6%,80-120,5-10,13+,Q5
7520260305030009,松山競輪,9R,14:48,5-6,2-9,92.9,0.0498528401620713,3.631328851056432,0,0,6.228888783111377,1.829197951438719,1.9230700393599347,12.0,1.3076271016477343,3-5,4-6%,80-120,5-10,9-12,Q5
7520260305030010,松山競輪,10R,15:18,1-5,1-9,107.6,0.0455918598204002,3.9056841166750713,0,0,6.604636208831374,1.887771858331201,1.714335775144296,17.0,1.1614815137828445,3-5,4-6%,80-120,5-10,13+,Q5
7520260305030011,松山競輪,11R,15:49,4-6,1-7,425.6,0.0170185219976253,6.24308296218936,0,0,9.767275804120612,2.279037594491393,1.490295879763045,12.0,0.6782305834718579,5-10,0-2%,300-500,5-10,9-12,Q2
7520260305030012,松山競輪,12R,16:20,7-9,1-9,163.6,0.0424834526564389,5.950292854593412,0,0,9.495951670163306,2.250865567823778,1.6074655627182055,17.0,1.2064508819330744,5-10,4-6%,120-200,5-10,13+,Q5
7520260305040001,松山競輪,1R,11:16,3-4,7-9,186.8,0.0218647574533616,3.0843366922879483,0,0,5.457867879315856,1.697058215244437,1.4145555665650345,17.0,0.6909858875707674,3-5,2-4%,120-200,5-10,13+,Q2
7520260305040002,松山競輪,2R,11:40,5-6,7-9,125.5,0.0368431254668551,3.6238122460903206,0,0,6.210605841431076,1.8262584502205736,1.5575827050844169,12.0,0.9000840643747761,3-5,2-4%,120-200,5-10,9-12,Q4
7520260305040003,松山競輪,3R,12:04,2-3,4-7,124.9,0.0247898475953028,2.096251964653331,0,0,4.166365697711726,1.4270441205224027,1.2434113522566246,7.0,0.4626835367619453,2-3,2-4%,120-200,3-5,6-8,Q1
7520260305040004,松山競輪,4R,12:30,2-8,7-9,313.2,0.0134603625811248,3.215785560408311,0,0,5.64698481880377,1.7311217423965422,1.5912892391462825,8.0,0.7776127109156072,3-5,0-2%,300-500,5-10,6-8,Q3
7520260305040005,松山競輪,5R,12:56,3-4,2-6,132.9,0.0421313672946676,4.599258713461336,0,0,7.496858626210051,2.0144840829852453,2.0392037811644306,24.0,1.5083492607808,3-5,4-6%,120-200,5-10,13+,Q5
7520260305040006,松山競輪,6R,13:22,3-4,2-7,103.8,0.0412910936050508,3.286015516204277,0,0,5.741513063017786,1.7477227754482452,1.8407454592566688,16.0,1.2534474411213004,3-5,4-6%,80-120,5-10,13+,Q5
7520260305040007,松山競輪,7R,13:48,5-7,1-9,93.0,0.0436339872311919,3.057960812500853,0,0,5.42771646921989,1.6915185057786168,1.669325266697768,16.0,1.0936255716165666,3-5,4-6%,80-120,5-10,13+,Q5
7520260305040008,松山競輪,8R,14:16,1-6,1-9,179.5,0.0460035730433472,7.257641361280838,0,0,11.121746341455555,2.408902321608808,1.7946385163713068,22.0,1.139281411584203,5-10,4-6%,120-200,10+,13+,Q5
7520260305040009,松山競輪,9R,14:44,1-5,7-8,145.0,0.031729541588086,3.6007835302724764,0,0,6.166085677000677,1.8190642244687865,2.000245184249584,23.0,1.2744440442064922,3-5,2-4%,120-200,5-10,13+,Q5
7520260305040010,松山競輪,10R,15:12,4-6,2-9,501.4,0.0176549291197981,7.852181460666769,0,0,11.95605691622231,2.481238004940597,1.5238191163569093,9.0,0.7758277698624998,5-10,0-2%,500+,10+,9-12,Q3
7520260305040011,松山競輪,11R,15:44,3-4,3-7,272.8,0.0401734204477772,9.959309098153623,0,0,14.77757375102447,2.693110744493466,2.0354100840362177,22.0,1.5440832526333732,5-10,4-6%,200-300,10+,13+,Q5
7520260305040012,松山競輪,12R,16:20,6-9,1-4,168.9,0.0313597215663957,4.296656972564245,0,0,7.120638883464058,1.9629974522538065,1.4559789743752354,18.0,0.6929278685348771,3-5,2-4%,120-200,5-10,13+,Q2
8120260306010001,小倉競輪,1R,15:54,6-7,1-2,537.5,0.0244431555270328,12.13819609578018,0,0,17.72551307650997,2.875005018528735,2.2731318897292883,3.0,1.5283880149600857,10+,2-4%,500+,10+,1-3,Q5
8120260306010002,小倉競輪,2R,16:14,5-6,2-4,394.5,0.0561123785158423,21.136333324499816,0,0,29.958788013321502,3.3998227043546336,1.7098100198269586,12.0,1.2361076860967386,10+,4-6%,300-500,10+,9-12,Q5
8120260306010003,小倉競輪,3R,16:35,2-6,2-7,219.9,0.0552431219970001,11.147962527140333,0,0,16.248520703018123,2.78800187098961,1.376677699719098,7.0,0.8803328265694446,10+,4-6%,200-300,10+,6-8,Q4
8120260306020001,小倉競輪,1R,15:53,1-6,2-7,109.8,0.0645994449888207,6.093019059772517,0,0,9.644043444675043,2.2663404651640597,1.8882510187325543,13.0,1.3370074331041262,5-10,6-8%,80-120,5-10,13+,Q5
8120260306020002,小倉競輪,2R,16:14,1-7,2-7,21.8,0.1148483205869992,1.5036933887965835,0,0,3.378566860940169,1.217451613948823,0.9618051036640618,5.0,0.448288464803155,1-2,10%+,20-50,3-5,4-5,Q1
8120260306020003,小倉競輪,3R,16:38,4-7,1-5,85.5,0.0572182448641693,3.892159935886477,0,0,6.580492095777964,1.8841095291507208,1.06068951598162,7.0,0.3937407073638642,3-5,4-6%,80-120,5-10,6-8,Q1
8120260306020004,小倉競輪,4R,17:02,5-7,1-3,173.7,0.0326661873023414,4.674116734416713,0,0,7.612562082052414,2.029799788311195,1.1446623895713313,2.0,0.3796949237346602,3-5,2-4%,120-200,5-10,1-3,Q1
8120260306020005,小倉競輪,5R,17:26,4-6,1-4,132.0,0.0391299643637474,4.165155296014669,0,0,6.969263109310779,1.9415094960110173,1.249664829028552,5.0,0.5158258897124531,3-5,2-4%,120-200,5-10,4-5,Q1
8120260306020006,小倉競輪,6R,17:51,3-6,1-4,148.2,0.0270647712077352,3.010999092986358,0,0,5.437016264275337,1.693230429602426,1.4205297962066636,2.0,0.6195252862306702,3-5,2-4%,120-200,5-10,1-3,Q2
8120260306020007,小倉競輪,7R,18:17,1-7,4-5,93.7,0.0394178210569081,2.693449833032296,0,0,4.987874263509462,1.6070098197286171,1.215170218497745,7.0,0.6429906223447553,2-3,2-4%,80-120,3-5,6-8,Q2
8120260306020008,小倉競輪,8R,18:43,3-7,1-5,28.3,0.073611907290056,1.0832169763085848,0,0,2.797701744153111,1.0287982744897295,0.9527538731763352,6.0,0.3359611159124163,1-2,6-8%,20-50,2-3,6-8,Q1
8120260306020009,小倉競輪,9R,19:09,6-7,1-4,185.7,0.0221366631889786,3.110778354193341,0,0,5.57712491852532,1.7186733960766398,1.3527526655410993,2.0,0.5526345555452432,3-5,2-4%,120-200,5-10,1-3,Q1
8120260306020010,小倉競輪,10R,19:35,6-7,1-3,232.1,0.0327246975845103,6.595402309364845,0,0,10.250002389082946,2.327277938696211,1.71325860669439,6.0,0.994307717029422,5-10,2-4%,200-300,10+,6-8,Q4
8120260306020011,小倉競輪,11R,20:02,1-7,1-5,120.8,0.0712250428462102,7.603985175822199,0,0,11.9161366217076,2.4778935001994493,1.2102273283639946,11.0,0.6209428683249997,5-10,6-8%,120-200,10+,9-12,Q2
8120260306020012,小倉競輪,12R,20:30,3-6,1-5,207.5,0.0280075492787158,4.811566475333535,0,0,7.860634889799151,2.06186737799832,1.4434339622476855,4.0,0.7050435481167626,3-5,2-4%,200-300,5-10,4-5,Q2
8120260306030001,小倉競輪,1R,15:54,6-7,2-4,193.8,0.0269805646652424,4.228833432123985,0,0,6.998120965766401,1.945641679595724,1.5486809400704282,4.0,0.7859912569060183,3-5,2-4%,120-200,5-10,4-5,Q3
8120260306030002,小倉競輪,2R,16:14,5-6,2-5,203.9,0.065080706549941,12.269956065532988,0,0,17.957373090670796,2.888000787752468,1.8755559440613143,10.0,1.4861918942093904,10+,6-8%,200-300,10+,9-12,Q5
8120260306030003,小倉競輪,3R,16:35,2-6,1-3,67.9,0.0665966720418746,3.521914031643285,0,0,6.059721811570114,1.8016638933610412,1.3265687971814266,9.0,0.6371988141758536,3-5,6-8%,50-80,5-10,9-12,Q2
8320260301030001,久留米競輪,1R,15:53,3-5,1-5,97.3,0.052527141360818,4.110890854407595,0,0,6.8451084553506,1.923534303097127,1.7428137307666465,14.0,1.1165416753614892,3-5,4-6%,80-120,5-10,13+,Q5
8320260301030002,久留米競輪,2R,16:14,4-7,1-5,169.0,0.0343202653063031,4.800124836765227,0,0,7.826175364701086,2.057473931527086,1.429649531404327,7.0,0.7666002000567369,3-5,2-4%,120-200,5-10,6-8,Q3
8320260301030003,久留米競輪,3R,16:38,5-6,4-7,162.5,0.0311801050070268,4.066767063641863,0,0,6.790395788027781,1.915509229745978,1.5926563816889874,3.0,0.8139993928786804,3-5,2-4%,120-200,5-10,1-3,Q3
8320260301030004,久留米競輪,4R,17:02,5-6,1-5,110.0,0.048409883224051,4.325087154645612,0,0,7.14645023485055,1.9666157627939411,1.691227099000442,10.0,1.0736525564143389,3-5,4-6%,80-120,5-10,9-12,Q5
8320260301030005,久留米競輪,5R,17:26,1-5,6-7,198.6,0.024482667482918,3.8622577621075287,0,0,6.512997999715646,1.873799872483252,1.3634839947043675,1.0,0.5798137820408807,3-5,2-4%,120-200,5-10,1-3,Q1
8320260301030006,久留米競輪,6R,17:51,3-6,3-7,64.9,0.0652126965295036,3.232304004764787,0,0,5.663580097410903,1.7340562183144723,1.5097131421922123,9.0,0.9313296608671676,3-5,6-8%,50-80,5-10,9-12,Q4
8320260301030007,久留米競輪,7R,18:17,1-7,1-4,87.7,0.0681974007696675,4.980912047499844,0,0,8.19225631282261,2.103189356008704,1.6159046765787164,6.0,1.0147810172158522,3-5,6-8%,80-120,5-10,6-8,Q4
8320260301030008,久留米競輪,8R,18:43,1-3,2-5,43.3,0.0838548639036375,2.630915607027504,0,0,4.887040892188745,1.5865869858091843,1.3743026456274856,10.0,0.7347108728050683,2-3,8-10%,20-50,3-5,9-12,Q3
8320260301030009,久留米競輪,9R,19:09,5-6,1-5,86.6,0.0564877905385623,3.891842660639503,0,0,6.555861424910416,1.8803595235359327,1.5361695278934415,9.0,0.9225596910656308,3-5,4-6%,80-120,5-10,9-12,Q4
8320260301030010,久留米競輪,10R,19:35,5-6,6-7,559.9,0.0342081945049224,18.153168103306086,0,0,25.620516317827537,3.2433934492154224,1.1628565345652444,3.0,0.5079990988285819,10+,2-4%,500+,10+,1-3,Q1
8320260301030011,久留米競輪,11R,20:02,6-7,2-5,41.2,0.0696826358964491,1.870924598933703,0,0,3.8503256468807288,1.3481577283424364,1.2643147834265365,12.0,0.670066000549314,1-2,6-8%,20-50,3-5,9-12,Q2
8320260301030012,久留米競輪,12R,20:30,1-3,4-5,96.3,0.046620336953038,3.489538448577563,0,0,6.040371119289883,1.7984654536716336,1.6659362888526783,8.0,1.061865615964496,3-5,4-6%,80-120,5-10,6-8,Q4
8320260307010001,久留米競輪,1R,20:40,1-3,1-5,58.5,0.070289644431253,3.1119441992283043,0,0,5.515409155447836,1.7075458395322138,1.835312657521884,8.0,1.2541102216359867,3-5,6-8%,50-80,5-10,6-8,Q5
8320260307010002,久留米競輪,2R,21:00,4-7,1-3,190.2,0.0373330543106832,6.100746929891944,0,0,9.6283322688634,2.264710030035908,1.2133806196333006,5.0,0.5542583409003701,5-10,2-4%,120-200,5-10,4-5,Q1
8320260307010003,久留米競輪,3R,21:20,5-6,1-2,223.2,0.0611644228232109,12.65189917414069,0,0,18.973387419032115,2.943037335182419,1.1136991265873024,9.0,0.5661842422496188,10+,6-8%,200-300,10+,9-12,Q1
8320260307010004,久留米競輪,4R,21:40,5-6,1-3,265.1,0.0499826653787696,12.250404591911837,0,0,4.966807436626604,1.6027772668466107,1.6483289188048538,6.0,1.00620765711459,10+,4-6%,200-300,3-5,6-8,Q4
8320260307010005,久留米競輪,5R,22:00,1-6,3-4,148.7,0.0493132569532409,6.33288130894693,0,0,10.0133398085311,2.30391818490546,1.4608964096682084,10.0,0.9962876858613562,5-10,4-6%,120-200,10+,9-12,Q4
8320260307010006,久留米競輪,6R,22:20,5-7,1-2,458.7,0.023448446740328,9.755802519788457,0,0,14.548723036311545,2.677503225981293,1.4787479156733565,2.0,0.7112973816687161,5-10,2-4%,300-500,10+,1-3,Q2
8320260307010007,久留米競輪,7R,22:40,6-7,1-4,230.7,0.0290496046624593,5.70174379562936,0,0,8.951693393568288,2.1918427204092765,1.4197709872092832,6.0,0.7218884476387974,5-10,2-4%,200-300,5-10,6-8,Q2
