race_id,競輪場,レース番号,開始時間,best_bet_distortion,best_odds_distortion,best_p_distortion,best_EV_distortion,market_prob,distortion_ratio,distortion_log,distortion_z,rank_gap,distortion_score
4720260226030003,松阪競輪,3R,21:37,1-7,94.5,0.0625080298475953,4.907008820597761,0.00792230435615178,7.8901323440277595,2.0656129083741392,2.973693203714079,13.0,2.164814917815171
8120260306010009,小倉競輪,9R,18:59,2-3,168.0,0.0550417896392549,8.247020659394837,0.004456171678199036,12.351810837132794,2.5138026788320267,2.810574649739198,12.0,2.0875368920464563
8120260226030006,小倉競輪,6R,23:03,1-7,383.2,0.059740130497341,21.89241800658108,0.009084241838211007,6.57623735196922,1.8834627507885424,2.666953817536792,12.0,1.9701095570735283
7320260301030005,小松島競輪,5R,22:36,4-6,201.0,0.024549687023047,3.934487091632451,0.0037102627990808763,6.616697615735431,1.8895963959360071,2.83370237242798,4.0,1.895517720816476
3820260301030005,静岡競輪,5R,22:18,1-7,273.7,0.0628605195251255,16.204924194026855,0.002719754101133837,23.112574580108927,3.1403768235539693,2.2890558195858763,14.0,1.820727804087499
3720260304020009,伊東競輪,9R,19:02,2-6,119.0,0.0564527829387692,5.717881169713536,0.006275080245338942,8.996344384871467,2.1968183153819867,2.521069879236523,14.0,1.815861419889634
8720260304010002,熊本競輪,2R,21:05,2-7,45.7,0.0561792032254154,1.567389587401487,0.016341075129014393,3.4379135264012413,1.2348647543646467,2.559475212700765,7.0,1.7909091796699732
7320260301030006,小松島競輪,6R,23:03,5-6,246.7,0.0255614407554731,5.306007434375217,0.003027919266872939,8.44191621179833,2.133209322190061,2.649682390687876,3.0,1.77392953081378
3720260304010008,伊東競輪,8R,18:46,1-3,108.7,0.0568681549334807,5.181568441269358,0.006831846699290503,8.32397994689526,2.1191404994753427,2.365511786104423,13.0,1.758812976295029
7520260305030008,松山競輪,8R,14:19,4-9,105.2,0.0549382027189588,4.77949892603447,0.007092842472061542,7.74558337191512,2.0471227934410354,2.2893049920964472,18.0,1.7485337433057015
8120260306030008,小倉競輪,8R,18:41,6-7,44.4,0.0587466408521201,1.608350853834135,0.01680307880409779,3.496183142002363,1.2516718425944868,2.464969192311052,9.0,1.7289506840468678
2420260304010001,宇都宮競輪,1R,20:49,1-6,116.2,0.0417859776672371,3.855530604932953,0.006415513114586345,6.513271333779835,1.8738418390581888,2.5485076236919766,9.0,1.7141833586089128
3720260304020012,伊東競輪,12R,20:30,6-7,155.6,0.03952552778341,5.150172123098596,0.004770748951360565,8.284973319305092,2.1144434305371553,2.453662563310384,9.0,1.7000043102951503
8120260226030005,小倉競輪,5R,22:36,2-3,95.2,0.0511203256172682,3.866654998763935,0.007818437135150439,6.538432774614377,1.8776974998620404,2.423190118925663,11.0,1.6929281191063335
8120260306010005,小倉競輪,5R,17:22,1-6,85.5,0.0474698211033737,3.058669704338457,0.008727836090876967,5.438899241881279,1.6935766951719446,2.48296861173896,11.0,1.668660430481312
2620260226030003,西武園競輪,3R,21:29,1-7,128.2,0.0629832873896223,7.074457443349584,0.00582340688988368,10.81553952347383,2.3809839447668804,2.397939769972198,15.0,1.6591218104102619
3820260301030007,静岡競輪,7R,23:12,2-7,161.8,0.051589258663545,7.347142051761587,0.004585104077261629,11.251491303792664,2.4205006802215934,2.173191221535619,9.0,1.6404156660586846
8720260304020006,熊本競輪,6R,22:45,1-3,21.0,0.0879294821088503,0.8465191242858578,0.03566529492455418,2.465407402136715,0.9023570685501604,2.397802491633367,6.0,1.6040365656561049
2620260226030002,西武園競輪,2R,21:05,6-7,180.7,0.0527525386689919,8.532383737486837,0.004132448735598316,12.765442968910461,2.546741751944266,2.0719206138585142,13.0,1.5987190653750898
8720260304010005,熊本競輪,5R,22:18,1-6,111.7,0.1037872913258461,10.59304044109701,0.023775997680126677,4.365212880561146,1.4736669579999941,2.184574833041466,7.0,1.590718058355145
3120260304030002,松戸競輪,2R,21:21,1-5,12.7,0.1121187271867768,0.4239078352720662,0.058495821727019504,1.9166963361602274,0.6506030457660296,2.3951395816248633,4.0,1.57701180624726
3720260304030012,伊東競輪,12R,20:30,3-7,57.5,0.0400223674291281,1.3012861271748686,0.012978740695840605,3.083686496554375,1.1261257957451118,2.431169385521013,9.0,1.5580348635278818
7520260305040011,松山競輪,11R,15:44,3-4,272.8,0.0401734204477772,9.959309098153623,0.00271853966759696,14.77757375102447,2.693110744493466,2.0354100840362177,22.0,1.5440832526333732
8120260306010001,小倉競輪,1R,15:54,6-7,537.5,0.0244431555270328,12.13819609578018,0.001378981550706118,17.72551307650997,2.875005018528735,2.2731318897292883,3.0,1.5283880149600857
8320260307020001,久留米競輪,1R,20:40,4-7,89.2,0.0459833649350592,3.101716152207289,0.008296296130033248,5.542637848117926,1.7124705333291268,2.3604501846400567,4.0,1.5146667176777866
7520260305040005,松山競輪,5R,12:56,3-4,132.9,0.0421313672946676,4.599258713461336,0.00561986951973106,7.496858626210051,2.0144840829852453,2.0392037811644306,24.0,1.5083492607808
2220260307020001,前橋競輪,1R,16:06,3-7,109.1,0.1023521276541612,10.166617127068989,0.006844988035394833,14.952857055403816,2.7049023889726462,1.9721896942132806,10.0,1.4987977640720593
8120260306030002,小倉競輪,2R,16:14,5-6,203.9,0.065080706549941,12.269956065532988,0.0036241774452965125,17.957373090670796,2.8880007877524676,1.8755559440613145,10.0,1.4861918942093904
4520260304020003,豊橋競輪,3R,09:30,5-7,144.0,0.0446615655591,5.431265440510414,0.005167540969799601,8.642711458210128,2.1567163597869468,1.941277899873287,11.0,1.482775707766236
5620260301030007,岸和田競輪,7R,23:21,3-6,130.3,0.0228682386092345,1.9797314907832604,0.005731524799332838,3.9899048518304423,1.3837673840021276,2.3584051679366165,3.0,1.4445085150717714
2620260226030005,西武園競輪,5R,22:18,2-3,36.0,0.0945232690113374,2.4028376844081474,0.020758881872483592,4.553389223341404,1.515871839935713,1.926082664503961,11.0,1.4388745854637384
4720260226030004,松阪競輪,4R,22:01,5-7,139.5,0.0296030776539711,3.1296293327289817,0.005339900931079926,5.543750348649354,1.7126712300000568,2.1966201689119664,4.0,1.4307663651272762
4420260228010010,大垣競輪,10R,15:18,2-6,251.2,0.0336330168290909,7.448613827467657,0.0029284054494888435,11.485095693793523,2.4410501682034336,1.927955835051268,19.0,1.4301675111386616
3620260303020005,小田原競輪,5R,10:20,5-6,215.9,0.0459506540333319,8.920746205796362,0.0034285216837663286,13.402468544241882,2.5954389097318025,2.00466091021412,10.0,1.4202021367906972
7520260305010010,松山競輪,10R,15:18,4-9,306.6,0.0383079634005557,10.745221578610384,0.002437834670649259,15.713930007665105,2.754547580631155,1.9433272399203054,21.0,1.41045014849929
5620260301030006,岸和田競輪,6R,22:54,2-5,49.8,0.0636899332017014,2.1717586734447307,0.014917584838524858,4.269453392545947,1.4514858079487511,2.0869716268986664,4.0,1.407574007741612
8320260307020009,久留米競輪,9R,23:20,1-7,42.0,0.0630538032397053,1.648259736067624,0.017857142857142856,3.5310129812257607,1.2615847933149547,2.1071797674748765,10.0,1.4029309948036204
2720260301030010,京王閣競輪,10R,19:48,5-6,198.2,0.0347271737093251,5.882925829188234,0.0037443799144226153,9.274479217850832,2.2272664579271013,2.136716959991593,6.0,1.3926132790460288
3720260304010011,伊東競輪,11R,20:04,5-6,555.7,0.0169289164725469,8.407398883794317,0.0013356111196438025,12.675034080568812,2.5396342383349757,2.276864456336576,0.0,1.3776129713949172
3720260304030009,伊東競輪,9R,19:12,1-6,297.0,0.0215713641279724,5.406695146007828,0.0025049353988999125,8.611545083691302,2.153103754615327,2.2225701174071495,1.0,1.3718026159399372
2620260304010002,西武園競輪,2R,11:32,6-7,127.0,0.0684400170577214,7.691882166330627,0.005816282251328114,11.766969704801818,2.4652964289032884,1.9731885468256887,10.0,1.3712480846372703
4520260304030002,豊橋競輪,2R,09:10,5-6,36.4,0.0764701578528476,1.783513745843655,0.020513728163748503,3.7277552494946558,1.3158062427216495,2.0776989926524645,10.0,1.35895583503717
2720260301030011,京王閣競輪,11R,20:16,2-6,49.7,0.057959078702502,1.8805662115143515,0.015012133909414478,3.860815460904836,1.3508784204836601,2.0895041573221502,9.0,1.3440769182082868
8120260306020001,小倉競輪,1R,15:53,1-6,109.8,0.0645994449888207,6.093019059772517,0.006698377641055238,9.644043444675043,2.2663404651640593,1.8882510187325543,13.0,1.3370074331041262
8120260306010008,小倉競輪,8R,18:34,2-6,123.0,0.054848009909357,5.746305218850917,0.006019671117998661,9.111462873154549,2.209533277230153,1.9822595719578777,10.0,1.3351616063017833
6220260228010005,広島競輪,5R,10:20,5-6,219.8,0.0461493500961391,9.143627151131389,0.0033617632218590856,13.727721745046152,2.6194172734072896,1.891352348522865,12.0,1.3334381034504417
3620260308010008,小田原競輪,8R,14:02,2-6,364.0,0.0340130451743056,11.38074844344726,0.0020319343732739473,16.73924394652715,2.817755899586145,1.8892544500636756,9.0,1.3322825471595872
2820260307020003,立川競輪,3R,09:31,1-2,71.7,0.0600603750976397,3.306328894500771,0.010351092621285573,5.802322256138606,1.7582582264241562,1.866600633465104,7.0,1.3252124265513845
8120260306010011,小倉競輪,11R,19:51,5-6,308.2,0.0625307066854588,18.271963800458423,0.002406666077221939,25.98229444928102,3.2574153233434617,2.044271360443317,11.0,1.32343257898166
8120260306010007,小倉競輪,7R,18:10,5-6,234.7,0.0416937915029769,8.7855328657487,0.0031681174975263216,13.16043092542216,2.577214670477916,1.949519331632659,8.0,1.3205577720559525
2620260304020006,西武園競輪,6R,13:15,3-4,44.6,0.092950818272775,3.1456064949657687,0.016695392842392447,5.567453197698325,1.7169377137841415,1.9353187773164702,8.0,1.3194395056894481
7520260227020003,松山競輪,3R,16:36,2-6,225.7,0.0493049885333013,10.128135911966112,0.003309132949669731,14.899669873742162,2.7013390566015576,2.00661645616274,9.0,1.3135559862081965
8320260307020003,久留米競輪,3R,21:20,1-2,78.7,0.0668955763822463,4.264681861282788,0.0434374136501796,1.5400451076448856,0.43181170669002017,2.066934898230075,4.0,1.3131636586027242
3720260304030006,伊東競輪,6R,17:58,2-7,267.0,0.0347320487468601,8.273457015411658,0.0027996082442595504,12.406038882643779,2.518183360755346,2.1113865392254185,5.0,1.311386579141776
2420260304020005,宇都宮競輪,5R,22:27,1-3,60.0,0.0804450184298004,3.826701105788025,0.012195121951219513,6.5964915107027196,1.8865379184136655,1.8700608245397778,10.0,1.3099457342645304
7520260305030009,松山競輪,9R,14:48,5-6,92.9,0.0498528401620713,3.631328851056432,0.008003488566212694,6.228888783111377,1.829197951438719,1.9230700393599347,12.0,1.3076271016477343
4520260304020006,豊橋競輪,6R,10:30,1-6,248.7,0.0353045738600725,7.780247519000049,0.00296222387101909,11.918266608258897,2.4780722323209674,1.826794869682883,5.0,1.3021208281365908
3720260304020011,伊東競輪,11R,20:00,5-6,188.2,0.0362443252164523,5.821182005736337,0.00396093740896479,9.150441288284453,2.213802106379886,1.9374386302804503,4.0,1.2981796780067243
3620260308010005,小田原競輪,5R,12:43,5-7,73.8,0.0708815278393522,4.231056754544193,0.010018166456264192,7.075299471387388,1.9566097707588919,1.899073205239375,10.0,1.29325877214821
2620260226030004,西武園競輪,4R,21:53,2-6,42.2,0.0512445690992516,1.1625208159884215,0.017677487555540244,2.898860425462008,1.064317703046973,2.0641036583377246,11.0,1.2917560224101132
8120260306030006,小倉競輪,6R,17:49,1-2,26.7,0.1064940453619762,1.8433910111647656,0.027897696103737896,3.817306094458825,1.3395449629750644,2.0341426935628633,12.0,1.291409287848368
8120260306030009,小倉競輪,9R,19:07,6-7,59.9,0.0542120825287649,2.247303743473019,0.012423085489411283,4.363817875245913,1.4733473336733816,2.042721026656795,12.0,1.291107466005689
8120260306030010,小倉競輪,10R,19:34,6-7,102.8,0.0619942333109662,5.373007184367331,0.007129974529422237,8.694874441198726,2.162733707372942,1.8237532834844383,12.0,1.2829383770242528
7320260301030007,小松島競輪,7R,23:30,2-6,27.0,0.0800372960081434,1.1610069922198738,0.0276387921334923,2.895831902446254,1.0632724281158938,1.8402869472959886,10.0,1.2819997728680774
3720260304020006,伊東競輪,6R,17:48,5-6,1287.7,0.023167797463908,28.833172794274383,0.0005763753303671315,40.19567841141851,3.6937594876858433,2.0545299006993982,0.0,1.276396054258657
7520260305040009,松山競輪,9R,14:44,1-5,145.0,0.031729541588086,3.6007835302724764,0.005145815878016453,6.166085677000677,1.8190642244687862,2.000245184249584,23.0,1.2744440442064922
8720260304010003,熊本競輪,3R,21:29,1-5,38.2,0.0895726435565851,2.421674983861554,0.019511692683744003,4.590716192789417,1.5240360451991453,1.7702935140924425,14.0,1.2646118936722595
8120260306010010,小倉競輪,10R,19:25,4-5,122.6,0.0558011175646127,5.84121701342152,0.006092216181899535,9.15941192652403,2.214781976481909,1.853023423658209,9.0,1.2633732429234863
4320260307010005,岐阜競輪,5R,22:10,1-7,152.9,0.0722349000962384,10.04471622471486,0.004861892881217598,14.857361494005342,2.698495465934292,1.8894101339378593,10.0,1.2632981640899987
7320260301030003,小松島競輪,3R,21:45,1-7,56.7,0.0710774308585011,3.0300903296770176,0.013135578332740384,5.4110621590166135,1.6884454061371679,1.9111389604878168,11.0,1.2625291348035077
2620260304030009,西武園競輪,9R,14:30,3-4,106.8,0.0510145239299876,4.448351155722681,0.006915537460921122,7.376798146331763,1.9983396889788496,1.7682243385083114,7.0,1.2555080763499218
8320260307010001,久留米競輪,1R,20:40,1-3,58.5,0.070289644431253,3.1119441992283043,0.012744230290931203,5.515409155447836,1.7075458395322138,1.835312657521884,8.0,1.2541102216359867
7520260305040006,松山競輪,6R,13:22,3-4,103.8,0.0412910936050508,3.286015516204277,0.007191674589277404,5.741513063017786,1.7477227754482452,1.8407454592566688,16.0,1.2534474411213004
3720260304010006,伊東競輪,6R,17:56,2-3,409.2,0.0239300398429368,8.792172303729771,0.0018129691815433628,13.199363824467236,2.5801686333565734,2.0144212709370266,0.0,1.2512128698223095
4320260307020001,岐阜競輪,1R,20:50,1-6,51.7,0.0860307616358647,3.447790376574209,0.014293694772604395,6.018791012295459,1.7948864106412563,1.857049527279031,9.0,1.2491076632283127
3620260303010005,小田原競輪,5R,10:13,6-7,387.5,0.030502488149888,10.819714158081627,0.0018943916277065257,16.1014690350563,2.778910512274118,1.7808485436326607,4.0,1.2488714125080747
3720260304010002,伊東競輪,2R,16:18,5-6,147.1,0.0656960614696834,8.66389064219044,0.005039532464181057,13.036142126990567,2.567725663584568,1.7853719367721106,13.0,1.2484687431338366
3620260308010011,小田原競輪,11R,15:28,4-5,173.7,0.0527793396274647,8.16777129329063,0.0042612457802341935,12.385894251839682,2.5165582647815667,1.8048727360104622,11.0,1.2425977804160155
8120260306010002,小倉競輪,2R,16:14,5-6,394.5,0.0561123785158423,21.136333324499816,0.0018729855981133993,29.958788013321502,3.3998227043546336,1.7098100198269586,12.0,1.2361076860967386
8120260226030001,小倉競輪,1R,20:57,1-6,67.6,0.0702363222420759,3.7479753835643335,0.010748821357614709,6.534327801976592,1.8770694805873884,1.7877079218751089,7.0,1.2351674328676103
2420260304030001,宇都宮競輪,1R,20:49,1-7,25.1,0.0724135578664632,0.8175803024482264,0.029604063218023276,2.446068207959067,0.8944819224006536,2.124608017732016,7.0,1.2274856072020244
3620260308010004,小田原競輪,4R,12:17,6-7,135.4,0.0668147748873133,8.046720519742232,0.005494418727809946,12.160481059983741,2.498191436624404,1.7499559955523738,14.0,1.2267313159004574
4720260226030002,松阪競輪,2R,21:13,1-6,25.8,0.0597496000936533,0.5415396824162573,0.029011709101196652,2.0594994897811554,0.7224629871715226,2.037960138666135,9.0,1.218771392205186
2620260304030003,西武園競輪,3R,11:52,5-6,253.1,0.0349292734781645,7.840599117323455,0.002935143011480922,11.900365103041647,2.4765690806033325,1.8877284807110595,7.0,1.2133175916150278
4720260226030007,松阪競輪,7R,23:21,1-7,48.5,0.0559293319320987,1.71257259870679,0.015350187979526418,3.643560066042961,1.2929612438186053,1.9049602081354235,15.0,1.2119369756913767
8320260307020002,久留米競輪,2R,21:00,1-3,12.0,0.0879781974049694,0.0557383688596337,0.0625,1.4076511584569877,0.3419224702727288,1.9709455577895414,3.0,1.2096961572268483
7520260305030012,松山競輪,12R,16:20,7-9,163.6,0.0424834526564389,5.950292854593412,0.004473848869769189,9.495951670163306,2.250865567823778,1.6074655627182055,17.0,1.2064508819330744
8120260226030002,小倉競輪,2R,21:21,2-4,21.5,0.0853578614630757,0.8351940214561275,0.034771504812768125,2.454822186161969,0.8980543293731466,1.8650565320784904,7.0,1.203669661758341
4320260307010007,岐阜競輪,7R,22:50,4-5,249.2,0.0434682237159282,9.83228135000932,0.0029865586651249337,14.554619070091235,2.6779084051220927,1.7915390667637883,9.0,1.2026536471734475
2620260304020007,西武園競輪,7R,13:41,4-5,124.3,0.0564673482383663,6.018891386028934,0.005965601588718824,9.465491013627641,2.247652660103399,1.7172667323474013,10.0,1.2021911414244775
4520260304030005,豊橋競輪,5R,10:13,6-7,94.7,0.0590567201856313,4.59267140157929,0.007834952021179129,7.537598190576526,2.019903588927546,1.8115003014497062,11.0,1.199712225327049
3120260304010002,松戸競輪,2R,21:21,3-7,24.7,0.0530046155507178,0.3092140041027318,0.030046042779653892,1.76411302938191,0.5676480311640392,2.0170378228821892,4.0,1.1981232109500666
2620260304030004,西武園競輪,4R,12:17,5-7,83.7,0.0595816498419882,3.98698409177442,0.008780958754991745,6.7853239603627875,1.9147620387168862,1.8040406715434376,6.0,1.1916110814571823
7520260227020001,松山競輪,1R,15:54,1-3,89.1,0.0527602567979645,3.700938880698637,0.008354456983705759,6.315222748115292,1.8429630280600309,1.835374718448395,9.0,1.190164051539242
2620260304010005,西武園競輪,5R,12:53,1-2,75.3,0.0526363210290086,2.963514973484349,0.009851542031941735,5.3429524893668905,1.675778400828369,1.8162919460622762,10.0,1.1834823453035601
4420260228040002,大垣競輪,2R,11:32,1-3,53.6,0.0575961452811307,2.087153387068607,0.013932950428728079,4.133808239081977,1.4191990739122318,1.8049050812514453,18.0,1.178614713837013
8120260306010012,小倉競輪,12R,20:17,1-6,98.2,0.0511637707575571,4.024282288392116,0.007591410788582563,6.739692025066989,1.9080142302895369,1.7198796387914292,9.0,1.1778428458324615
2620260226030006,西武園競輪,6R,22:45,4-5,92.2,0.0295720088606219,1.7265392169493432,0.008094785115919647,3.653217279209889,1.2956082257413764,2.065199472964902,4.0,1.1763310363352695
2620260304030007,西武園競輪,7R,13:35,2-3,115.3,0.0506166877389955,4.836104096306186,0.00638925042969451,7.922163685403309,2.0696643611372147,1.6975789997074657,12.0,1.1724368067231241
8720260304010004,熊本競輪,4R,21:53,1-5,55.5,0.0595868240342905,2.307068733903127,0.013431444720719075,4.436367439902924,1.489835897432313,1.738164098522829,4.0,1.1720170663223608
4320260307010009,岐阜競輪,9R,23:30,4-6,112.0,0.0346659252857637,2.882583632005538,0.006630097598169127,5.228569378844132,1.6541376993564307,1.9114129532928792,6.0,1.1695884151632414
2420260304010002,宇都宮競輪,2R,21:13,1-5,22.8,0.1263593528900939,1.8809932458941416,0.03267737614821056,3.8668757342424067,1.3524468771910592,1.600155603935592,7.0,1.1635745655530265
7520260305030010,松山競輪,10R,15:18,1-5,107.6,0.0455918598204002,3.9056841166750713,0.006903008488617815,6.604636208831374,1.887771858331201,1.714335775144296,17.0,1.1614815137828445
3620260303010001,小田原競輪,1R,08:50,4-7,145.0,0.0310088330443263,3.496280791427326,0.005113722227860136,6.063847752488945,1.8023445412776113,1.8533237558692555,6.0,1.1557047959023592
4520260304010005,豊橋競輪,5R,10:10,4-6,93.2,0.0783376545002807,6.301069399426165,0.00789276722860168,9.925245762535193,2.2950815882477285,1.6089996701558678,9.0,1.1526408376067585
8720260304020004,熊本競輪,4R,21:53,1-7,39.0,0.0959159478399181,2.7407219657568063,0.019030605922927595,5.040089013630454,1.6174237433723557,1.6962156231121177,9.0,1.1487178008838927
8720260304020005,熊本競輪,5R,22:18,1-2,11.6,0.1003900798827701,0.164524926640134,0.06424415413327478,1.5626336938447005,0.44637266303859363,1.8428195221752484,3.0,1.1446687106968128
3120260304020002,松戸競輪,2R,21:21,1-7,39.0,0.0767680851780439,1.9939553219437127,0.01910936700221805,4.017301314330089,1.3906103623679886,1.8371965889484374,5.0,1.1414277954523229
7520260305040008,松山競輪,8R,14:16,1-6,179.5,0.0460035730433472,7.257641361280838,0.004136362367908918,11.121746341455555,2.408902321608808,1.7946385163713068,22.0,1.139281411584203
4520260304020007,豊橋競輪,7R,10:50,1-5,96.3,0.0480627119229657,3.628439158181605,0.007699333820016936,6.2424507159007065,1.8313728482316294,1.7904906471673672,10.0,1.1317767151564602
2620260226030001,西武園競輪,1R,20:41,1-7,73.2,0.0676439891158407,3.951540003279545,0.010217389346454112,6.620476798478438,1.890167391309442,1.763205112840563,16.0,1.1295547421302057
3120260304010001,松戸競輪,1R,20:57,4-5,255.7,0.0393769685389855,9.068690855418604,0.002822378604225318,13.951696085735433,2.635601084108972,1.8941580798833269,3.0,1.1266954222149634
2420260304020003,宇都宮競輪,3R,21:37,1-5,16.1,0.1273462899254432,1.050275267799636,0.04599249219130584,2.768849519895057,1.0184318981533482,1.5216580455401911,3.0,1.126554561382047
3820260301030004,静岡競輪,4R,21:53,2-6,96.5,0.0309051494557386,1.982346922478782,0.00773216719332254,3.996958249742862,1.3855336343086568,1.8463464935772167,4.0,1.1248466230438967
3120260304030004,松戸競輪,4R,22:09,1-2,11.2,0.075814163863348,-0.1508813647305025,0.06666666666666667,1.1372124579331617,0.12858005566625555,1.900163452751647,4.0,1.122269031528815
2420260304010007,宇都宮競輪,7R,23:21,2-7,134.2,0.047282907880162,5.345366237517742,0.005410393302759863,8.739273695186546,2.167827084998257,1.782191495765505,8.0,1.1220630134547502
4420260228040004,大垣競輪,4R,12:26,3-6,168.7,0.0259541065266929,3.3784577710530943,0.004419918516137127,5.872078054394521,1.7702085839045163,1.7735039226025135,14.0,1.1207785871000682
3120260304020007,松戸競輪,7R,23:30,1-6,429.0,0.0685713149814643,28.417094127048188,0.02855962062593497,2.4009883001314716,0.875880444326988,1.823425387402403,5.0,1.119772247753228
8320260307010009,久留米競輪,9R,23:20,3-4,59.6,0.0495065921281022,1.9505928908348928,0.012515487984607155,3.9556261957212464,1.3751389188513585,1.7713719179504264,12.0,1.1190601764070363
4320260307020005,岐阜競輪,5R,22:10,1-7,17.2,0.0729352365086494,0.2544860679487704,0.04341203351104341,1.6800695707658024,0.51883520374158,1.8922973729768242,3.0,1.11743333291394
8320260301030001,久留米競輪,1R,15:53,3-5,97.3,0.052527141360818,4.110890854407595,0.0076736755446020904,6.8451084553506,1.923534303097127,1.7428137307666465,14.0,1.1165416753614892
2720260301030007,京王閣競輪,7R,18:30,1-2,140.6,0.0489981082351708,5.889134017865028,0.0052714813991775085,9.294940931314082,2.2294702662854133,1.6688172155523597,8.0,1.11239469060511
5620260301030004,岸和田競輪,4R,22:01,1-7,36.0,0.1062854939928342,2.826277783742033,0.020755120117650617,5.1209288785240865,1.6333358441926549,1.6594617525391497,8.0,1.1108266011003323
3120260304020001,松戸競輪,1R,20:57,1-6,111.0,0.1210536047305194,12.436950125087662,0.006565154482907959,18.43880521429273,2.9144574228863886,1.6928195497955223,10.0,1.1074348383774264
4720260226030006,松阪競輪,6R,22:54,1-6,48.0,0.0445928450793943,1.14045656381093,0.01561631314353308,2.855529641771128,1.049257339680061,1.8069754069526736,8.0,1.1068712126319986
3720260304030005,伊東競輪,5R,17:34,1-6,505.1,0.0237830650516205,11.012826157573546,0.0014632935163140137,16.25310627718499,2.788284046068981,1.7881093405265482,2.0,1.1033185754406483
2220260307010011,前橋競輪,11R,20:16,3-4,56.8,0.0808389719042218,3.5916536041598004,0.013149400516483277,6.147730597812374,1.816083005244619,1.5807166088649078,9.0,1.0980142708520915
8720260304030004,熊本競輪,4R,21:53,1-7,20.6,0.143686340523209,1.9599386147781068,0.12480974124809742,1.151242996621853,0.14084222529405785,1.7321384201035763,1.0,1.0971169207786997
3120260304010005,松戸競輪,5R,22:36,1-5,42.0,0.0826080759712128,2.469539190790939,0.017734939759036145,4.6579281964837325,1.5385707562596342,1.6938849936476537,3.0,1.0968041206130823
3620260303010004,小田原競輪,4R,09:52,5-6,392.7,0.0283696326534712,10.140754743018157,0.0018826927687986483,15.06864694471913,2.712616223952596,1.718730510802101,4.0,1.0960109082772727
3120260304010007,松戸競輪,7R,23:30,1-5,66.0,0.0667340243147872,3.404445604775961,0.011253071698660693,5.930294065112851,1.7800738011901902,1.8042282233177713,6.0,1.0945045686693113
7520260305040007,松山競輪,7R,13:48,5-7,93.0,0.0436339872311919,3.057960812500853,0.008039105851090186,5.42771646921989,1.6915185057786168,1.669325266697768,16.0,1.0936255716165666
2620260304020010,西武園競輪,10R,15:04,2-6,119.1,0.0683532556243033,7.140872744854525,0.006152509364415966,11.109817403696386,2.407829168220251,1.5546236166990017,10.0,1.0906491901767583
2420260304030002,宇都宮競輪,2R,21:13,1-7,37.5,0.049295652190113,0.8485869571292401,0.019940045713853292,2.472193539325378,0.9051058291583776,1.8767613708911646,8.0,1.0877072853687262
4520260304020002,豊橋競輪,2R,09:10,6-7,192.1,0.0348264803462703,5.690166874518524,0.0038876071184865127,8.958333307834431,2.1925841949620417,1.6616395567020814,5.0,1.0824717598207108
8320260301030004,久留米競輪,4R,17:02,5-6,110.0,0.048409883224051,4.325087154645612,0.006773976117657373,7.14645023485055,1.9666157627939413,1.691227099000442,10.0,1.0736525564143387
8120260226030007,小倉競輪,7R,23:30,6-7,121.5,0.0421807714477969,4.124963730907324,0.006122070383583338,6.8899520583783165,1.9300641268796843,1.7684740777488936,8.0,1.073149410319775
8720260304010001,熊本競輪,1R,20:41,2-7,123.3,0.0554492056923591,5.8368870618678805,0.006058721025190529,9.151965481273074,2.2139686629343203,1.6916896264513066,11.0,1.0730843383782185
3720260304010005,伊東競輪,5R,17:31,1-6,43.6,0.0567732476681311,1.4753135983305188,0.017102325116398018,3.31962158820009,1.1998507969920549,1.7660170955026888,12.0,1.0680186927834086
2620260226030007,西武園競輪,7R,23:12,1-7,113.0,0.0351390914909437,2.970717338476645,0.006596330505760383,5.327066534178463,1.6728007178756465,1.7083917645425375,5.0,1.066355903690146
3720260304020001,伊東競輪,1R,15:54,4-5,129.7,0.0273842513488109,2.5517373999407806,0.005735115330462527,4.77483882470199,1.5633602194104201,1.7925595132415812,4.0,1.064560220862308
6220260228010003,広島競輪,3R,09:40,6-7,93.5,0.0581936532244257,4.441106576483808,0.007986032408687387,7.286929258367947,1.9860822307355976,1.597850211635255,12.0,1.0622986690513256
8320260301030012,久留米競輪,12R,20:30,1-3,96.3,0.046620336953038,3.489538448577563,0.007718124602992671,6.040371119289883,1.7984654536716336,1.6659362888526785,8.0,1.0618656159644961
2820260307020001,立川競輪,1R,08:50,2-7,76.4,0.0826811218421533,5.316837708740514,0.009612449632108267,8.601462166040776,2.151932208126979,1.550731511312356,8.0,1.0608771072090912
7520260305030007,松山競輪,7R,13:50,4-5,213.4,0.0226587040712047,3.835367448795092,0.0035041362937425088,6.4662736164689365,1.8665999946396565,1.7468632579090124,15.0,1.0590934476635085
2720260301030002,京王閣競輪,2R,16:26,4-6,193.7,0.030528581521699,4.9133862407531135,0.00383737304493709,7.9555938805641695,2.073875314040884,1.759150018607514,3.0,1.0555822526088363
4320260307020006,岐阜競輪,6R,22:30,1-2,11.2,0.1081819373105043,0.2116376978776484,0.06654676258992806,1.6256528957766627,0.4859095171145712,1.6467082692822683,3.0,1.0526200456853194
8120260306030007,小倉競輪,7R,18:15,5-6,17.2,0.1107476992416194,0.9048604269558536,0.042947961462250724,2.578648566041554,0.947265450093526,1.6383332060116362,5.0,1.0524449507415032
4420260228010001,大垣競輪,1R,11:18,3-4,271.3,0.0208450290137028,4.655256371417571,0.0027369938718200116,7.61603057307012,2.0302553118501616,1.753282610966536,10.0,1.052063546862172
3620260308010009,小田原競輪,9R,14:30,6-7,231.2,0.0297716007028093,5.883194082489516,0.0032107138459954603,9.272579906387215,2.227061647944766,1.8143386273104563,6.0,1.0515802430400965
6220260228010007,広島競輪,7R,11:00,1-2,59.0,0.0611732797506817,2.6092235052902257,0.012606091253492333,4.852676259096717,1.5795303587761147,1.6620714739227271,17.0,1.0506178074489014
7520260305010003,松山競輪,3R,12:10,5-7,120.6,0.0373427959378145,3.5035411901004325,0.006169233032963885,6.053069438652867,1.800565488645329,1.6942085693939144,11.0,1.049503163164569
5620260301030001,岸和田競輪,1R,20:49,4-7,87.7,0.0538592691837423,3.723457907414203,0.008524913096980433,6.317867239784727,1.84338168916482,1.6030391007137141,10.0,1.0473641420483624
2220260307020009,前橋競輪,9R,19:20,1-6,191.2,0.0295845390567599,4.656563867652499,0.0039001183221031178,7.585549105397666,2.0262450038063164,1.7506080110229139,1.0,1.0454944308814986
4420260228040007,大垣競輪,7R,13:50,5-6,415.4,0.0145680378107674,5.051562906592812,0.0017979758198924812,8.102465918332596,2.092168449778348,1.8422770081956383,8.0,1.0394308510648527
2820260307020006,立川競輪,6R,10:34,2-3,244.3,0.030434795304071,6.435220492784567,0.0030583864622438567,9.951258832015148,2.297699058981329,1.7076075717085204,2.0,1.0391202205731354
3720260304020002,伊東競輪,2R,16:14,1-6,184.3,0.0595040071461248,9.966588517030813,0.004004670105837531,14.85865391122437,2.6985824504943836,1.6358017343311657,12.0,1.0351670031741143
3720260304030007,伊東競輪,7R,18:22,4-6,203.2,0.0417789324084362,7.489479065394246,0.0036732661180598667,11.373783182125958,2.4313109861390143,1.7784167253545409,10.0,1.0303577894660974
2620260304010001,西武園競輪,1R,11:05,1-6,132.9,0.0509470761029548,5.770866414082703,0.005606014698158231,9.087931237605341,2.206947295685176,1.6527655357152675,9.0,1.0297217731313477
7320260301030001,小松島競輪,1R,20:57,4-7,148.5,0.0383343895106052,4.692656842324886,0.004976600319433264,7.702927107328522,2.0416004004582717,1.6536201560051345,8.0,1.027280178428461
2620260304010007,西武園競輪,7R,13:48,5-6,135.7,0.0629282035056713,7.5393572157196065,0.005420022483175333,11.610321486562235,2.45189448583002,1.4842973646390782,11.0,1.0272110490205015
3120260304030007,松戸競輪,7R,23:30,1-5,132.0,0.0658529985148007,7.692595803953692,0.005584728372888018,11.791620667301078,2.4673891662965994,1.612358928360184,9.0,1.022940331962952
4520260304020004,豊橋競輪,4R,09:50,5-6,251.9,0.0323270022505057,7.143171866902391,0.0029369056527521037,11.007164022857078,2.3985463356470937,1.7159838128625522,5.0,1.022830888851928
2420260304030003,宇都宮競輪,3R,21:37,1-2,33.7,0.0877619614952867,1.957578102391163,0.02203291822902074,3.9832200428042936,1.3820905481793502,1.6124036772659895,9.0,1.0197037297770841
7520260227020004,松山競輪,4R,17:00,5-6,206.5,0.0331767280739419,5.850994347269019,0.0035880814836271057,9.246369742740058,2.22423101427748,1.6514417189563293,5.0,1.0180857107533234
8320260301030007,久留米競輪,7R,18:17,1-7,87.7,0.0681974007696675,4.980912047499844,0.008324617560455466,8.19225631282261,2.103189356008704,1.6159046765787164,6.0,1.0147810172158522
2220260307010004,前橋競輪,4R,17:14,4-6,490.9,0.0176880000335737,7.683039216481371,0.0014996703070406868,11.794592410569896,2.467641156199546,1.684806187926385,4.0,1.0130295359611863
2620260304020008,西武園競輪,8R,14:08,6-7,94.9,0.080759307127598,6.664058246409054,0.0077503531400724855,10.420080950843307,2.3437348051023696,1.672540704069013,13.0,1.0124024490964008
7520260227020009,松山競輪,9R,19:02,4-6,58.0,0.0625396385901019,2.627299038225914,0.012746802998469415,4.906299924201003,1.5905200781461255,1.619867443864925,9.0,1.0066822208164345
8320260307010004,久留米競輪,4R,21:40,5-6,265.1,0.0499826653787696,12.250404591911837,0.010063338676111516,4.9668074366266035,1.6027772668466107,1.6483289188048538,6.0,1.0062076571145901
5520260228010010,和歌山競輪,10R,15:04,5-6,284.5,0.0266042831257861,6.568918549286157,0.0025930199221412837,10.259960939118683,2.328249032669522,1.653355716473454,3.0,0.9991288716086181
4320260307020002,岐阜競輪,2R,21:10,1-4,15.7,0.0847520256286891,0.3306068023704194,0.047373215912541754,1.7890283358293715,0.5816726433337807,1.6668693649857351,5.0,0.9985222012546052
2620260304010004,西武園競輪,4R,12:26,5-7,131.9,0.0552919431979921,6.293007307815161,0.005476840822382255,10.095590684676175,2.3120987626690286,1.5868277045005943,8.0,0.9984604995899243
8320260307010005,久留米競輪,5R,22:00,1-6,148.7,0.0493132569532409,6.33288130894693,0.004924756163893886,10.0133398085311,2.30391818490546,1.4608964096682084,10.0,0.9962876858613562
4320260307020009,岐阜競輪,9R,23:30,2-3,48.7,0.0630035474097027,2.068272758852522,0.015289121516977927,4.120808859790871,1.4160494692999976,1.6102932375222438,2.0,0.9946932875615944
8120260306020010,小倉競輪,10R,19:35,6-7,232.1,0.0327246975845103,6.595402309364845,0.0031926526777315348,10.250002389082946,2.327277938696211,1.71325860669439,6.0,0.994307717029422
5320260227020001,奈良競輪,1R,08:50,4-5,78.5,0.0679736316915564,4.335930087787182,0.009443269839672763,7.198103288205284,1.9738175591386553,1.5079658219343028,12.0,0.9888474508800211
7520260305020003,松山競輪,3R,12:04,1-8,162.8,0.033526693878321,4.458145763390662,0.004561222031879333,7.350375324122695,1.9947513764573137,1.6166818589680183,18.0,0.9881137296260855
4320260307010004,岐阜競輪,4R,21:50,5-6,199.0,0.0408926450892186,7.137636372754507,0.003757267756143789,10.883612170431126,2.387258187310871,1.5779463592632996,5.0,0.9869508933437472
5520260228010003,和歌山競輪,3R,11:57,1-6,129.5,0.0573158754233961,6.422405867329806,0.0057430195604948045,9.98009406196029,2.3005925153425255,1.4579551305512646,12.0,0.9845371451316404
3720260304020010,伊東競輪,10R,19:30,5-6,67.4,0.0515108827820329,2.47183349950902,0.011064120714350329,4.655668905579351,1.5380855965753775,1.6598538822278788,10.0,0.9821810161076268
2420260304010004,宇都宮競輪,4R,22:01,2-6,123.0,0.0423207150296303,4.205447948644535,0.00606585321605179,6.976877533182314,1.94260147189308,1.613924791393774,7.0,0.9747273957291275
2220260307020010,前橋競輪,10R,19:48,4-5,57.0,0.0621974813607188,2.5452564375609725,0.013092178843316617,4.750735694977085,1.558299489222541,1.6932144641820068,11.0,0.9745281531321459
2620260304030012,西武園競輪,12R,16:02,2-6,240.7,0.0316627767354468,6.621230360222065,0.0030869869571283153,10.256854714619331,2.327946234746383,1.5957740606126904,7.0,0.9731547339264071
4420260228010005,大垣競輪,5R,13:02,3-8,177.6,0.0285715956698309,4.074315390961977,0.004186101924461256,6.825346391125597,1.920643093096595,1.7004109863182224,9.0,0.9718206779987055
8720260304010007,熊本競輪,7R,23:12,1-7,120.7,0.047239666547101,4.701827752235099,0.022697303610607338,2.081289802324483,0.7329877988249114,1.7737441703075427,5.0,0.9702456563038274
3120260304030001,松戸競輪,1R,20:57,4-5,56.2,0.0783929921324875,3.405686157845801,0.013263178174071376,5.910573702450139,1.77674289989208,1.638301758002752,9.0,0.9675346302184205
8120260306030011,小倉競輪,11R,20:02,1-4,32.7,0.0677248897417694,1.2146038945558617,0.022735972570392955,2.9787549016919024,1.09150539499753,1.5747830820069941,8.0,0.966014885256221
5320260227020004,奈良競輪,4R,09:50,3-4,80.8,0.0712644137024959,4.758164627161674,0.009226504802005302,7.7238797598938325,2.0443167973816894,1.4797161927055613,18.0,0.9648065296550696
4320260307010002,岐阜競輪,2R,21:10,6-7,313.0,0.0213513821423184,5.682982610545682,0.002377556051221089,8.980390650463173,2.1950433836934966,1.6758062194783658,2.0,0.962743333280272
3620260303020002,小田原競輪,2R,09:20,5-6,146.5,0.0346383711001492,4.0745213661718696,0.005055217955710361,6.852003493572375,1.9245410903523141,1.7513532754279153,5.0,0.9623829358750132
3720260304010004,伊東競輪,4R,17:06,4-6,333.5,0.0335728211720146,10.196535860866868,0.002198122381055545,15.273408544532185,2.7261133127222723,1.6079354542430102,6.0,0.9549729108225247
4720260226030005,松阪競輪,5R,22:27,1-7,26.0,0.0735096744027731,0.9112515344721022,0.02873404784637521,2.5582777196317656,0.9393342663277913,1.641662888427135,12.0,0.9538337628813435
3120260304020006,松戸競輪,6R,23:03,2-4,15.7,0.0764372076278311,0.2000641597569485,0.04743083003952569,1.6115511274527956,0.4771971484060548,1.5743872532519607,3.0,0.9522178720560176
2620260304020011,西武園競輪,11R,15:33,1-6,242.7,0.0285940431653101,5.939774276220774,0.0030431839433070823,9.396094251483316,2.2402940978033925,1.6177772374781734,5.0,0.9516592948121798
2820260307010004,立川競輪,4R,09:52,5-6,203.3,0.0384973332554552,6.82650785083405,0.003637841089517161,10.582466990052707,2.3591985741383006,1.6318607225545634,7.0,0.9446304064559433
2820260307020005,立川競輪,5R,10:13,2-3,123.0,0.0406848755930311,4.004239697942836,0.006029652765683447,6.747465760853327,1.9091669915761662,1.6734190933810853,8.0,0.9404136968587689
7520260227020010,松山競輪,10R,19:30,5-6,169.3,0.0359296080054301,5.082882635319318,0.004397267442859758,8.170894416622616,2.100578378626517,1.5156192066112628,4.0,0.9371907873326909
3720260304010007,伊東競輪,7R,18:21,2-3,346.1,0.0264811345981176,8.165120684408523,0.002147706887780614,12.32995747066425,2.512031867951315,1.6289397998640913,1.0,0.936572487301835
3620260303030007,小田原競輪,7R,11:00,6-7,98.5,0.040235025046261,2.9631499670567147,0.007549035479028258,5.329823280431898,1.6733180820116518,1.5886918400026253,7.0,0.9364127371302114
3120260304010004,松戸競輪,4R,22:09,1-4,27.0,0.0710729141478037,0.918968681990702,0.02711864406779661,2.620813709103619,0.9634848455620829,1.5646670262741194,5.0,0.9319080697357124
8320260301030006,久留米競輪,6R,17:51,3-6,64.9,0.0652126965295036,3.232304004764787,0.011514394676549538,5.663580097410903,1.7340562183144723,1.5097131421922125,9.0,0.9313296608671677
7320260301030004,小松島競輪,4R,22:09,1-6,23.0,0.0646898103071398,0.4878656370642174,0.03247830976625754,1.9917850026898796,0.6890312229763963,1.7170466805016613,7.0,0.9300693399108935
7520260305020011,松山競輪,11R,15:44,1-5,159.6,0.055741609199029,7.89636082816504,0.0045672819336412184,12.204547474122103,2.5018086260859462,1.4513451616910564,15.0,0.9262867964175238
8320260307020007,久留米競輪,7R,22:40,1-2,9.3,0.1053141291915882,-0.020578598518229,0.08005136986301369,1.3155818491362399,0.2742790386039114,1.5445369086455196,3.0,0.9238332070973998
7520260227020006,松山競輪,6R,17:48,6-7,107.7,0.0600433089869168,5.466664377890947,0.006925700318778124,8.669637179571232,2.1598269421331424,1.4317803448343103,12.0,0.9226024019431948
8320260301030009,久留米競輪,9R,19:09,5-6,86.6,0.0564877905385623,3.891842660639503,0.008616379583218285,6.5558614249104155,1.8803595235359327,1.5361695278934417,9.0,0.9225596910656308
3620260303010007,小田原競輪,7R,10:55,3-4,85.1,0.0512451018652567,3.36095816873335,0.008749453380440229,5.856948957972659,1.7676288123841593,1.6222886041274147,9.0,0.9217026331445878
7520260227020002,松山競輪,2R,16:14,4-6,112.0,0.0770653844655376,7.631323060140211,0.0065033281069600745,11.85014552336819,2.4723401479717237,1.4748945161193456,12.0,0.921450268059474
2420260304030005,宇都宮競輪,5R,22:27,1-6,30.0,0.0865588236612568,1.596764709837707,0.02460202604920405,3.518361596911604,1.2579954258407184,1.4800519101040088,5.0,0.9213523290321745
8720260304030005,熊本競輪,5R,22:18,1-4,18.0,0.0859587092796841,0.5472567670343143,0.041666666666666664,2.0630090226629063,0.7241656076553659,1.4889431044528638,6.0,0.9114268181955383
3620260303030006,小田原競輪,6R,10:40,3-7,73.9,0.0667867595725692,3.935541532412868,0.009752650588462555,6.848062376471304,1.9239657475266134,1.5034237536390658,10.0,0.9078156510896577
5520260228010002,和歌山競輪,2R,11:31,3-6,128.1,0.0415132654804811,4.317849308049637,0.005795034556001527,7.163592394858976,1.9690115862972222,1.6010186627432106,8.0,0.9049253536063526
4420260228010011,大垣競輪,11R,15:48,1-6,204.3,0.0342479458100738,5.99685532899808,0.003549286859889661,9.649247060714965,2.266879887539624,1.6317521535447077,13.0,0.9040836021671917
4720260226030001,松阪競輪,1R,20:49,1-6,132.5,0.0753000120232224,8.977251593076971,0.02104788660269494,3.5775569035042,1.274680138276327,1.4861318781215063,10.0,0.9031421364072069
7520260305040002,松山競輪,2R,11:40,5-6,125.5,0.0368431254668551,3.6238122460903206,0.005932291696063412,6.210605841431076,1.8262584502205736,1.5575827050844169,12.0,0.9000840643747761
2620260304030005,西武園競輪,5R,12:43,3-7,122.1,0.0577201610765094,6.047631667441803,0.006009672377291811,9.604543716061237,2.2622362902746014,1.5111590557750723,7.0,0.8988351971902083
7520260305010009,松山競輪,9R,14:50,7-8,403.8,0.0208409056121019,7.41555768616678,0.0017983344596732178,11.58900419686112,2.4500567345419535,1.5494712459911848,12.0,0.8977172636972762
3620260303020004,小田原競輪,4R,10:00,6-7,267.2,0.0420309152968606,10.230660567321172,0.002797312342689431,15.025463778358477,2.709746347080729,1.5771537065128574,5.0,0.8940428141069393
5520260228010012,和歌山競輪,12R,16:04,2-6,40.8,0.0697848298335655,1.847221057209473,0.0183224728328844,3.8087015036807665,1.3372883183808848,1.5400553286569918,9.0,0.8938672898747656
2220260307010010,前橋競輪,10R,19:48,6-7,325.2,0.0289703934522391,8.421171950668175,0.0022418366543509763,12.922615652255704,2.5589789277637576,1.5670864294061546,3.0,0.8931171684747018
2220260307010008,前橋競輪,8R,18:56,5-6,82.5,0.0648422632849974,4.34948672101229,0.008910775821513528,7.276837009092981,1.9846962910386938,1.398980058074543,6.0,0.8919317754731949
2620260304010008,西武園競輪,8R,14:16,6-7,203.7,0.0417569821704536,7.50589726812141,0.0036707982773127278,11.375449971510578,2.4314575220135635,1.5952562750586354,9.0,0.8900967470647831
2620260304010012,西武園競輪,12R,16:10,4-6,146.6,0.0367721981318003,4.390804246121935,0.005085701558595407,7.230506489792081,1.978309087657358,1.6149153261138276,8.0,0.8892018040818515
6220260228010001,広島競輪,1R,09:00,1-6,92.3,0.0583602499870231,4.386651073802235,0.008093305296410478,7.210929013847526,1.9755977937551308,1.5517861573524256,12.0,0.8888880515576154
8120260306010003,小倉競輪,3R,16:35,2-6,219.9,0.0552431219970001,11.147962527140333,0.003399886241366594,16.248520703018123,2.78800187098961,1.376677699719098,7.0,0.8803328265694446
3620260308010006,小田原競輪,6R,13:09,3-6,181.9,0.0468060267410443,7.51401626419597,0.004059645964577233,11.529583401588331,2.4449162019573145,1.4613695931542035,8.0,0.8769402609641955
3720260304030010,伊東競輪,10R,19:38,5-6,78.6,0.0350312625064926,1.7534572330103253,0.009509758469092291,3.683717374806536,1.3039223985423751,1.6908638691627933,3.0,0.8761994313519423
8720260304020003,熊本競輪,3R,21:29,1-2,21.0,0.0760649544373364,0.5973640431840663,0.03561643835616438,2.1356698745267897,0.7587803560423682,1.5278628440257562,6.0,0.8734261816900298
5520260228010011,和歌山競輪,11R,15:33,2-6,245.2,0.023727098231209,4.817884486292469,0.0029950273008080446,7.922164254357672,2.069664432977654,1.5639109497828738,3.0,0.8729833027699256
3620260303030003,小田原競輪,3R,09:40,5-7,124.3,0.0474570944424177,4.898916839192526,0.005903584791605049,8.038691085095182,2.084266269597234,1.4863586502463433,7.0,0.8725959608336247
8720260304030007,熊本競輪,7R,23:12,2-3,52.5,0.0561751693637162,1.949196391595101,0.014278707286500627,3.934191536574962,1.3697054062867522,1.5991313482947136,6.0,0.8715714271164438
8120260226030003,小倉競輪,3R,21:45,6-7,231.7,0.0418684323502378,8.700915775550099,0.0031618583858054644,13.24171649336229,2.5833721866433907,1.5681134951086013,10.0,0.871105499738673
3720260304030004,伊東競輪,4R,17:10,1-5,130.8,0.0383664064585308,4.018325964775834,0.005711472143178452,6.717428622607681,1.9047054358883881,1.510598287140639,8.0,0.8674865349709807
8320260307020008,久留米競輪,8R,23:00,1-7,12.0,0.0625094273547721,-0.2498868717427343,0.0625,1.0001508376603512,0.0001508263014927878,1.6093964531535963,2.0,0.8674780408225276
4420260228040005,大垣競輪,5R,12:54,7-9,89.1,0.0389535531566037,2.470761586253393,0.008388307436423294,4.643791783646091,1.5355312272933155,1.5105419287743516,12.0,0.8662243115056647
2420260304010006,宇都宮競輪,6R,22:54,1-4,43.1,0.1015466327583173,3.3766598718834784,0.06445086463699451,1.5755666479989223,0.4546149840906477,1.544689442383153,4.0,0.8656731093734966
5520260228010005,和歌山競輪,5R,12:49,3-4,77.3,0.0541622459899862,3.1867416150259382,0.00950967399266946,5.695489248742041,1.739674501698634,1.48232532153413,9.0,0.8656136597266869
2420260304020004,宇都宮競輪,4R,22:01,1-6,19.5,0.0841925373093201,0.6417544775317419,0.03796998663928377,2.217344401696394,0.7963102644072073,1.5419911511348814,2.0,0.8637659320491871
2220260307020008,前橋競輪,8R,18:54,5-7,198.0,0.0201176294496109,2.9832906310229763,0.00378163228282923,5.319826979380464,1.6714407802015419,1.771624726491255,0.0,0.8631077130935964
2720260301030006,京王閣競輪,6R,18:04,2-6,244.3,0.031583294408532,6.715798824004382,0.0030104214681511707,10.491319814244262,2.3505482309454995,1.5794482341268075,3.0,0.860414345244747
3720260304010012,伊東競輪,12R,20:30,1-5,69.0,0.0304924516210316,1.1039791618511807,0.010822323473745126,2.817551304226722,1.0358681759298511,1.7369927724875012,5.0,0.8575568858457094
7520260227020008,松山競輪,8R,18:36,4-6,107.3,0.0411758795482829,3.4181718755307555,0.006900259103148544,5.967294695285762,1.7862936748569858,1.4524893169507085,6.0,0.854385260419435
2620260304030006,西武園競輪,6R,13:09,2-6,160.8,0.0349108962774248,4.6136721214099135,0.004616064555432722,7.562913354141609,2.0232564802907786,1.5056524534269697,4.0,0.8508556446686496
2620260304030008,西武園競輪,8R,14:02,4-7,112.3,0.0637174337514594,6.155467810288898,0.0065748297473147985,9.691115388621412,2.271209526478918,1.4600560761224954,10.0,0.8506041764298747
8120260306030004,小倉競輪,4R,16:58,4-6,173.3,0.0322068795278371,4.581452222174172,0.00431954059966575,7.456089085694253,2.0090310255315673,1.5964021079287836,3.0,0.8475189013510067
3720260304020008,伊東競輪,8R,18:36,4-5,68.5,0.0353175628438914,1.4192530548065672,0.010849823221156275,3.2551279519255103,1.1802315842635698,1.5956115586661694,4.0,0.8455817636347117
4420260228040010,大垣競輪,10R,15:18,1-4,141.9,0.0212215882089587,2.011343366851248,0.005257806687284262,4.036205487783684,1.3953050149648443,1.6868902341879666,17.0,0.8428602550349134
3120260304010006,松戸競輪,6R,23:03,3-4,177.7,0.0618248544966642,9.986276644057243,0.029387419958107737,2.103786401892129,0.7437387697248862,1.5175784695030965,4.0,0.8417323842728441
3120260304030006,松戸競輪,6R,23:03,1-6,171.7,0.082007247678162,13.080644426340422,0.041640370300378794,1.9694168684049043,0.6777374930578663,1.5940545697618778,2.0,0.8400152367182497
5320260227020006,奈良競輪,6R,10:30,3-6,78.1,0.0610719248053796,3.769717327300148,0.009478437069161754,6.443248433608831,1.8630328281147261,1.4612637141176512,4.0,0.8392366713376187
4420260228010004,大垣競輪,4R,12:36,3-8,135.6,0.0400892345694331,4.436100207615139,0.005482361856060647,7.312402138834161,1.9895718297698362,1.4720723508808935,17.0,0.8377111294824635
2220260307020007,前橋競輪,7R,18:28,5-6,27.1,0.0651436099502339,0.7653918296513398,0.027529448521878486,2.3663245522733947,0.8613379295679363,1.6064256710767335,5.0,0.8375226078970953
7520260305020004,松山競輪,4R,12:30,4-5,173.6,0.0301095886560765,4.22702459069489,0.004242807376691618,7.096619284295249,1.9596185135401571,1.545893307085003,16.0,0.833936992973751
2420260304020001,宇都宮競輪,1R,20:49,4-6,85.5,0.0462620946067446,2.955409088876668,0.008673874675240056,5.33349815780348,1.674007337703903,1.5727353496659606,0.0,0.8320033289790671
3620260303020007,小田原競輪,7R,11:00,5-6,84.1,0.0513930324292865,3.3221540273029984,0.008855695344840145,5.803387585304383,1.7584418135032092,1.4958520778847324,9.0,0.831376451997249
4520260304010003,豊橋競輪,3R,09:30,4-6,110.3,0.0670475822057826,6.395348317297831,0.006535312761583224,10.259276738773949,2.3281823439758833,1.3194797665089653,11.0,0.8312987252829781
7520260305010005,松山競輪,5R,13:02,6-7,93.3,0.0380337742670328,2.548551139114166,0.007884899931347356,4.823621681107377,1.5735250320614382,1.5478917107595722,13.0,0.8298475620081631
2820260307020007,立川競輪,7R,10:55,5-6,505.7,0.0280412994515602,13.180485132654022,0.0014395524600370056,19.479178571484766,2.9693461295727084,1.4565067063277635,4.0,0.8296772702209194
2820260307010001,立川競輪,1R,08:50,5-6,172.6,0.0275191311447811,3.749802035589219,0.004295535437231641,6.406449566182603,1.8573052276841704,1.526467520676954,4.0,0.8241282124047985
3620260303030005,小田原競輪,5R,10:20,6-7,122.0,0.0509306422184719,5.213538350653572,0.005970323071027656,8.5306342058931,2.143663708805479,1.4636151375384001,7.0,0.8238466748779801
5320260227020003,奈良競輪,3R,09:30,1-7,72.3,0.0745079569362911,4.386925286493848,0.009990281310698835,7.458043934062264,2.0092931726165055,1.3610722063913938,6.0,0.822942026340444
8720260304030003,熊本競輪,3R,21:29,1-6,27.7,0.0760463812157764,1.106484759677007,0.026894535642005845,2.8275774017891595,1.0394203032846858,1.4226092649859934,8.0,0.8226060352293372
3620260303020001,小田原競輪,1R,09:00,4-6,319.8,0.0441864649031839,13.130831476038228,0.0022856137662038627,19.332428574421836,2.961783922931154,1.4030274782227166,8.0,0.8219510082354888
3820260301030006,静岡競輪,6R,22:45,1-7,191.5,0.0430391502995296,7.241997282359922,0.013260083452456618,3.245767679411567,1.1773518952084934,1.4656240696270033,8.0,0.8218988823220726
3720260304030008,伊東競輪,8R,18:46,1-3,39.5,0.0509388593595415,1.012084944701889,0.018828925453359995,2.7053513745653595,0.9952318020577724,1.457076837335714,6.0,0.8215300846769146
8720260304020007,熊本競輪,7R,23:12,1-5,22.5,0.0755654900043612,0.700223525098129,0.03305341668231696,2.286162750687778,0.8268747573782298,1.419508204999528,4.0,0.819374068134552
8120260226030004,小倉競輪,4R,22:09,5-7,50.2,0.0546533456351412,1.7435979508840922,0.01472576416487072,3.7114098134077786,1.31141180806851,1.4778387568746294,11.0,0.8178822431108965
2220260307020002,前橋競輪,2R,16:26,2-3,461.1,0.036517241144266,15.838099891621066,0.0016048834238213308,22.75382783539646,3.12473338777175,1.428404624960863,7.0,0.8161405863256339
3620260308010007,小田原競輪,7R,13:35,4-6,116.7,0.0496771390932087,4.797322132177455,0.006388766742706824,7.775700864668843,2.0510035973885263,1.3828646513397047,7.0,0.8149863512361152
4320260307020008,岐阜競輪,8R,23:10,1-3,4.8,0.1205270597939015,-0.4214701129892728,0.15421303656597773,0.7815620681430149,-0.24646071045797316,1.4184991011070982,1.0,0.8148699257819072
8320260301030003,久留米競輪,3R,16:38,5-6,162.5,0.0311801050070268,4.066767063641863,0.004591794937080159,6.790395788027781,1.9155092297459781,1.5926563816889874,3.0,0.8139993928786804
8720260304030001,熊本競輪,1R,20:41,2-4,815.2,0.0764953628551559,61.35901979952312,0.00907444887296893,8.429753026058847,2.1317674745702506,1.291376554633432,6.0,0.8136034134899722
7520260305030002,松山競輪,2R,11:32,1-8,126.4,0.0266377601240535,2.3670128796803733,0.005884730307439408,4.526589788805064,1.5099688500284572,1.5606410187788704,10.0,0.8126930988747991
4520260304020001,豊橋競輪,1R,08:50,5-6,162.3,0.0358148068473307,4.812743151321781,0.004587012591498674,7.807871926469112,2.0551324461441833,1.4822233801060665,7.0,0.8109910045182169
7520260305010012,松山競輪,12R,16:20,4-7,113.6,0.02774403616374,2.15172250820087,0.006576414589858408,4.218717628037897,1.4395312022913263,1.6399850379271388,10.0,0.8044872942020651
4420260228040008,大垣競輪,8R,14:19,2-3,85.9,0.0468643436217547,3.025647117108736,0.008699553422248756,5.386982680802219,1.6839854287159068,1.5049142402290543,15.0,0.8041489806477472
3820260301030002,静岡競輪,2R,21:05,3-6,106.8,0.1026061940367216,9.958341523121874,0.006927386543932124,14.811674413027424,2.695415681522425,1.2987117901486076,8.0,0.804042507946274
3620260303010002,小田原競輪,2R,09:10,5-6,189.8,0.0364619239074988,5.920473157643277,0.003925231743347592,9.289113683543565,2.228843142870522,1.5240272592378972,5.0,0.8025317627047619
2620260304020009,西武園競輪,9R,14:36,1-6,251.7,0.0277159011858513,5.976092328478779,0.0029120268999687144,9.517735284873686,2.253156930294621,1.5694187634216612,4.0,0.7997207923685131
2620260304030001,西武園競輪,1R,11:05,1-6,72.7,0.0623643306056498,3.533886835030746,0.010295387778789633,6.057501858072226,1.8012974804636526,1.4021758363870944,9.0,0.7994662366783296
3620260303010003,小田原競輪,3R,09:31,3-6,217.3,0.0527213967954684,10.456359523655296,0.0033669882974066067,15.658324925102434,2.751002719669025,1.342345294867566,10.0,0.7969804817935389
2820260307010003,立川競輪,3R,09:31,1-4,166.6,0.027311255581934,3.55005517995022,0.00444333325378776,6.146569256876175,1.8158940817915807,1.5576238271242817,4.0,0.7917862733571175
4420260228010002,大垣競輪,2R,11:44,5-9,147.7,0.0312069260907266,3.60926298360033,0.005047875300252906,6.182190372844768,1.8216726379693369,1.5074243375850969,15.0,0.7905426753816918
3620260308010012,小田原競輪,12R,16:02,3-4,77.7,0.0437684098080085,2.400805442082264,0.009549231805063615,4.583448249755151,1.522451607826855,1.515130303468612,9.0,0.7903175890529757
4320260307010008,岐阜競輪,8R,23:10,4-6,219.5,0.0326403505129841,6.164556937600022,0.003320574588592518,9.829729654405847,2.2854114317164917,1.478624627382409,8.0,0.7881847406447082
4420260228010009,大垣競輪,9R,14:50,2-6,149.5,0.0363506998841599,4.434429632681907,0.00499157738110113,7.282407363753742,1.9854614894072222,1.4679654167030551,15.0,0.7878961231221185
8120260306030001,小倉競輪,1R,15:54,6-7,193.8,0.0269805646652424,4.228833432123985,0.003855401298466909,6.998120965766401,1.9456416795957236,1.5486809400704282,4.0,0.7859912569060183
2820260307020002,立川競輪,2R,09:10,4-5,216.5,0.0301474481952863,5.526922534279494,0.0034143241415468192,8.829697163081493,2.178120717694143,1.458471854500303,2.0,0.7816050368572068
3720260304010003,伊東競輪,3R,16:42,3-5,178.7,0.0260716708930648,3.65900758859068,0.004170889177238177,6.250866368997538,1.8327200732195406,1.5103612509739675,4.0,0.7785687868818972
2620260304020005,西武園競輪,5R,12:49,5-6,284.0,0.0321093851712463,8.11906538863396,0.002598450100958521,12.357129793273536,2.514233207721368,1.4771519964428386,3.0,0.7777563044494604
7520260305040004,松山競輪,4R,12:30,2-8,313.2,0.0134603625811248,3.215785560408311,0.002383637110313534,5.64698481880377,1.7311217423965422,1.5912892391462823,8.0,0.7776127109156072
7520260305040010,松山競輪,10R,15:12,4-6,501.4,0.0176549291197981,7.852181460666769,0.0014766514772849018,11.95605691622231,2.4812380049405975,1.5238191163569093,9.0,0.7758277698624998
8120260306010006,小倉競輪,6R,17:46,5-6,224.2,0.0220749376994009,3.949201032205698,0.003320195237091161,6.6486866332873165,1.8944193364538289,1.5722085154906988,2.0,0.7741913439196556
2220260307010002,前橋競輪,2R,16:26,5-6,101.3,0.0652197644989624,5.606762143744894,0.0072721456107069146,8.968434899594103,2.193711179211742,1.3008532387370104,9.0,0.7721881309569013
4420260228010003,大垣競輪,3R,12:10,3-4,252.7,0.0278197400378204,6.030048307557236,0.0029365639636193203,9.473568555972795,2.248505663704548,1.4802751746274632,13.0,0.7703019189858682
8320260301030002,久留米競輪,2R,16:14,4-7,169.0,0.0343202653063031,4.800124836765227,0.004385317693400261,7.826175364701086,2.057473931527086,1.429649531404327,7.0,0.7666002000567369
2220260307010001,前橋競輪,1R,16:03,3-7,258.3,0.0389055737129624,9.049309690058212,0.0028698771550365026,13.556529285976014,2.6068682974149056,1.497123963732845,8.0,0.7645589135219192
2620260304020003,西武園競輪,3R,11:57,1-6,157.6,0.0382139651259622,5.022520903851657,0.0047113618824782206,8.111023112015813,2.093224014575957,1.4841306489587007,5.0,0.7613488734114242
7520260227020005,松山競輪,5R,17:24,3-5,166.2,0.0504651718174418,7.387311556058826,0.004485783951588739,11.250022816707082,2.4203701568199287,1.3531859101589354,10.0,0.7607065756565865
2220260307020011,前橋競輪,11R,20:16,3-6,116.2,0.0355355418541499,3.1292299634522287,0.006411434394557672,5.542526003037888,1.712450354097479,1.5099611447729995,5.0,0.7602085108233918
4320260307010006,岐阜競輪,6R,22:30,2-7,133.4,0.0510709791923846,5.812868624264111,0.005550761204544398,9.200716316416594,2.21928134152367,1.3699758858225917,8.0,0.759899745194161
4520260304030004,豊橋競輪,4R,09:52,4-6,79.4,0.0667889399742088,4.3030418339521805,0.009373626006004885,7.125197860923575,1.9636374957382947,1.4481822235678024,10.0,0.7587078080899906
7520260305020008,松山競輪,8R,14:16,3-4,241.8,0.0281222795247812,5.799967189092113,0.003084107818280923,9.118448891108505,2.210299711927611,1.473107882981286,14.0,0.7586086952650316
4420260228010012,大垣競輪,12R,16:20,5-6,110.0,0.0289805194558354,2.1878571401418947,0.006796599787792947,4.263973215492543,1.4502014053334196,1.5187843943675061,18.0,0.7528979814192018
7520260305020002,松山競輪,2R,11:40,1-4,106.5,0.0422068469575472,3.495029200978779,0.007011072761592217,6.020026946909331,1.79509173556519,1.4480199033377554,15.0,0.7527719389007193
2820260307010002,立川競輪,2R,09:10,5-6,221.5,0.0359726462393641,6.967941142019162,0.003359344347136095,10.708234259855866,2.371013002534377,1.4370473779426556,6.0,0.7508632906318731
3120260304010003,松戸競輪,3R,21:45,4-5,30.7,0.056608832145898,0.7378911468790714,0.023963274532587127,2.3623162212891478,0.8596425874471126,1.4208757787565642,1.0,0.7492319470317372
3720260304020007,伊東競輪,7R,18:12,1-2,239.6,0.0387418269436901,8.28254173570817,0.0030787450037074358,12.583642648044385,2.532397768052161,1.3832080188302163,7.0,0.7478198728138494
7520260305030006,松山競輪,6R,13:22,4-8,329.3,0.0189002521172391,5.223853022206867,0.0022639518100485553,8.348345589778873,2.122063386324131,1.5607420443241342,12.0,0.7454959225064742
4420260228040003,大垣競輪,3R,11:59,2-8,153.7,0.0207407307119355,2.187850310424496,0.004841722303977069,4.2837505758260805,1.4548289286759153,1.5091565709124675,3.0,0.7413296763719215
2420260304020002,宇都宮競輪,2R,21:13,2-5,19.5,0.0761225256143157,0.4843892494791579,0.03841584158415841,1.9815399708365342,0.6838743054673908,1.4167619852489193,5.0,0.7394387862848774
4420260228010006,大垣競輪,6R,13:28,1-6,176.6,0.0375141006012261,5.62499016617654,0.00422815017883715,8.872461716265475,2.1829522906801757,1.4375074456466619,17.0,0.7389914786280812
2420260304030006,宇都宮競輪,6R,22:54,1-4,20.2,0.0693086012900846,0.4000337460597101,0.03662428713441113,1.8924218520303104,0.63785741198023,1.4328152721629535,1.0,0.736835870537284
2620260304010006,西武園競輪,6R,13:20,3-7,88.1,0.0747438106455696,5.584929717874684,0.008489221307357742,8.804554379090508,2.175269130696778,1.3818598917618257,12.0,0.7356769599468106
8320260301030008,久留米競輪,8R,18:43,1-3,43.3,0.0838548639036375,2.630915607027504,0.017158617197736325,4.887040892188745,1.5865869858091843,1.3743026456274856,10.0,0.7347108728050683
3120260304020004,松戸競輪,4R,22:09,1-6,28.5,0.0698327067011679,0.9902321409832876,0.025897556146110154,2.696497936117434,0.9919538704160452,1.3560648654822602,6.0,0.7312527674765438
2420260304010005,宇都宮競輪,5R,22:27,2-6,48.0,0.0384761048996996,0.846853035185583,0.015562602771905099,2.472343827132021,0.9051666185951452,1.5678277895898762,6.0,0.7244962748294841
3720260304030003,伊東競輪,3R,16:46,5-6,190.1,0.0550374455104875,9.462618391543687,0.003911541988635937,14.070524017463008,2.6440821140517237,1.3037949715793082,8.0,0.7232869752463817
8320260307010007,久留米競輪,7R,22:40,6-7,230.7,0.0290496046624593,5.70174379562936,0.0032451518809144524,8.951693393568288,2.1918427204092765,1.4197709872092832,6.0,0.7218884476387974
2720260301030008,京王閣競輪,8R,18:56,1-4,274.2,0.0390804487596072,9.715859049884305,0.0027209868875279013,14.3626009093893,2.6646276690688566,1.363001042480072,5.0,0.7217552312294824
4520260304030007,豊橋競輪,7R,10:55,1-5,88.3,0.0367041682323297,2.240978054914719,0.008377000169842216,4.38154082413484,1.4774004488854509,1.3966258041608053,6.0,0.7184664325561536
7520260305020001,松山競輪,1R,11:16,1-4,143.6,0.0333235545255002,3.785262429861836,0.005159529605383721,6.458641982453211,1.8654190762908294,1.4632239067185808,8.0,0.717469372326528
2820260307010005,立川競輪,5R,10:13,5-6,316.1,0.0349438593487951,10.04575394015414,0.0022600918892554537,15.461256022136986,2.7383372832343373,1.3827669134761724,5.0,0.716188857026834
2720260301030009,京王閣競輪,9R,19:22,4-7,107.3,0.0313931682722315,2.3684869556104435,0.006911436572309421,4.542205942172081,1.5134127844248937,1.479277017564222,3.0,0.7141697777261599
3820260301030003,静岡競輪,3R,21:29,1-6,34.6,0.0965689547135179,2.3412858330877224,0.021549015671268674,4.481362684133737,1.4999271707523274,1.2351916954107713,6.0,0.7133270296095156
8320260307010006,久留米競輪,6R,22:20,5-7,458.7,0.023448446740328,9.755802519788457,0.0016117185451434664,14.548723036311545,2.677503225981293,1.4787479156733563,2.0,0.7112973816687161
5620260301030003,岸和田競輪,3R,21:37,1-7,44.0,0.0481618655340027,1.1191220834961224,0.01686683254149919,2.8554184914476224,1.0492184143297787,1.470668690068691,6.0,0.7078301591350487
8320260307020006,久留米競輪,6R,22:20,1-4,29.2,0.0825588499838091,1.4107184195272269,0.025076633305019018,3.292262122124381,1.191574903631715,1.1734045536660462,6.0,0.7050442292259944
8120260306020012,小倉競輪,12R,20:30,3-6,207.5,0.0280075492787158,4.811566475333535,0.0035630136322959013,7.860634889799151,2.0618673779983197,1.4434339622476855,4.0,0.7050435481167626
6220260228010002,広島競輪,2R,09:20,5-6,145.5,0.0449927139919665,5.546439885831125,0.00506369472486128,8.885352776536843,2.184404165571843,1.382711562490295,9.0,0.7045466714725908
2820260307020004,立川競輪,4R,09:52,3-5,91.1,0.043290156616921,2.9437332678015102,0.008144930021915128,5.3149820188912,1.670529628724026,1.3800354796478391,6.0,0.7036250220419733
5320260227020005,奈良競輪,5R,10:10,6-7,151.2,0.0487918472203666,6.377327299719429,0.004918863645650717,9.919333147929247,2.294485696066707,1.3385264963927932,6.0,0.7030111026841019
2620260304020002,西武園競輪,2R,11:31,6-7,138.6,0.0304075116481173,3.214481114429069,0.005376799649053413,5.655317963691511,1.7325963350214433,1.4404315745640213,5.0,0.7006316584378242
2220260307020005,前橋競輪,5R,17:36,1-6,325.1,0.038521027975995,11.523186194995976,0.002264800438196051,17.00857493195693,2.833717624673515,1.410715319043198,5.0,0.70030129716209
2220260307020003,前橋競輪,3R,16:46,1-7,301.1,0.0356944239075397,9.747591038560222,0.0024441311226037128,14.604136235911348,2.6813047924488984,1.3369351340027684,4.0,0.7002222566291111
3120260304020003,松戸競輪,3R,21:45,5-6,24.7,0.0804529510507723,0.9871878909540776,0.030120131271263836,2.671069070832952,0.9824787933465049,1.3784637466691325,7.0,0.6963374779517667
7520260305040012,松山競輪,12R,16:20,6-9,168.9,0.0313597215663957,4.296656972564245,0.0044040600952395354,7.120638883464058,1.9629974522538065,1.4559789743752354,18.0,0.6929278685348771
7520260305040001,松山競輪,1R,11:16,3-4,186.8,0.0218647574533616,3.0843366922879483,0.004006098705827316,5.457867879315856,1.6970582152444367,1.4145555665650345,17.0,0.6909858875707674
2720260301030003,京王閣競輪,3R,16:50,2-6,104.0,0.0523918258348861,4.448749886828157,0.007095659464744436,7.383644337473775,1.9992673294119407,1.2942155268261857,11.0,0.6886829924452825
2420260304030004,宇都宮競輪,4R,22:01,3-4,12.7,0.0458571491283025,-0.417614206070558,0.058495821727019504,0.7839388827037697,-0.2434242173836163,1.4818848743946231,1.0,0.6872395236620014
2620260304010003,西武園競輪,3R,11:59,6-7,197.3,0.0343355412849901,5.774402295528555,0.003771454053150214,9.104059281116339,2.20872038893807,1.4035093399866139,5.0,0.685820108928886
3620260303030002,小田原競輪,2R,09:20,5-6,219.4,0.0425768459064222,8.341359991869039,0.003369076230925522,12.637543046061719,2.536671990580831,1.3219153522361613,7.0,0.6844019175494807
7520260227020012,松山競輪,12R,20:30,4-5,85.2,0.0261665870500796,1.2293932166667858,0.00876687320719924,2.9847114733685474,1.093503083373008,1.5198522125201386,3.0,0.6837221943674807
5520260228010001,和歌山競輪,1R,11:05,2-6,82.0,0.0450960903333734,2.6978794073366203,0.009106091234636068,4.952299418755318,1.5998519977840384,1.3693064430502115,5.0,0.6831947136308849
2620260304010010,西武園競輪,10R,15:12,1-3,121.2,0.0383968863403743,3.6537026244533735,0.005979858466959556,6.42103597369522,1.8595794713289142,1.346700861891561,6.0,0.6788711149985858
7520260305010004,松山競輪,4R,12:36,3-8,129.0,0.0388155551962811,4.007206620320263,0.005770447527561377,6.726610891817285,1.9060714346457601,1.388851767711251,13.0,0.6784925856989406
5620260301030002,岸和田競輪,2R,21:13,3-7,221.4,0.0216867166120179,3.801439057900764,0.0033528114263097,6.468218413768455,1.8669007095533032,1.5230511866220235,2.0,0.6782992896596854
7520260305030011,松山競輪,11R,15:49,4-6,425.6,0.0170185219976253,6.24308296218936,0.001742402111823059,9.767275804120613,2.279037594491393,1.490295879763045,12.0,0.6782305834718579
4420260228040009,大垣競輪,9R,14:48,3-9,139.4,0.0321157601690177,3.4769369675610804,0.005342531813435888,6.01133718703157,1.7936472175126625,1.4183434425326622,13.0,0.6773739183429991
2420260304020006,宇都宮競輪,6R,22:54,2-3,31.5,0.0884673076451058,1.786720190820834,0.09069901790872328,0.9753943282292339,-0.024913450527007823,1.2301587388266346,3.0,0.676425415573465
7520260305020009,松山競輪,9R,14:44,2-4,235.2,0.0362134360995111,7.51740017060502,0.003101412380037074,11.676433718047447,2.457572598445328,1.2940998402364357,14.0,0.6755482231158014
7520260305010006,松山競輪,6R,13:28,4-5,440.3,0.0190246930112782,7.376572332865829,0.0016810252226443678,11.317315614118947,2.426333908144349,1.518272820170397,11.0,0.6740467193830797
3620260303030001,小田原競輪,1R,09:00,6-7,303.9,0.0294063148721025,7.936579089631955,0.002438786267433126,12.057766296591256,2.489708958307096,1.3554580912408878,4.0,0.6734575219395189
2420260304020007,宇都宮競輪,7R,23:21,5-6,67.5,0.0488221913260765,2.295497914510168,0.011047956683139997,4.419115020261048,1.48593945440266,1.4380821109401032,4.0,0.6731941321276772
3620260303020003,小田原競輪,3R,09:40,6-7,140.4,0.0290124373820118,3.0733462084344634,0.00528455079137857,5.4900479760462915,1.7029369943239703,1.4992269173677297,5.0,0.6708370892646821
3720260304010010,伊東競輪,10R,19:38,2-6,59.5,0.0414864591769272,1.4684443210271725,0.012498852361144792,3.3192214752913647,1.1997302600599902,1.421079928622987,5.0,0.6707301775581241
8320260301030011,久留米競輪,11R,20:02,6-7,41.2,0.0696826358964491,1.870924598933703,0.01809785516429004,3.8503256468807288,1.3481577283424364,1.2643147834265365,12.0,0.670066000549314
8720260304010006,熊本競輪,6R,22:45,3-5,70.5,0.0538339475243946,2.795293300469824,0.010402190764418567,5.175250938808216,1.6438878285853373,1.254691651379859,2.0,0.668813058575991
2420260304030007,宇都宮競輪,7R,23:21,4-7,135.7,0.0291333742179948,2.9533988813818977,0.0054676849229709015,5.328283290478397,1.6730291019937655,1.4198100986932867,0.0,0.6685597371929798
7520260305030004,松山競輪,4R,12:26,1-6,220.7,0.0185207607298348,3.087531893074555,0.003377630556525776,5.483358944798824,1.7017178593703364,1.5159870521065155,9.0,0.6684077316139465
5620260301030005,岸和田競輪,5R,22:27,2-7,33.4,0.0605196281242891,1.0213555793512588,0.022242562828050923,2.720892758151262,1.0009600463806108,1.4040459948440926,9.0,0.6646849070513017
2620260304020004,西武園競輪,4R,12:23,1-3,123.1,0.0437712064719377,4.388235516695535,0.005900357596953629,7.418398926722423,2.0039632558489435,1.3327699922918672,8.0,0.6637918874979576
2220260307010006,前橋競輪,6R,18:04,1-7,381.2,0.0410481031731842,14.64753692961784,0.0019200499915314078,21.37866374982564,3.0623934036598985,1.1472881733821245,8.0,0.6597169639003161
5320260227020002,奈良競輪,2R,09:10,1-7,357.6,0.0203131057266555,6.263966607852017,0.0020453520509317097,9.931349328088052,2.295696352871699,1.4469552576195115,3.0,0.6584104561456435
2820260307010007,立川競輪,7R,10:55,1-3,65.4,0.0665962952552745,3.3553977096949525,0.011173254327134724,5.960331099559975,1.7851260331666747,1.2382538528345866,6.0,0.6575025642218579
3720260304010009,伊東競輪,9R,19:12,5-6,110.4,0.0264598126270205,1.9211633140230675,0.006763825629624697,3.911959602745807,1.3640384256605749,1.5461551422859228,3.0,0.6572551433964269
6220260228010006,広島競輪,6R,10:40,6-7,345.8,0.0219048654014069,6.574702455806517,0.0021583639143190106,10.148828585363612,2.3173582885641624,1.3744930844400103,3.0,0.6554804156328095
2220260307010007,前橋競輪,7R,18:30,6-7,82.1,0.0476362411776599,2.9109354006858803,0.00901057574867328,5.286703369580704,1.6651948700791241,1.368489476670576,5.0,0.6546435393648751
8720260304030002,熊本競輪,2R,21:05,2-6,52.5,0.0685435901884211,2.5985384848921105,0.013962804522765802,4.909013090583232,1.5910729217366197,1.1561628476319228,5.0,0.6538200848819243
8720260304020002,熊本競輪,2R,21:05,1-3,16.5,0.0771087878401533,0.2722949993625307,0.045328911000552786,1.7010950878019522,0.5312722129824218,1.384625260687461,5.0,0.653166508392053
7520260305010008,松山競輪,8R,14:22,5-6,219.8,0.0254810358946488,4.600731689643817,0.003390910805715345,7.514510804644659,2.016835925269688,1.4097515709548007,7.0,0.6505255817796439
8120260306030012,小倉競輪,12R,20:30,1-7,49.7,0.0733020672739205,2.643112743513852,0.014844772586869254,4.937904359263877,1.5969410224347396,1.2052183961404688,8.0,0.6491150902419666
4420260228040012,大垣競輪,12R,16:20,3-8,140.5,0.0291057472521221,3.0893574889231665,0.005294168319839452,5.497699636324945,1.7043297568417974,1.4039743996262162,13.0,0.6477720946769884
7520260305020010,松山競輪,10R,15:12,2-5,274.3,0.0325457896364627,7.927310097281721,0.0026757231464751515,12.163362142743859,2.4984283303538395,1.3377546267449931,13.0,0.6454589270953638
2620260304010009,西武園競輪,9R,14:44,2-4,168.7,0.0386711104919395,5.523816339990209,0.004271343465698806,9.05361762486107,2.203164415417632,1.265907513162709,4.0,0.643193174070074
8120260306020007,小倉競輪,7R,18:17,1-7,93.7,0.0394178210569081,2.693449833032296,0.007902729493462792,4.987874263509462,1.6070098197286173,1.215170218497745,7.0,0.6429906223447553
5520260228010008,和歌山競輪,8R,14:08,2-3,62.4,0.0515305201504861,2.2155044573903377,0.011888574779173277,4.334457334315984,1.466596420020551,1.3361801263606754,6.0,0.6397274596713005
2220260307020006,前橋競輪,6R,18:02,4-7,291.5,0.0312741078458468,8.116402437064364,0.0025526102690330513,12.25181462795018,2.50567405894601,1.3056529038865625,2.0,0.6383785717583379
3620260303010006,小田原競輪,6R,10:34,2-3,158.1,0.0397032894673562,5.27709006478903,0.004694603672319677,8.45721859184781,2.1350203479368766,1.2882071277029694,6.0,0.6381786132486246
8120260306030003,小倉競輪,3R,16:35,2-6,67.9,0.0665966720418746,3.521914031643285,0.01099005434682805,6.059721811570114,1.8016638933610414,1.3265687971814266,9.0,0.6371988141758536
2720260301030005,京王閣競輪,5R,17:38,6-7,208.9,0.0221939576386343,3.6363177507107247,0.003507691693275087,6.327225871890941,1.8448618892550486,1.4628038192625619,1.0,0.635911629472639
3720260304020005,伊東競輪,5R,17:24,6-7,220.0,0.03604310821671,6.929483807676206,0.003273641592209619,11.010096001795905,2.3988126702334833,1.3097170555907096,3.0,0.6343712229899353
7320260301030002,小松島競輪,2R,21:21,4-5,87.4,0.0352700307443775,2.0826006870585982,0.00850978346492491,4.144644912012938,1.4218171183628923,1.3397341037398576,5.0,0.6329900188985336
4520260304030001,豊橋競輪,1R,08:50,2-4,149.0,0.0291502455700488,3.343386589937276,0.004983456337099597,5.849403223860695,1.766339643059123,1.378128603426557,3.0,0.631883872864433
6220260228010004,広島競輪,4R,10:00,2-3,148.2,0.0360715035517689,4.3457968263721565,0.0049538690944212925,7.281480971127935,1.9853342716472113,1.31316057099283,3.0,0.6311099798640776
2220260307010003,前橋競輪,3R,16:50,5-6,285.2,0.0396227780038072,10.300416286685824,0.0025800530829211995,15.357349912966894,2.7315941811515723,1.2388821456977013,6.0,0.6307703168371509
8120260306020011,小倉競輪,11R,20:02,1-7,120.8,0.0712250428462102,7.603985175822199,0.005977192532732762,11.916136621707599,2.4778935001994493,1.2102273283639946,11.0,0.6209428683249997
8120260306020006,小倉競輪,6R,17:51,3-6,148.2,0.0270647712077352,3.010999092986358,0.004977872032521032,5.437016264275337,1.693230429602426,1.4205297962066636,2.0,0.6195252862306702
3720260304030011,伊東競輪,11R,20:04,4-6,117.5,0.0552453584086136,5.4913296130121045,0.006333749460418079,8.722378228747395,2.1658919334087177,1.2829680837179975,9.0,0.6190311968523282
2620260304030002,西武園競輪,2R,11:28,5-6,341.6,0.0225250807088546,6.6945675701447325,0.0021638707821276314,10.409623755951422,2.3427307394582124,1.3368880661891651,3.0,0.618463665054674
7520260305030005,松山競輪,5R,12:54,3-5,62.2,0.0469950494857872,1.9230920780159653,0.011929542712134863,3.939383982761043,1.371024361554221,1.2860912216680633,8.0,0.6132469894856465
8320260307020005,久留米競輪,5R,22:00,1-4,14.2,0.0631917781775064,-0.1026767498794083,0.052455357142857144,1.204677303105667,0.18621173284152956,1.371228089976167,3.0,0.6103182807508644
3620260303020006,小田原競輪,6R,10:40,3-5,96.5,0.0372853553463768,2.5980367909253634,0.007673274001970302,4.859119501264225,1.5808572489461106,1.2994925141072486,7.0,0.6098876768025286
8120260306030005,小倉競輪,5R,17:23,5-6,77.3,0.033738860915487,1.608013948767149,0.009649671047772788,3.496374202287216,1.2517264893623592,1.4029872781984396,2.0,0.6091381682190924
3120260304020005,松戸競輪,5R,22:36,2-7,54.7,0.0603112066334717,2.2990230028509067,0.013509947304905469,4.464207392364029,1.4960916828793207,1.1269457435618166,2.0,0.6035334419695572
2720260301030004,京王閣競輪,4R,17:14,2-6,189.9,0.0301465241176895,4.724824929949252,0.00386639487930832,7.797062910264745,2.0537471128499183,1.3272578314316812,4.0,0.6031003355500859
2620260304010011,西武園競輪,11R,15:41,1-6,74.7,0.072998683808546,4.453001680498393,0.00991304867063069,7.3638984561283065,1.996589474061906,1.2184045777367156,10.0,0.6000496924757226
5520260228010004,和歌山競輪,4R,12:23,3-6,76.1,0.0701995039568925,4.342182251119524,0.009728085318024729,7.216168614352801,1.9763241492356054,1.2002348807500227,10.0,0.5988325104239342
3620260308010003,小田原競輪,3R,11:52,1-5,108.5,0.0517627523749775,4.616258632685068,0.006831776428183093,7.576763219865351,2.0250860926274705,1.2346713662435227,3.0,0.5972400827103009
7520260227020007,松山競輪,7R,18:12,4-5,30.1,0.1022551859543998,2.0778810972274364,0.02455074698390443,4.165053960161525,1.4267292311656765,1.2098303100507604,6.0,0.5965781506222758
4320260307020007,岐阜競輪,7R,22:50,2-5,157.5,0.0787218141023108,11.398685721113962,0.020352691286059276,3.867882286032806,1.3527071443673466,1.146851766352632,5.0,0.5890523307784449
4420260228040011,大垣競輪,11R,15:49,4-6,559.6,0.0134808434943422,6.543880019433912,0.00132082315552515,10.206395479776333,2.3230145316983384,1.4271016445955231,5.0,0.5850675779564078
7520260227020011,松山競輪,11R,20:00,3-4,91.9,0.0293922699081493,1.7011496045589245,0.00811987728681112,3.6197923769452176,1.2864166697918509,1.3536537486681748,7.0,0.5809592572272096
8320260301030005,久留米競輪,5R,17:26,1-5,198.6,0.024482667482918,3.8622577621075287,0.003759047289354903,6.512997999715646,1.8737998724832516,1.3634839947043675,1.0,0.5798137820408807
5520260228010006,和歌山競輪,6R,13:15,1-2,238.1,0.0371543536077264,7.846451593999657,0.0031236608522326632,11.894490264292141,2.4760752899247525,1.2241163918041167,3.0,0.5791605352323954
3120260304030005,松戸競輪,5R,22:36,1-4,10.5,0.07983174208694,-0.1617667080871301,0.07133058984910837,1.119179615010834,0.11259593032267834,1.2092095255130435,1.0,0.5769000044906549
4420260228010007,大垣競輪,7R,13:54,6-7,144.9,0.030820458878671,3.465884491519441,0.005159125865981794,5.973969171002542,1.787411559284515,1.3601291093969483,11.0,0.5719891708355975
7520260305030001,松山競輪,1R,11:05,5-6,35.8,0.0506681520611025,0.8139198437874724,0.020851836418356463,2.429913176091674,0.8878555267304352,1.3289825479146053,10.0,0.5701251786133577
2620260304030011,西武園競輪,11R,15:28,1-7,107.1,0.0310697174009949,2.327566733646562,0.006928290464264504,4.484470961020648,1.5006205311764256,1.3098142371439758,3.0,0.5680204629686181
3720260304020003,伊東競輪,3R,16:36,5-6,423.2,0.0185059498811959,6.831717989722144,0.0017525933630161796,10.559180618365652,2.356995682363865,1.3987977473930018,3.0,0.5670358895754144
8320260307010003,久留米競輪,3R,21:20,5-6,223.2,0.0611644228232109,12.65189917414069,0.003223695455819543,18.973387419032115,2.943037335182419,1.1136991265873024,9.0,0.5661842422496188
2420260304010003,宇都宮競輪,3R,21:37,1-4,16.8,0.091356468579493,0.5347886721354826,0.044453238359055534,2.0551139118265778,0.7203312779686525,1.2389082535893943,8.0,0.5654606467975803
3620260308010010,小田原競輪,10R,14:58,2-6,170.9,0.0371760070256268,5.353379600679622,0.0043423740160822,8.56121717737403,2.1472423736904567,1.1763040969507652,5.0,0.5626712179569258
4320260307010003,岐阜競輪,3R,21:30,2-7,97.4,0.0540805162694391,4.267442284643373,0.007638763019625623,7.07974787585567,1.9572382963351924,1.2293096426758443,5.0,0.5623571744929837
2620260304020012,西武園競輪,12R,16:04,2-6,272.2,0.0290579367568058,6.909570385202547,0.002723220764286853,10.670430075743402,2.3674763715407754,1.26056530155702,6.0,0.5585188482196838
2220260307010009,前橋競輪,9R,19:22,1-6,174.3,0.0467204452925167,7.143373614485675,0.0042447333057498565,11.00668567757205,2.398502877061112,1.1346449683888007,7.0,0.558317591440964
4520260304030003,豊橋競輪,3R,09:31,3-4,67.2,0.0429886587589476,1.8888378686012808,0.011028766353612784,3.897866486306293,1.3604293486765364,1.2514190972493855,5.0,0.5559954827045785
8320260307010002,久留米競輪,2R,21:00,4-7,190.2,0.0373330543106832,6.100746929891944,0.0038774164890200587,9.628332268863401,2.264710030035908,1.2133806196333006,5.0,0.5542583409003701
8120260306020009,小倉競輪,9R,19:09,6-7,185.7,0.0221366631889786,3.110778354193341,0.003969189054717239,5.57712491852532,1.7186733960766398,1.3527526655410993,2.0,0.5526345555452432
7520260305030003,松山競輪,3R,11:59,3-8,214.6,0.0143985390409249,2.089926478182491,0.003482319511839552,4.134755293946031,1.419428147578961,1.4170233370815393,8.0,0.5500486087385383
5520260228010009,和歌山競輪,9R,14:36,6-7,96.5,0.0355397485237869,2.429585732545444,0.007755808448067063,4.582339643530254,1.5222097069190517,1.3010077243934568,4.0,0.5496648587248515
7520260305020007,松山競輪,7R,13:48,2-4,148.7,0.0349051307756805,4.190392946343698,0.004976563564244607,7.013902327994247,1.9478942263565848,1.2800776852247646,10.0,0.5477212753577992
3720260304030001,伊東競輪,1R,16:06,1-2,155.1,0.0295234751480774,3.579090995466814,0.004823617997641472,6.1206080490603565,1.8116614460444094,1.211550220130464,4.0,0.5458463329846373
2620260304020001,西武園競輪,1R,11:05,1-5,22.0,0.1033907884551452,1.2745973460131963,0.03380281984626201,3.058643891909501,1.117971645165377,1.1015662622170088,4.0,0.5400666722716234
8720260304030006,熊本競輪,6R,22:45,2-5,6.7,0.0926348370391765,-0.3793465918375169,0.11036789297658864,0.8393277658928125,-0.17515398622696107,1.1640585286355691,2.0,0.5352717477840059
2720260301030001,京王閣競輪,1R,16:03,3-5,40.2,0.0574045456296724,1.3076627343128346,0.018465034175270297,3.1088242286301253,1.1342445931915623,1.2359569019021983,3.0,0.5290384310140396
7520260305010001,松山競輪,1R,11:18,7-8,160.5,0.0317517356863346,4.096153577656708,0.004631177439641714,6.8560827334516805,1.925136248560418,1.2335614129816277,14.0,0.5255153535219984
2820260307010006,立川競輪,6R,10:34,1-4,518.0,0.0181353590663735,8.394115996381494,0.0014208620182337246,12.76363138776414,2.546599829000866,1.2993047056248934,2.0,0.5184668088692228
2620260304030010,西武園競輪,10R,14:58,3-6,159.8,0.0341015169838113,4.449422414013054,0.004641368610449421,7.347297712939453,1.9943325875477829,1.2768072913478983,3.0,0.516970094264471
8120260306020005,小倉競輪,5R,17:26,4-6,132.0,0.0391299643637474,4.165155296014669,0.005614648743064584,6.969263109310779,1.9415094960110175,1.249664829028552,5.0,0.5158258897124531
4420260228040001,大垣競輪,1R,11:05,3-4,96.5,0.0441131005248465,3.2569142006476888,0.007681600453305794,5.742696562683058,1.7479288844795393,1.2308624642930908,3.0,0.5121575381292818
7520260305010011,松山競輪,11R,15:48,4-7,175.1,0.0366117782768282,5.410722376272624,0.004085437602511675,8.961531622795611,2.192941152449721,1.134901950046107,7.0,0.511158855801491
3620260303030004,小田原競輪,4R,10:00,3-5,63.2,0.04777754753928,2.0195410044824964,0.01171079784795357,4.079785865618815,1.4060445031427147,1.168834333269836,5.0,0.5105884931888378
8320260301030010,久留米競輪,10R,19:35,5-6,559.9,0.0342081945049224,18.153168103306086,0.0013351875526215987,25.620516317827537,3.2433934492154224,1.1628565345652444,3.0,0.5079990988285819
3820260301030001,静岡競輪,1R,20:41,3-6,95.8,0.0555672602141103,4.323343528511772,0.007800969854352,7.1231220277036895,1.9633461163715684,1.1010216329901006,3.0,0.48390363280659665
3120260304030003,松戸競輪,3R,21:45,1-7,19.5,0.0610803067682939,0.1910659819817315,0.03794481864968277,1.6097140252690294,0.47605653917921903,1.2116200658626748,2.0,0.48309534838797275
4520260304010004,豊橋競輪,4R,09:50,5-7,96.5,0.0620473277201305,4.987567124992595,0.00756438457275677,8.202561241451447,2.1044464520347748,1.069150569368232,8.0,0.4807416546579054
4520260304010006,豊橋競輪,6R,10:30,2-3,210.8,0.0372253281261601,6.847099168994556,0.0034510364498822146,10.786709632303046,2.3783147867583283,1.1981859254536846,4.0,0.4748502861827202
7520260305020005,松山競輪,5R,12:56,1-8,174.3,0.026915711522323,3.691408518340916,0.004201301144579059,6.406518026122892,1.8573159137247017,1.2033942014977814,12.0,0.47360200467396174
4520260304020005,豊橋競輪,5R,10:10,3-6,199.1,0.031319222301961,5.235657160320436,0.003731951072791468,8.392184592640518,2.1273008671471807,1.2472960111910945,1.0,0.46943947906720607
8120260306010004,小倉競輪,4R,16:58,2-4,223.8,0.0341598982291086,6.644985223674512,0.003211214285330036,10.637688794088088,2.3644032417466514,1.0960724472355399,2.0,0.46598282637487776
7520260305010002,松山競輪,2R,11:44,4-6,789.5,0.0074440992099617,4.877116326264777,0.0009418268108857596,7.903893917669276,2.0673555391423237,1.4014023511860882,3.0,0.4648517947698143
4320260307020003,岐阜競輪,3R,21:30,1-3,42.0,0.0674884471222818,1.834514779135838,0.017857142857142853,3.7793530386361383,1.3295528411978672,1.1037343448058825,1.0,0.46401820194852994
7520260305040003,松山競輪,3R,12:04,2-3,124.9,0.0247898475953028,2.096251964653331,0.005949993205049583,4.166365697711726,1.4270441205224027,1.2434113522566246,7.0,0.4626835367619453
7520260305020006,松山競輪,6R,13:22,4-7,253.5,0.0215585583566765,4.465094543417501,0.002928504103472966,7.361628185443957,1.9962811291698102,1.2656980909394142,8.0,0.45185893856146664
4420260228010008,大垣競輪,8R,14:22,3-5,100.2,0.0321609647159434,2.222528664537537,0.007465774887138655,4.30778655904018,1.4604242128425318,1.2232713022524595,15.0,0.45156748394472845
8120260306020002,小倉競輪,2R,16:14,1-7,21.8,0.1148483205869992,1.5036933887965835,0.03399320638327142,3.378566860940169,1.217451613948823,0.9618051036640618,5.0,0.448288464803155
3720260304010001,伊東競輪,1R,15:54,1-6,222.4,0.0243180477784218,4.408333825921012,0.00335379535640162,7.250903882597775,1.981126134598377,1.2707496290304907,2.0,0.43613311044755554
4520260304010001,豊橋競輪,1R,08:50,2-7,112.5,0.0348477034351224,2.9203666364512704,0.0065706041829943565,5.303576727389782,1.6683814471995446,1.1475639830251958,2.0,0.42614066925689487
3620260308010002,小田原競輪,2R,11:28,2-3,95.7,0.0349605159895512,2.3457213802000547,0.0077861561040092255,4.490086702353597,1.5018720116973527,1.1609123996388528,1.0,0.41537139088627384
4320260307020004,岐阜競輪,4R,21:50,1-6,9.7,0.0693398111022371,-0.3274038323082995,0.07637231503579953,0.9079181516080288,-0.09660104583025149,1.0836391796091915,0.0,0.4144586971156843
2220260307020004,前橋競輪,4R,17:10,1-6,392.1,0.0188236953197133,6.380770934859623,0.0018916833382856628,9.950764448145692,2.2976493772317985,1.2049439814764398,0.0,0.41358659694861866
5520260228010007,和歌山競輪,7R,13:41,1-3,195.3,0.0507694167220806,8.915267085822352,0.0038050087274077446,13.342785876689888,2.5909758550374775,0.9751059060706657,4.0,0.4108883200611865
3720260304020004,伊東競輪,4R,17:00,5-7,58.2,0.0601463772399447,2.500519155364786,0.012780999970113704,4.7059210840999395,1.5488215209716594,1.0401289502911286,8.0,0.40717633091192784
5320260227020007,奈良競輪,7R,10:50,1-6,384.6,0.0302507050474534,10.634421161250613,0.0019200672905839164,15.75502336821683,2.7571592584666362,1.1126856204259563,2.0,0.4053291901227942
7520260305010007,松山競輪,7R,13:54,8-9,218.8,0.0170890347213609,2.739080797033776,0.00339934639289381,5.027153088034115,1.6148538374650274,1.292868116018758,7.0,0.3997314242419543
4320260307010001,岐阜競輪,1R,20:50,2-7,137.4,0.046280361011046,5.358921602917728,0.0052568168869468355,8.80387542452935,2.175192013713989,1.0977682843824674,5.0,0.39941882455928845
8120260306020003,小倉競輪,3R,16:38,4-7,85.5,0.0572182448641693,3.892159935886477,0.008695131613986736,6.580492095777964,1.8841095291507206,1.06068951598162,7.0,0.39374070736386424
4520260304030006,豊橋競輪,6R,10:34,5-6,48.2,0.068497704272398,2.3015893459295844,0.015341563900864141,4.464844960432939,1.4962344904329008,1.0111351726821127,11.0,0.3809202451699951
2220260307010005,前橋競輪,5R,17:38,6-7,500.5,0.029372716761659,13.701044739210351,0.0014686812027753012,19.999382225465478,2.9957013843842435,1.0700271459985566,3.0,0.38075740327704055
8120260306020004,小倉競輪,4R,17:02,5-7,173.7,0.0326661873023414,4.674116734416713,0.004291089772751219,7.612562082052414,2.029799788311195,1.1446623895713313,2.0,0.3796949237346602
3720260304030002,伊東競輪,2R,16:26,2-3,98.7,0.0325039535544694,2.208140215826137,0.007366270548522196,4.412538656563155,1.4844501829460053,1.1100159082005905,1.0,0.37496876641210986
4420260228040006,大垣競輪,6R,13:22,2-8,98.6,0.0322779892965533,2.1826097446401604,0.007542759481952953,4.279334289990728,1.4537974578053365,1.1382823628502403,13.0,0.36759213081143705
4520260304010007,豊橋競輪,7R,10:50,2-6,97.5,0.0283582126140524,1.7649257298701122,0.007622210986200106,3.7204706956648184,1.3138501914086278,1.1590513115008596,1.0,0.3490657000271662
3620260308010001,小田原競輪,1R,11:05,2-5,103.9,0.0390073502305155,3.052863688950568,0.0070373854236789185,5.542875354492214,1.7125133831984183,1.0313249034537706,6.0,0.3445348569292712
4520260304010002,豊橋競輪,2R,09:10,3-5,43.0,0.0656982236758745,1.8250236180626032,0.017167494795890106,3.8268963790672443,1.3420541298098143,0.9847603240413544,6.0,0.338860770244479
8120260306020008,小倉競輪,8R,18:43,3-7,28.3,0.073611907290056,1.0832169763085848,0.02631156356859665,2.797701744153111,1.0287982744897295,0.9527538731763352,6.0,0.3359611159124163
8320260307010008,久留米競輪,8R,23:00,6-7,649.5,0.0115991707129136,6.533661378037419,0.0011283749403907704,10.279535894883598,2.330155112682001,1.2191257336932826,0.0,0.3132991270589356
7520260305020012,松山競輪,12R,16:20,3-7,129.9,0.0351924118518902,3.571494299560541,0.005548697013577781,6.342464142379939,1.8472673589570152,1.0306408695191476,8.0,0.30414204473295947
8720260304020001,熊本競輪,1R,20:41,2-5,56.6,0.0483070542548361,1.734179270823724,0.013062547008548316,3.6981343852408832,1.3078284723039586,0.9948552938290198,3.0,0.2673226933202343
8320260307020004,久留米競輪,4R,21:40,1-2,17.2,0.1421539704464087,1.4450482916782308,0.20011600928074244,0.7103578117344462,-0.34198647569566804,0.6310938776607633,0.0,0.14448176183393246
